<?xml version="1.0" encoding="UTF-8"?>
<gpx version="1.1" creator="Kampot Riders PWA" xmlns="http://www.topografix.com/GPX/1/1">
  <metadata><name>KampotRiders_Bokor_et_colline</name><time>2026-05-10T02:25:55.627Z</time></metadata>
  <trk>
    <name>KampotRiders_Bokor_et_colline</name>
    <trkseg>
      <trkpt lat="10.6013533" lon="104.1857083"><ele>-7.2</ele><time>2026-05-02T00:37:00.010Z</time></trkpt>
      <trkpt lat="10.6013539" lon="104.1857027"><ele>-7.2</ele><time>2026-05-02T00:37:01.011Z</time></trkpt>
      <trkpt lat="10.6013549" lon="104.1856978"><ele>-7.2</ele><time>2026-05-02T00:37:02.011Z</time></trkpt>
      <trkpt lat="10.6013592" lon="104.1856895"><ele>-7.2</ele><time>2026-05-02T00:37:42.013Z</time></trkpt>
      <trkpt lat="10.6013605" lon="104.1856792"><ele>-7.2</ele><time>2026-05-02T00:37:43.013Z</time></trkpt>
      <trkpt lat="10.6013621" lon="104.1856624"><ele>-7.2</ele><time>2026-05-02T00:37:44.011Z</time></trkpt>
      <trkpt lat="10.6013587" lon="104.1856478"><ele>-7.2</ele><time>2026-05-02T00:37:45.012Z</time></trkpt>
      <trkpt lat="10.6013528" lon="104.1856300"><ele>-7.2</ele><time>2026-05-02T00:37:46.011Z</time></trkpt>
      <trkpt lat="10.6013482" lon="104.1856087"><ele>-7.2</ele><time>2026-05-02T00:37:47.011Z</time></trkpt>
      <trkpt lat="10.6013428" lon="104.1855864"><ele>-7.2</ele><time>2026-05-02T00:37:48.012Z</time></trkpt>
      <trkpt lat="10.6013331" lon="104.1855628"><ele>-7.2</ele><time>2026-05-02T00:37:49.011Z</time></trkpt>
      <trkpt lat="10.6013173" lon="104.1855403"><ele>-7.2</ele><time>2026-05-02T00:37:50.012Z</time></trkpt>
      <trkpt lat="10.6012982" lon="104.1855172"><ele>-7.2</ele><time>2026-05-02T00:37:51.012Z</time></trkpt>
      <trkpt lat="10.6012813" lon="104.1854909"><ele>-7.2</ele><time>2026-05-02T00:37:52.012Z</time></trkpt>
      <trkpt lat="10.6012682" lon="104.1854663"><ele>-7.2</ele><time>2026-05-02T00:37:53.012Z</time></trkpt>
      <trkpt lat="10.6012538" lon="104.1854417"><ele>-7.2</ele><time>2026-05-02T00:37:54.012Z</time></trkpt>
      <trkpt lat="10.6012401" lon="104.1854176"><ele>-7.2</ele><time>2026-05-02T00:37:55.011Z</time></trkpt>
      <trkpt lat="10.6012294" lon="104.1853930"><ele>-7.2</ele><time>2026-05-02T00:37:56.011Z</time></trkpt>
      <trkpt lat="10.6012212" lon="104.1853676"><ele>-7.2</ele><time>2026-05-02T00:37:57.012Z</time></trkpt>
      <trkpt lat="10.6012120" lon="104.1853406"><ele>-7.2</ele><time>2026-05-02T00:37:58.012Z</time></trkpt>
      <trkpt lat="10.6011994" lon="104.1853140"><ele>-7.2</ele><time>2026-05-02T00:37:59.013Z</time></trkpt>
      <trkpt lat="10.6011875" lon="104.1852856"><ele>-7.2</ele><time>2026-05-02T00:38:00.010Z</time></trkpt>
      <trkpt lat="10.6011722" lon="104.1852566"><ele>-7.2</ele><time>2026-05-02T00:38:01.011Z</time></trkpt>
      <trkpt lat="10.6011531" lon="104.1852262"><ele>-7.2</ele><time>2026-05-02T00:38:02.011Z</time></trkpt>
      <trkpt lat="10.6011374" lon="104.1851950"><ele>-7.2</ele><time>2026-05-02T00:38:03.012Z</time></trkpt>
      <trkpt lat="10.6011212" lon="104.1851638"><ele>-7.2</ele><time>2026-05-02T00:38:04.011Z</time></trkpt>
      <trkpt lat="10.6011049" lon="104.1851317"><ele>-7.2</ele><time>2026-05-02T00:38:05.011Z</time></trkpt>
      <trkpt lat="10.6010882" lon="104.1850981"><ele>-7.2</ele><time>2026-05-02T00:38:06.011Z</time></trkpt>
      <trkpt lat="10.6010710" lon="104.1850645"><ele>-7.2</ele><time>2026-05-02T00:38:07.011Z</time></trkpt>
      <trkpt lat="10.6010578" lon="104.1850308"><ele>-7.2</ele><time>2026-05-02T00:38:08.010Z</time></trkpt>
      <trkpt lat="10.6010474" lon="104.1849971"><ele>-7.2</ele><time>2026-05-02T00:38:09.011Z</time></trkpt>
      <trkpt lat="10.6010380" lon="104.1849657"><ele>-7.2</ele><time>2026-05-02T00:38:10.011Z</time></trkpt>
      <trkpt lat="10.6010278" lon="104.1849354"><ele>-7.2</ele><time>2026-05-02T00:38:11.012Z</time></trkpt>
      <trkpt lat="10.6010156" lon="104.1849070"><ele>-7.2</ele><time>2026-05-02T00:38:12.011Z</time></trkpt>
      <trkpt lat="10.6010038" lon="104.1848787"><ele>-7.2</ele><time>2026-05-02T00:38:13.011Z</time></trkpt>
      <trkpt lat="10.6009928" lon="104.1848499"><ele>-7.2</ele><time>2026-05-02T00:38:14.012Z</time></trkpt>
      <trkpt lat="10.6009821" lon="104.1848226"><ele>-7.2</ele><time>2026-05-02T00:38:15.011Z</time></trkpt>
      <trkpt lat="10.6009716" lon="104.1847960"><ele>-7.2</ele><time>2026-05-02T00:38:16.011Z</time></trkpt>
      <trkpt lat="10.6009638" lon="104.1847661"><ele>-7.2</ele><time>2026-05-02T00:38:17.011Z</time></trkpt>
      <trkpt lat="10.6009597" lon="104.1847351"><ele>-7.3</ele><time>2026-05-02T00:38:18.011Z</time></trkpt>
      <trkpt lat="10.6009518" lon="104.1847025"><ele>-7.3</ele><time>2026-05-02T00:38:19.011Z</time></trkpt>
      <trkpt lat="10.6009422" lon="104.1846699"><ele>-7.3</ele><time>2026-05-02T00:38:20.011Z</time></trkpt>
      <trkpt lat="10.6009307" lon="104.1846372"><ele>-7.3</ele><time>2026-05-02T00:38:21.011Z</time></trkpt>
      <trkpt lat="10.6009186" lon="104.1846033"><ele>-7.3</ele><time>2026-05-02T00:38:22.012Z</time></trkpt>
      <trkpt lat="10.6009071" lon="104.1845690"><ele>-7.3</ele><time>2026-05-02T00:38:23.012Z</time></trkpt>
      <trkpt lat="10.6008966" lon="104.1845345"><ele>-7.3</ele><time>2026-05-02T00:38:24.013Z</time></trkpt>
      <trkpt lat="10.6008861" lon="104.1844990"><ele>-7.3</ele><time>2026-05-02T00:38:25.011Z</time></trkpt>
      <trkpt lat="10.6008753" lon="104.1844624"><ele>-7.3</ele><time>2026-05-02T00:38:26.012Z</time></trkpt>
      <trkpt lat="10.6008649" lon="104.1844255"><ele>-7.3</ele><time>2026-05-02T00:38:27.012Z</time></trkpt>
      <trkpt lat="10.6008545" lon="104.1843886"><ele>-7.3</ele><time>2026-05-02T00:38:28.011Z</time></trkpt>
      <trkpt lat="10.6008427" lon="104.1843513"><ele>-7.3</ele><time>2026-05-02T00:38:29.011Z</time></trkpt>
      <trkpt lat="10.6008319" lon="104.1843135"><ele>-7.3</ele><time>2026-05-02T00:38:30.012Z</time></trkpt>
      <trkpt lat="10.6008219" lon="104.1842754"><ele>-7.3</ele><time>2026-05-02T00:38:31.010Z</time></trkpt>
      <trkpt lat="10.6008083" lon="104.1842379"><ele>-7.3</ele><time>2026-05-02T00:38:32.011Z</time></trkpt>
      <trkpt lat="10.6007960" lon="104.1842003"><ele>-7.3</ele><time>2026-05-02T00:38:33.011Z</time></trkpt>
      <trkpt lat="10.6007888" lon="104.1841610"><ele>-7.3</ele><time>2026-05-02T00:38:34.011Z</time></trkpt>
      <trkpt lat="10.6007850" lon="104.1841220"><ele>-7.3</ele><time>2026-05-02T00:38:35.011Z</time></trkpt>
      <trkpt lat="10.6007779" lon="104.1840826"><ele>-7.3</ele><time>2026-05-02T00:38:36.012Z</time></trkpt>
      <trkpt lat="10.6007665" lon="104.1840440"><ele>-7.3</ele><time>2026-05-02T00:38:37.011Z</time></trkpt>
      <trkpt lat="10.6007547" lon="104.1840033"><ele>-7.3</ele><time>2026-05-02T00:38:38.013Z</time></trkpt>
      <trkpt lat="10.6007440" lon="104.1839616"><ele>-7.3</ele><time>2026-05-02T00:38:39.011Z</time></trkpt>
      <trkpt lat="10.6007343" lon="104.1839191"><ele>-7.3</ele><time>2026-05-02T00:38:40.011Z</time></trkpt>
      <trkpt lat="10.6007244" lon="104.1838759"><ele>-7.3</ele><time>2026-05-02T00:38:41.011Z</time></trkpt>
      <trkpt lat="10.6007112" lon="104.1838320"><ele>-7.3</ele><time>2026-05-02T00:38:42.012Z</time></trkpt>
      <trkpt lat="10.6006992" lon="104.1837887"><ele>-7.3</ele><time>2026-05-02T00:38:43.011Z</time></trkpt>
      <trkpt lat="10.6006930" lon="104.1837416"><ele>-7.3</ele><time>2026-05-02T00:38:44.011Z</time></trkpt>
      <trkpt lat="10.6006881" lon="104.1836932"><ele>-7.3</ele><time>2026-05-02T00:38:45.012Z</time></trkpt>
      <trkpt lat="10.6006812" lon="104.1836484"><ele>-7.3</ele><time>2026-05-02T00:38:46.011Z</time></trkpt>
      <trkpt lat="10.6006740" lon="104.1836047"><ele>-7.3</ele><time>2026-05-02T00:38:47.013Z</time></trkpt>
      <trkpt lat="10.6006675" lon="104.1835592"><ele>-7.3</ele><time>2026-05-02T00:38:48.010Z</time></trkpt>
      <trkpt lat="10.6006585" lon="104.1835139"><ele>-7.3</ele><time>2026-05-02T00:38:49.011Z</time></trkpt>
      <trkpt lat="10.6006505" lon="104.1834713"><ele>-7.3</ele><time>2026-05-02T00:38:50.010Z</time></trkpt>
      <trkpt lat="10.6006407" lon="104.1834276"><ele>-7.3</ele><time>2026-05-02T00:38:51.011Z</time></trkpt>
      <trkpt lat="10.6006302" lon="104.1833849"><ele>-7.4</ele><time>2026-05-02T00:38:52.011Z</time></trkpt>
      <trkpt lat="10.6006185" lon="104.1833415"><ele>-7.4</ele><time>2026-05-02T00:38:53.011Z</time></trkpt>
      <trkpt lat="10.6006116" lon="104.1833000"><ele>-7.4</ele><time>2026-05-02T00:38:54.010Z</time></trkpt>
      <trkpt lat="10.6006072" lon="104.1832563"><ele>-7.4</ele><time>2026-05-02T00:38:55.011Z</time></trkpt>
      <trkpt lat="10.6006026" lon="104.1832125"><ele>-7.4</ele><time>2026-05-02T00:38:56.012Z</time></trkpt>
      <trkpt lat="10.6005985" lon="104.1831670"><ele>-7.4</ele><time>2026-05-02T00:38:57.011Z</time></trkpt>
      <trkpt lat="10.6005982" lon="104.1831222"><ele>-7.4</ele><time>2026-05-02T00:38:58.011Z</time></trkpt>
      <trkpt lat="10.6005969" lon="104.1830779"><ele>-7.4</ele><time>2026-05-02T00:38:59.012Z</time></trkpt>
      <trkpt lat="10.6005950" lon="104.1830334"><ele>-7.4</ele><time>2026-05-02T00:39:00.010Z</time></trkpt>
      <trkpt lat="10.6005927" lon="104.1829886"><ele>-7.4</ele><time>2026-05-02T00:39:01.012Z</time></trkpt>
      <trkpt lat="10.6005919" lon="104.1829447"><ele>-7.4</ele><time>2026-05-02T00:39:02.012Z</time></trkpt>
      <trkpt lat="10.6005912" lon="104.1829005"><ele>-7.4</ele><time>2026-05-02T00:39:03.010Z</time></trkpt>
      <trkpt lat="10.6005896" lon="104.1828563"><ele>-7.4</ele><time>2026-05-02T00:39:04.011Z</time></trkpt>
      <trkpt lat="10.6005880" lon="104.1828116"><ele>-7.4</ele><time>2026-05-02T00:39:05.012Z</time></trkpt>
      <trkpt lat="10.6005881" lon="104.1827671"><ele>-7.4</ele><time>2026-05-02T00:39:06.011Z</time></trkpt>
      <trkpt lat="10.6005857" lon="104.1827215"><ele>-7.4</ele><time>2026-05-02T00:39:07.011Z</time></trkpt>
      <trkpt lat="10.6005871" lon="104.1826766"><ele>-7.4</ele><time>2026-05-02T00:39:08.011Z</time></trkpt>
      <trkpt lat="10.6005864" lon="104.1826310"><ele>-7.4</ele><time>2026-05-02T00:39:09.011Z</time></trkpt>
      <trkpt lat="10.6005931" lon="104.1825874"><ele>-7.4</ele><time>2026-05-02T00:39:10.012Z</time></trkpt>
      <trkpt lat="10.6005923" lon="104.1825436"><ele>-7.7</ele><time>2026-05-02T00:39:11.011Z</time></trkpt>
      <trkpt lat="10.6005889" lon="104.1825017"><ele>-7.9</ele><time>2026-05-02T00:39:12.011Z</time></trkpt>
      <trkpt lat="10.6005865" lon="104.1824587"><ele>-7.9</ele><time>2026-05-02T00:39:13.012Z</time></trkpt>
      <trkpt lat="10.6005856" lon="104.1824156"><ele>-7.9</ele><time>2026-05-02T00:39:14.011Z</time></trkpt>
      <trkpt lat="10.6005868" lon="104.1823727"><ele>-7.9</ele><time>2026-05-02T00:39:15.011Z</time></trkpt>
      <trkpt lat="10.6005891" lon="104.1823290"><ele>-7.9</ele><time>2026-05-02T00:39:16.012Z</time></trkpt>
      <trkpt lat="10.6005931" lon="104.1822847"><ele>-7.9</ele><time>2026-05-02T00:39:17.011Z</time></trkpt>
      <trkpt lat="10.6005984" lon="104.1822404"><ele>-7.9</ele><time>2026-05-02T00:39:18.011Z</time></trkpt>
      <trkpt lat="10.6006074" lon="104.1821970"><ele>-7.9</ele><time>2026-05-02T00:39:19.010Z</time></trkpt>
      <trkpt lat="10.6006191" lon="104.1821533"><ele>-7.9</ele><time>2026-05-02T00:39:20.011Z</time></trkpt>
      <trkpt lat="10.6006328" lon="104.1821091"><ele>-7.9</ele><time>2026-05-02T00:39:21.010Z</time></trkpt>
      <trkpt lat="10.6006473" lon="104.1820664"><ele>-7.9</ele><time>2026-05-02T00:39:22.011Z</time></trkpt>
      <trkpt lat="10.6006641" lon="104.1820257"><ele>-7.9</ele><time>2026-05-02T00:39:23.012Z</time></trkpt>
      <trkpt lat="10.6006807" lon="104.1819856"><ele>-7.9</ele><time>2026-05-02T00:39:24.011Z</time></trkpt>
      <trkpt lat="10.6006992" lon="104.1819460"><ele>-7.9</ele><time>2026-05-02T00:39:25.011Z</time></trkpt>
      <trkpt lat="10.6007190" lon="104.1819082"><ele>-7.9</ele><time>2026-05-02T00:39:26.012Z</time></trkpt>
      <trkpt lat="10.6007409" lon="104.1818715"><ele>-7.9</ele><time>2026-05-02T00:39:27.011Z</time></trkpt>
      <trkpt lat="10.6007610" lon="104.1818340"><ele>-7.9</ele><time>2026-05-02T00:39:28.011Z</time></trkpt>
      <trkpt lat="10.6007832" lon="104.1817969"><ele>-7.9</ele><time>2026-05-02T00:39:29.012Z</time></trkpt>
      <trkpt lat="10.6008060" lon="104.1817603"><ele>-7.9</ele><time>2026-05-02T00:39:30.012Z</time></trkpt>
      <trkpt lat="10.6008295" lon="104.1817230"><ele>-8.4</ele><time>2026-05-02T00:39:31.011Z</time></trkpt>
      <trkpt lat="10.6008532" lon="104.1816862"><ele>-8.6</ele><time>2026-05-02T00:39:32.011Z</time></trkpt>
      <trkpt lat="10.6008803" lon="104.1816499"><ele>-8.6</ele><time>2026-05-02T00:39:33.012Z</time></trkpt>
      <trkpt lat="10.6009079" lon="104.1816151"><ele>-8.6</ele><time>2026-05-02T00:39:34.012Z</time></trkpt>
      <trkpt lat="10.6009355" lon="104.1815789"><ele>-8.6</ele><time>2026-05-02T00:39:35.012Z</time></trkpt>
      <trkpt lat="10.6009643" lon="104.1815441"><ele>-8.6</ele><time>2026-05-02T00:39:36.011Z</time></trkpt>
      <trkpt lat="10.6009926" lon="104.1815096"><ele>-8.6</ele><time>2026-05-02T00:39:37.010Z</time></trkpt>
      <trkpt lat="10.6010199" lon="104.1814746"><ele>-8.6</ele><time>2026-05-02T00:39:38.012Z</time></trkpt>
      <trkpt lat="10.6010487" lon="104.1814397"><ele>-8.6</ele><time>2026-05-02T00:39:39.012Z</time></trkpt>
      <trkpt lat="10.6010782" lon="104.1814045"><ele>-8.6</ele><time>2026-05-02T00:39:40.013Z</time></trkpt>
      <trkpt lat="10.6011062" lon="104.1813683"><ele>-8.6</ele><time>2026-05-02T00:39:41.011Z</time></trkpt>
      <trkpt lat="10.6011331" lon="104.1813318"><ele>-8.6</ele><time>2026-05-02T00:39:42.011Z</time></trkpt>
      <trkpt lat="10.6011623" lon="104.1812968"><ele>-8.6</ele><time>2026-05-02T00:39:43.011Z</time></trkpt>
      <trkpt lat="10.6011912" lon="104.1812631"><ele>-8.6</ele><time>2026-05-02T00:39:44.011Z</time></trkpt>
      <trkpt lat="10.6012225" lon="104.1812315"><ele>-8.6</ele><time>2026-05-02T00:39:45.011Z</time></trkpt>
      <trkpt lat="10.6012524" lon="104.1812016"><ele>-8.6</ele><time>2026-05-02T00:39:46.011Z</time></trkpt>
      <trkpt lat="10.6012836" lon="104.1811717"><ele>-8.6</ele><time>2026-05-02T00:39:47.011Z</time></trkpt>
      <trkpt lat="10.6013140" lon="104.1811436"><ele>-8.6</ele><time>2026-05-02T00:39:48.011Z</time></trkpt>
      <trkpt lat="10.6013425" lon="104.1811138"><ele>-8.6</ele><time>2026-05-02T00:39:49.011Z</time></trkpt>
      <trkpt lat="10.6013708" lon="104.1810850"><ele>-8.6</ele><time>2026-05-02T00:39:50.011Z</time></trkpt>
      <trkpt lat="10.6013999" lon="104.1810572"><ele>-8.6</ele><time>2026-05-02T00:39:51.011Z</time></trkpt>
      <trkpt lat="10.6014306" lon="104.1810299"><ele>-8.4</ele><time>2026-05-02T00:39:52.011Z</time></trkpt>
      <trkpt lat="10.6014623" lon="104.1810052"><ele>-8.3</ele><time>2026-05-02T00:39:53.011Z</time></trkpt>
      <trkpt lat="10.6014947" lon="104.1809787"><ele>-8.1</ele><time>2026-05-02T00:39:54.011Z</time></trkpt>
      <trkpt lat="10.6015258" lon="104.1809529"><ele>-8.1</ele><time>2026-05-02T00:39:55.011Z</time></trkpt>
      <trkpt lat="10.6015572" lon="104.1809278"><ele>-8.1</ele><time>2026-05-02T00:39:56.011Z</time></trkpt>
      <trkpt lat="10.6015894" lon="104.1809053"><ele>-8.1</ele><time>2026-05-02T00:39:57.011Z</time></trkpt>
      <trkpt lat="10.6016174" lon="104.1808794"><ele>-8.1</ele><time>2026-05-02T00:39:58.011Z</time></trkpt>
      <trkpt lat="10.6016432" lon="104.1808538"><ele>-8.1</ele><time>2026-05-02T00:39:59.012Z</time></trkpt>
      <trkpt lat="10.6016702" lon="104.1808291"><ele>-8.1</ele><time>2026-05-02T00:40:00.011Z</time></trkpt>
      <trkpt lat="10.6017020" lon="104.1808068"><ele>-8.1</ele><time>2026-05-02T00:40:01.011Z</time></trkpt>
      <trkpt lat="10.6017298" lon="104.1807826"><ele>-8.1</ele><time>2026-05-02T00:40:02.011Z</time></trkpt>
      <trkpt lat="10.6017592" lon="104.1807591"><ele>-8.1</ele><time>2026-05-02T00:40:03.012Z</time></trkpt>
      <trkpt lat="10.6017885" lon="104.1807371"><ele>-8.1</ele><time>2026-05-02T00:40:04.010Z</time></trkpt>
      <trkpt lat="10.6018243" lon="104.1807201"><ele>-8.1</ele><time>2026-05-02T00:40:05.012Z</time></trkpt>
      <trkpt lat="10.6018649" lon="104.1807100"><ele>-8.1</ele><time>2026-05-02T00:40:06.011Z</time></trkpt>
      <trkpt lat="10.6019038" lon="104.1806991"><ele>-8.1</ele><time>2026-05-02T00:40:07.011Z</time></trkpt>
      <trkpt lat="10.6019452" lon="104.1806879"><ele>-8.1</ele><time>2026-05-02T00:40:08.012Z</time></trkpt>
      <trkpt lat="10.6019864" lon="104.1806776"><ele>-8.1</ele><time>2026-05-02T00:40:09.011Z</time></trkpt>
      <trkpt lat="10.6020269" lon="104.1806671"><ele>-8.1</ele><time>2026-05-02T00:40:10.011Z</time></trkpt>
      <trkpt lat="10.6020691" lon="104.1806571"><ele>-8.1</ele><time>2026-05-02T00:40:11.011Z</time></trkpt>
      <trkpt lat="10.6021099" lon="104.1806467"><ele>-8.1</ele><time>2026-05-02T00:40:12.011Z</time></trkpt>
      <trkpt lat="10.6021502" lon="104.1806367"><ele>-7.9</ele><time>2026-05-02T00:40:13.012Z</time></trkpt>
      <trkpt lat="10.6021909" lon="104.1806254"><ele>-7.8</ele><time>2026-05-02T00:40:14.011Z</time></trkpt>
      <trkpt lat="10.6022286" lon="104.1806137"><ele>-7.6</ele><time>2026-05-02T00:40:15.012Z</time></trkpt>
      <trkpt lat="10.6022663" lon="104.1806034"><ele>-7.6</ele><time>2026-05-02T00:40:16.011Z</time></trkpt>
      <trkpt lat="10.6023058" lon="104.1805931"><ele>-7.6</ele><time>2026-05-02T00:40:17.011Z</time></trkpt>
      <trkpt lat="10.6023451" lon="104.1805825"><ele>-7.6</ele><time>2026-05-02T00:40:18.011Z</time></trkpt>
      <trkpt lat="10.6023857" lon="104.1805717"><ele>-7.6</ele><time>2026-05-02T00:40:19.011Z</time></trkpt>
      <trkpt lat="10.6024250" lon="104.1805595"><ele>-7.6</ele><time>2026-05-02T00:40:20.011Z</time></trkpt>
      <trkpt lat="10.6024629" lon="104.1805472"><ele>-7.6</ele><time>2026-05-02T00:40:21.010Z</time></trkpt>
      <trkpt lat="10.6025037" lon="104.1805363"><ele>-7.6</ele><time>2026-05-02T00:40:22.011Z</time></trkpt>
      <trkpt lat="10.6025452" lon="104.1805251"><ele>-7.6</ele><time>2026-05-02T00:40:23.012Z</time></trkpt>
      <trkpt lat="10.6025862" lon="104.1805144"><ele>-7.6</ele><time>2026-05-02T00:40:24.011Z</time></trkpt>
      <trkpt lat="10.6026285" lon="104.1805034"><ele>-7.6</ele><time>2026-05-02T00:40:25.011Z</time></trkpt>
      <trkpt lat="10.6026691" lon="104.1804942"><ele>-7.6</ele><time>2026-05-02T00:40:26.012Z</time></trkpt>
      <trkpt lat="10.6027087" lon="104.1804847"><ele>-7.6</ele><time>2026-05-02T00:40:27.012Z</time></trkpt>
      <trkpt lat="10.6027480" lon="104.1804755"><ele>-7.6</ele><time>2026-05-02T00:40:28.011Z</time></trkpt>
      <trkpt lat="10.6027884" lon="104.1804669"><ele>-7.6</ele><time>2026-05-02T00:40:29.011Z</time></trkpt>
      <trkpt lat="10.6028305" lon="104.1804572"><ele>-7.6</ele><time>2026-05-02T00:40:30.010Z</time></trkpt>
      <trkpt lat="10.6028714" lon="104.1804458"><ele>-7.6</ele><time>2026-05-02T00:40:31.012Z</time></trkpt>
      <trkpt lat="10.6029106" lon="104.1804349"><ele>-8.3</ele><time>2026-05-02T00:40:32.012Z</time></trkpt>
      <trkpt lat="10.6029511" lon="104.1804241"><ele>-8.8</ele><time>2026-05-02T00:40:33.011Z</time></trkpt>
      <trkpt lat="10.6029935" lon="104.1804140"><ele>-9.5</ele><time>2026-05-02T00:40:34.011Z</time></trkpt>
      <trkpt lat="10.6030345" lon="104.1804028"><ele>-9.7</ele><time>2026-05-02T00:40:35.011Z</time></trkpt>
      <trkpt lat="10.6030768" lon="104.1803911"><ele>-9.9</ele><time>2026-05-02T00:40:36.011Z</time></trkpt>
      <trkpt lat="10.6031187" lon="104.1803793"><ele>-10.1</ele><time>2026-05-02T00:40:37.011Z</time></trkpt>
      <trkpt lat="10.6031639" lon="104.1803673"><ele>-10.2</ele><time>2026-05-02T00:40:38.011Z</time></trkpt>
      <trkpt lat="10.6032054" lon="104.1803583"><ele>-10.4</ele><time>2026-05-02T00:40:39.010Z</time></trkpt>
      <trkpt lat="10.6032528" lon="104.1803501"><ele>-10.4</ele><time>2026-05-02T00:40:40.011Z</time></trkpt>
      <trkpt lat="10.6032995" lon="104.1803386"><ele>-10.5</ele><time>2026-05-02T00:40:41.011Z</time></trkpt>
      <trkpt lat="10.6033425" lon="104.1803274"><ele>-10.3</ele><time>2026-05-02T00:40:42.011Z</time></trkpt>
      <trkpt lat="10.6033857" lon="104.1803157"><ele>-10.1</ele><time>2026-05-02T00:40:43.012Z</time></trkpt>
      <trkpt lat="10.6034150" lon="104.1803034"><ele>-10.1</ele><time>2026-05-02T00:40:44.011Z</time></trkpt>
      <trkpt lat="10.6034636" lon="104.1802930"><ele>-10.1</ele><time>2026-05-02T00:40:45.010Z</time></trkpt>
      <trkpt lat="10.6035103" lon="104.1802863"><ele>-10.0</ele><time>2026-05-02T00:40:46.010Z</time></trkpt>
      <trkpt lat="10.6035543" lon="104.1802796"><ele>-8.9</ele><time>2026-05-02T00:40:47.011Z</time></trkpt>
      <trkpt lat="10.6035977" lon="104.1802719"><ele>-8.1</ele><time>2026-05-02T00:40:48.011Z</time></trkpt>
      <trkpt lat="10.6036405" lon="104.1802675"><ele>-7.4</ele><time>2026-05-02T00:40:49.011Z</time></trkpt>
      <trkpt lat="10.6036855" lon="104.1802617"><ele>-7.4</ele><time>2026-05-02T00:40:50.010Z</time></trkpt>
      <trkpt lat="10.6037284" lon="104.1802485"><ele>-7.4</ele><time>2026-05-02T00:40:51.011Z</time></trkpt>
      <trkpt lat="10.6037695" lon="104.1802390"><ele>-7.4</ele><time>2026-05-02T00:40:52.011Z</time></trkpt>
      <trkpt lat="10.6038117" lon="104.1802308"><ele>-7.4</ele><time>2026-05-02T00:40:53.011Z</time></trkpt>
      <trkpt lat="10.6038545" lon="104.1802235"><ele>-7.4</ele><time>2026-05-02T00:40:54.010Z</time></trkpt>
      <trkpt lat="10.6038958" lon="104.1802126"><ele>-7.4</ele><time>2026-05-02T00:40:55.012Z</time></trkpt>
      <trkpt lat="10.6039378" lon="104.1802017"><ele>-7.4</ele><time>2026-05-02T00:40:56.011Z</time></trkpt>
      <trkpt lat="10.6039826" lon="104.1801977"><ele>-7.4</ele><time>2026-05-02T00:40:57.011Z</time></trkpt>
      <trkpt lat="10.6040250" lon="104.1801921"><ele>-7.4</ele><time>2026-05-02T00:40:58.010Z</time></trkpt>
      <trkpt lat="10.6040671" lon="104.1801848"><ele>-7.4</ele><time>2026-05-02T00:40:59.011Z</time></trkpt>
      <trkpt lat="10.6041120" lon="104.1801771"><ele>-7.4</ele><time>2026-05-02T00:41:00.011Z</time></trkpt>
      <trkpt lat="10.6041551" lon="104.1801723"><ele>-7.4</ele><time>2026-05-02T00:41:01.012Z</time></trkpt>
      <trkpt lat="10.6041985" lon="104.1801644"><ele>-7.4</ele><time>2026-05-02T00:41:02.011Z</time></trkpt>
      <trkpt lat="10.6042407" lon="104.1801560"><ele>-7.4</ele><time>2026-05-02T00:41:03.011Z</time></trkpt>
      <trkpt lat="10.6042842" lon="104.1801471"><ele>-7.4</ele><time>2026-05-02T00:41:04.010Z</time></trkpt>
      <trkpt lat="10.6043276" lon="104.1801395"><ele>-7.4</ele><time>2026-05-02T00:41:05.010Z</time></trkpt>
      <trkpt lat="10.6043706" lon="104.1801327"><ele>-7.4</ele><time>2026-05-02T00:41:06.011Z</time></trkpt>
      <trkpt lat="10.6044145" lon="104.1801256"><ele>-7.4</ele><time>2026-05-02T00:41:07.012Z</time></trkpt>
      <trkpt lat="10.6044593" lon="104.1801170"><ele>-7.4</ele><time>2026-05-02T00:41:08.011Z</time></trkpt>
      <trkpt lat="10.6045019" lon="104.1801078"><ele>-7.4</ele><time>2026-05-02T00:41:09.011Z</time></trkpt>
      <trkpt lat="10.6045452" lon="104.1800994"><ele>-7.4</ele><time>2026-05-02T00:41:10.011Z</time></trkpt>
      <trkpt lat="10.6045842" lon="104.1800895"><ele>-7.4</ele><time>2026-05-02T00:41:11.010Z</time></trkpt>
      <trkpt lat="10.6046284" lon="104.1800820"><ele>-7.4</ele><time>2026-05-02T00:41:12.012Z</time></trkpt>
      <trkpt lat="10.6046710" lon="104.1800709"><ele>-7.4</ele><time>2026-05-02T00:41:13.011Z</time></trkpt>
      <trkpt lat="10.6047152" lon="104.1800601"><ele>-7.4</ele><time>2026-05-02T00:41:14.010Z</time></trkpt>
      <trkpt lat="10.6047582" lon="104.1800554"><ele>-7.4</ele><time>2026-05-02T00:41:15.011Z</time></trkpt>
      <trkpt lat="10.6048033" lon="104.1800477"><ele>-7.4</ele><time>2026-05-02T00:41:16.011Z</time></trkpt>
      <trkpt lat="10.6048480" lon="104.1800389"><ele>-7.4</ele><time>2026-05-02T00:41:17.011Z</time></trkpt>
      <trkpt lat="10.6048909" lon="104.1800342"><ele>-7.4</ele><time>2026-05-02T00:41:18.011Z</time></trkpt>
      <trkpt lat="10.6049386" lon="104.1800245"><ele>-7.4</ele><time>2026-05-02T00:41:19.011Z</time></trkpt>
      <trkpt lat="10.6049798" lon="104.1800165"><ele>-7.4</ele><time>2026-05-02T00:41:20.011Z</time></trkpt>
      <trkpt lat="10.6050223" lon="104.1800048"><ele>-7.2</ele><time>2026-05-02T00:41:21.011Z</time></trkpt>
      <trkpt lat="10.6050629" lon="104.1799962"><ele>-7.1</ele><time>2026-05-02T00:41:22.010Z</time></trkpt>
      <trkpt lat="10.6051063" lon="104.1799866"><ele>-7.1</ele><time>2026-05-02T00:41:23.011Z</time></trkpt>
      <trkpt lat="10.6051508" lon="104.1799774"><ele>-7.1</ele><time>2026-05-02T00:41:24.010Z</time></trkpt>
      <trkpt lat="10.6051907" lon="104.1799692"><ele>-7.1</ele><time>2026-05-02T00:41:25.012Z</time></trkpt>
      <trkpt lat="10.6052329" lon="104.1799579"><ele>-7.1</ele><time>2026-05-02T00:41:26.011Z</time></trkpt>
      <trkpt lat="10.6052743" lon="104.1799466"><ele>-7.1</ele><time>2026-05-02T00:41:27.012Z</time></trkpt>
      <trkpt lat="10.6053161" lon="104.1799340"><ele>-7.1</ele><time>2026-05-02T00:41:28.011Z</time></trkpt>
      <trkpt lat="10.6053569" lon="104.1799216"><ele>-7.1</ele><time>2026-05-02T00:41:29.011Z</time></trkpt>
      <trkpt lat="10.6053981" lon="104.1799102"><ele>-7.1</ele><time>2026-05-02T00:41:30.012Z</time></trkpt>
      <trkpt lat="10.6054387" lon="104.1798955"><ele>-7.1</ele><time>2026-05-02T00:41:31.011Z</time></trkpt>
      <trkpt lat="10.6054800" lon="104.1798839"><ele>-7.1</ele><time>2026-05-02T00:41:32.011Z</time></trkpt>
      <trkpt lat="10.6055206" lon="104.1798714"><ele>-7.1</ele><time>2026-05-02T00:41:33.009Z</time></trkpt>
      <trkpt lat="10.6055599" lon="104.1798584"><ele>-7.1</ele><time>2026-05-02T00:41:34.011Z</time></trkpt>
      <trkpt lat="10.6055960" lon="104.1798427"><ele>-7.1</ele><time>2026-05-02T00:41:35.011Z</time></trkpt>
      <trkpt lat="10.6056296" lon="104.1798250"><ele>-7.1</ele><time>2026-05-02T00:41:36.012Z</time></trkpt>
      <trkpt lat="10.6056627" lon="104.1798079"><ele>-7.1</ele><time>2026-05-02T00:41:37.012Z</time></trkpt>
      <trkpt lat="10.6056976" lon="104.1797923"><ele>-7.1</ele><time>2026-05-02T00:41:38.011Z</time></trkpt>
      <trkpt lat="10.6057360" lon="104.1797830"><ele>-7.1</ele><time>2026-05-02T00:41:39.011Z</time></trkpt>
      <trkpt lat="10.6057772" lon="104.1797733"><ele>-7.1</ele><time>2026-05-02T00:41:40.011Z</time></trkpt>
      <trkpt lat="10.6058194" lon="104.1797587"><ele>-7.0</ele><time>2026-05-02T00:41:41.010Z</time></trkpt>
      <trkpt lat="10.6058621" lon="104.1797417"><ele>-6.9</ele><time>2026-05-02T00:41:42.012Z</time></trkpt>
      <trkpt lat="10.6059103" lon="104.1797237"><ele>-6.9</ele><time>2026-05-02T00:41:43.012Z</time></trkpt>
      <trkpt lat="10.6059538" lon="104.1797085"><ele>-6.9</ele><time>2026-05-02T00:41:44.011Z</time></trkpt>
      <trkpt lat="10.6059936" lon="104.1796903"><ele>-6.9</ele><time>2026-05-02T00:41:45.011Z</time></trkpt>
      <trkpt lat="10.6060427" lon="104.1796733"><ele>-6.9</ele><time>2026-05-02T00:41:46.011Z</time></trkpt>
      <trkpt lat="10.6060827" lon="104.1796555"><ele>-6.9</ele><time>2026-05-02T00:41:47.009Z</time></trkpt>
      <trkpt lat="10.6061301" lon="104.1796378"><ele>-6.9</ele><time>2026-05-02T00:41:48.011Z</time></trkpt>
      <trkpt lat="10.6061776" lon="104.1796213"><ele>-6.9</ele><time>2026-05-02T00:41:49.010Z</time></trkpt>
      <trkpt lat="10.6062240" lon="104.1796080"><ele>-6.9</ele><time>2026-05-02T00:41:50.012Z</time></trkpt>
      <trkpt lat="10.6062691" lon="104.1795898"><ele>-6.9</ele><time>2026-05-02T00:41:51.010Z</time></trkpt>
      <trkpt lat="10.6063135" lon="104.1795733"><ele>-6.9</ele><time>2026-05-02T00:41:52.011Z</time></trkpt>
      <trkpt lat="10.6063606" lon="104.1795579"><ele>-6.9</ele><time>2026-05-02T00:41:53.011Z</time></trkpt>
      <trkpt lat="10.6064071" lon="104.1795418"><ele>-6.9</ele><time>2026-05-02T00:41:54.011Z</time></trkpt>
      <trkpt lat="10.6064553" lon="104.1795217"><ele>-6.9</ele><time>2026-05-02T00:41:55.011Z</time></trkpt>
      <trkpt lat="10.6065017" lon="104.1795031"><ele>-6.9</ele><time>2026-05-02T00:41:56.011Z</time></trkpt>
      <trkpt lat="10.6065419" lon="104.1794808"><ele>-6.9</ele><time>2026-05-02T00:41:57.009Z</time></trkpt>
      <trkpt lat="10.6065911" lon="104.1794623"><ele>-6.9</ele><time>2026-05-02T00:41:58.010Z</time></trkpt>
      <trkpt lat="10.6066375" lon="104.1794448"><ele>-6.9</ele><time>2026-05-02T00:41:59.010Z</time></trkpt>
      <trkpt lat="10.6066877" lon="104.1794266"><ele>-6.9</ele><time>2026-05-02T00:42:00.011Z</time></trkpt>
      <trkpt lat="10.6067336" lon="104.1794070"><ele>-6.9</ele><time>2026-05-02T00:42:01.011Z</time></trkpt>
      <trkpt lat="10.6067824" lon="104.1793878"><ele>-6.9</ele><time>2026-05-02T00:42:02.012Z</time></trkpt>
      <trkpt lat="10.6068338" lon="104.1793697"><ele>-6.9</ele><time>2026-05-02T00:42:03.011Z</time></trkpt>
      <trkpt lat="10.6068758" lon="104.1793463"><ele>-6.9</ele><time>2026-05-02T00:42:04.010Z</time></trkpt>
      <trkpt lat="10.6069203" lon="104.1793227"><ele>-6.9</ele><time>2026-05-02T00:42:05.011Z</time></trkpt>
      <trkpt lat="10.6069620" lon="104.1793003"><ele>-6.9</ele><time>2026-05-02T00:42:06.011Z</time></trkpt>
      <trkpt lat="10.6070094" lon="104.1792812"><ele>-6.9</ele><time>2026-05-02T00:42:07.011Z</time></trkpt>
      <trkpt lat="10.6070579" lon="104.1792624"><ele>-6.9</ele><time>2026-05-02T00:42:08.011Z</time></trkpt>
      <trkpt lat="10.6071036" lon="104.1792386"><ele>-6.9</ele><time>2026-05-02T00:42:09.011Z</time></trkpt>
      <trkpt lat="10.6071520" lon="104.1792122"><ele>-6.9</ele><time>2026-05-02T00:42:10.010Z</time></trkpt>
      <trkpt lat="10.6071982" lon="104.1791904"><ele>-6.9</ele><time>2026-05-02T00:42:11.010Z</time></trkpt>
      <trkpt lat="10.6072450" lon="104.1791703"><ele>-6.9</ele><time>2026-05-02T00:42:12.011Z</time></trkpt>
      <trkpt lat="10.6072895" lon="104.1791554"><ele>-6.9</ele><time>2026-05-02T00:42:13.012Z</time></trkpt>
      <trkpt lat="10.6073331" lon="104.1791392"><ele>-6.9</ele><time>2026-05-02T00:42:14.010Z</time></trkpt>
      <trkpt lat="10.6073772" lon="104.1791215"><ele>-6.9</ele><time>2026-05-02T00:42:15.011Z</time></trkpt>
      <trkpt lat="10.6074228" lon="104.1791063"><ele>-6.9</ele><time>2026-05-02T00:42:16.010Z</time></trkpt>
      <trkpt lat="10.6074644" lon="104.1790900"><ele>-6.9</ele><time>2026-05-02T00:42:17.011Z</time></trkpt>
      <trkpt lat="10.6075043" lon="104.1790731"><ele>-6.9</ele><time>2026-05-02T00:42:18.011Z</time></trkpt>
      <trkpt lat="10.6075439" lon="104.1790548"><ele>-6.9</ele><time>2026-05-02T00:42:19.011Z</time></trkpt>
      <trkpt lat="10.6075845" lon="104.1790330"><ele>-6.9</ele><time>2026-05-02T00:42:20.010Z</time></trkpt>
      <trkpt lat="10.6076292" lon="104.1790204"><ele>-6.9</ele><time>2026-05-02T00:42:21.010Z</time></trkpt>
      <trkpt lat="10.6076741" lon="104.1790011"><ele>-6.9</ele><time>2026-05-02T00:42:22.011Z</time></trkpt>
      <trkpt lat="10.6077169" lon="104.1789859"><ele>-6.9</ele><time>2026-05-02T00:42:23.011Z</time></trkpt>
      <trkpt lat="10.6077506" lon="104.1789635"><ele>-6.9</ele><time>2026-05-02T00:42:24.011Z</time></trkpt>
      <trkpt lat="10.6077846" lon="104.1789384"><ele>-6.9</ele><time>2026-05-02T00:42:25.010Z</time></trkpt>
      <trkpt lat="10.6078280" lon="104.1789144"><ele>-6.9</ele><time>2026-05-02T00:42:26.011Z</time></trkpt>
      <trkpt lat="10.6078744" lon="104.1789030"><ele>-6.9</ele><time>2026-05-02T00:42:27.010Z</time></trkpt>
      <trkpt lat="10.6079156" lon="104.1788876"><ele>-6.9</ele><time>2026-05-02T00:42:28.011Z</time></trkpt>
      <trkpt lat="10.6079549" lon="104.1788724"><ele>-6.9</ele><time>2026-05-02T00:42:29.011Z</time></trkpt>
      <trkpt lat="10.6079935" lon="104.1788565"><ele>-6.9</ele><time>2026-05-02T00:42:30.011Z</time></trkpt>
      <trkpt lat="10.6080320" lon="104.1788398"><ele>-6.9</ele><time>2026-05-02T00:42:31.010Z</time></trkpt>
      <trkpt lat="10.6080700" lon="104.1788224"><ele>-6.9</ele><time>2026-05-02T00:42:32.011Z</time></trkpt>
      <trkpt lat="10.6081092" lon="104.1788034"><ele>-6.9</ele><time>2026-05-02T00:42:33.010Z</time></trkpt>
      <trkpt lat="10.6081483" lon="104.1787861"><ele>-6.9</ele><time>2026-05-02T00:42:34.010Z</time></trkpt>
      <trkpt lat="10.6081883" lon="104.1787729"><ele>-6.9</ele><time>2026-05-02T00:42:35.011Z</time></trkpt>
      <trkpt lat="10.6082300" lon="104.1787553"><ele>-6.9</ele><time>2026-05-02T00:42:36.011Z</time></trkpt>
      <trkpt lat="10.6082733" lon="104.1787365"><ele>-6.9</ele><time>2026-05-02T00:42:37.011Z</time></trkpt>
      <trkpt lat="10.6083187" lon="104.1787150"><ele>-6.9</ele><time>2026-05-02T00:42:38.012Z</time></trkpt>
      <trkpt lat="10.6083620" lon="104.1786986"><ele>-6.9</ele><time>2026-05-02T00:42:39.010Z</time></trkpt>
      <trkpt lat="10.6084023" lon="104.1786826"><ele>-6.9</ele><time>2026-05-02T00:42:40.011Z</time></trkpt>
      <trkpt lat="10.6084460" lon="104.1786684"><ele>-6.9</ele><time>2026-05-02T00:42:41.012Z</time></trkpt>
      <trkpt lat="10.6084880" lon="104.1786492"><ele>-6.9</ele><time>2026-05-02T00:42:42.010Z</time></trkpt>
      <trkpt lat="10.6085297" lon="104.1786286"><ele>-6.9</ele><time>2026-05-02T00:42:43.010Z</time></trkpt>
      <trkpt lat="10.6085686" lon="104.1786077"><ele>-6.9</ele><time>2026-05-02T00:42:44.010Z</time></trkpt>
      <trkpt lat="10.6086087" lon="104.1785908"><ele>-6.9</ele><time>2026-05-02T00:42:45.011Z</time></trkpt>
      <trkpt lat="10.6086461" lon="104.1785711"><ele>-7.2</ele><time>2026-05-02T00:42:46.011Z</time></trkpt>
      <trkpt lat="10.6086893" lon="104.1785508"><ele>-7.3</ele><time>2026-05-02T00:42:47.011Z</time></trkpt>
      <trkpt lat="10.6087304" lon="104.1785251"><ele>-7.3</ele><time>2026-05-02T00:42:48.010Z</time></trkpt>
      <trkpt lat="10.6087766" lon="104.1785034"><ele>-7.3</ele><time>2026-05-02T00:42:49.011Z</time></trkpt>
      <trkpt lat="10.6088142" lon="104.1784816"><ele>-7.3</ele><time>2026-05-02T00:42:50.011Z</time></trkpt>
      <trkpt lat="10.6088559" lon="104.1784673"><ele>-7.3</ele><time>2026-05-02T00:42:51.012Z</time></trkpt>
      <trkpt lat="10.6088965" lon="104.1784561"><ele>-7.3</ele><time>2026-05-02T00:42:52.012Z</time></trkpt>
      <trkpt lat="10.6089398" lon="104.1784550"><ele>-7.3</ele><time>2026-05-02T00:42:53.010Z</time></trkpt>
      <trkpt lat="10.6089784" lon="104.1784367"><ele>-7.3</ele><time>2026-05-02T00:42:54.012Z</time></trkpt>
      <trkpt lat="10.6090114" lon="104.1784153"><ele>-7.3</ele><time>2026-05-02T00:42:55.010Z</time></trkpt>
      <trkpt lat="10.6090411" lon="104.1783937"><ele>-7.3</ele><time>2026-05-02T00:42:56.011Z</time></trkpt>
      <trkpt lat="10.6090603" lon="104.1783749"><ele>-7.3</ele><time>2026-05-02T00:42:57.011Z</time></trkpt>
      <trkpt lat="10.6090740" lon="104.1783501"><ele>-7.3</ele><time>2026-05-02T00:42:58.012Z</time></trkpt>
      <trkpt lat="10.6090777" lon="104.1783201"><ele>-7.3</ele><time>2026-05-02T00:42:59.011Z</time></trkpt>
      <trkpt lat="10.6090748" lon="104.1782887"><ele>-7.3</ele><time>2026-05-02T00:43:00.010Z</time></trkpt>
      <trkpt lat="10.6090651" lon="104.1782515"><ele>-7.3</ele><time>2026-05-02T00:43:01.010Z</time></trkpt>
      <trkpt lat="10.6090523" lon="104.1782192"><ele>-7.3</ele><time>2026-05-02T00:43:02.011Z</time></trkpt>
      <trkpt lat="10.6090448" lon="104.1781946"><ele>-7.3</ele><time>2026-05-02T00:43:03.010Z</time></trkpt>
      <trkpt lat="10.6090394" lon="104.1781710"><ele>-7.3</ele><time>2026-05-02T00:43:04.011Z</time></trkpt>
      <trkpt lat="10.6090282" lon="104.1781459"><ele>-7.3</ele><time>2026-05-02T00:43:05.011Z</time></trkpt>
      <trkpt lat="10.6090131" lon="104.1781179"><ele>-7.3</ele><time>2026-05-02T00:43:06.009Z</time></trkpt>
      <trkpt lat="10.6089977" lon="104.1780905"><ele>-7.3</ele><time>2026-05-02T00:43:07.010Z</time></trkpt>
      <trkpt lat="10.6089819" lon="104.1780579"><ele>-7.3</ele><time>2026-05-02T00:43:08.010Z</time></trkpt>
      <trkpt lat="10.6089659" lon="104.1780297"><ele>-7.3</ele><time>2026-05-02T00:43:09.010Z</time></trkpt>
      <trkpt lat="10.6089544" lon="104.1779982"><ele>-7.3</ele><time>2026-05-02T00:43:10.011Z</time></trkpt>
      <trkpt lat="10.6089392" lon="104.1779645"><ele>-7.3</ele><time>2026-05-02T00:43:11.011Z</time></trkpt>
      <trkpt lat="10.6089242" lon="104.1779313"><ele>-7.3</ele><time>2026-05-02T00:43:12.010Z</time></trkpt>
      <trkpt lat="10.6089128" lon="104.1778974"><ele>-7.3</ele><time>2026-05-02T00:43:13.010Z</time></trkpt>
      <trkpt lat="10.6089025" lon="104.1778632"><ele>-7.3</ele><time>2026-05-02T00:43:14.011Z</time></trkpt>
      <trkpt lat="10.6088901" lon="104.1778303"><ele>-7.3</ele><time>2026-05-02T00:43:15.012Z</time></trkpt>
      <trkpt lat="10.6088772" lon="104.1777986"><ele>-7.3</ele><time>2026-05-02T00:43:16.011Z</time></trkpt>
      <trkpt lat="10.6088657" lon="104.1777633"><ele>-7.3</ele><time>2026-05-02T00:43:17.011Z</time></trkpt>
      <trkpt lat="10.6088512" lon="104.1777300"><ele>-7.3</ele><time>2026-05-02T00:43:18.010Z</time></trkpt>
      <trkpt lat="10.6088389" lon="104.1776967"><ele>-7.3</ele><time>2026-05-02T00:43:19.010Z</time></trkpt>
      <trkpt lat="10.6088277" lon="104.1776656"><ele>-7.3</ele><time>2026-05-02T00:43:20.010Z</time></trkpt>
      <trkpt lat="10.6088140" lon="104.1776350"><ele>-7.3</ele><time>2026-05-02T00:43:21.009Z</time></trkpt>
      <trkpt lat="10.6087981" lon="104.1776043"><ele>-7.3</ele><time>2026-05-02T00:43:22.010Z</time></trkpt>
      <trkpt lat="10.6087800" lon="104.1775738"><ele>-7.3</ele><time>2026-05-02T00:43:23.010Z</time></trkpt>
      <trkpt lat="10.6087643" lon="104.1775423"><ele>-7.3</ele><time>2026-05-02T00:43:24.010Z</time></trkpt>
      <trkpt lat="10.6087518" lon="104.1775201"><ele>-7.3</ele><time>2026-05-02T00:43:25.010Z</time></trkpt>
      <trkpt lat="10.6087411" lon="104.1774979"><ele>-7.3</ele><time>2026-05-02T00:43:26.011Z</time></trkpt>
      <trkpt lat="10.6087282" lon="104.1774707"><ele>-7.3</ele><time>2026-05-02T00:43:27.010Z</time></trkpt>
      <trkpt lat="10.6087122" lon="104.1774408"><ele>-7.3</ele><time>2026-05-02T00:43:28.009Z</time></trkpt>
      <trkpt lat="10.6086947" lon="104.1774075"><ele>-7.3</ele><time>2026-05-02T00:43:29.011Z</time></trkpt>
      <trkpt lat="10.6086782" lon="104.1773725"><ele>-7.3</ele><time>2026-05-02T00:43:30.011Z</time></trkpt>
      <trkpt lat="10.6086600" lon="104.1773341"><ele>-7.3</ele><time>2026-05-02T00:43:31.011Z</time></trkpt>
      <trkpt lat="10.6086429" lon="104.1772951"><ele>-7.3</ele><time>2026-05-02T00:43:32.010Z</time></trkpt>
      <trkpt lat="10.6086225" lon="104.1772553"><ele>-7.3</ele><time>2026-05-02T00:43:33.011Z</time></trkpt>
      <trkpt lat="10.6086027" lon="104.1772141"><ele>-7.3</ele><time>2026-05-02T00:43:34.010Z</time></trkpt>
      <trkpt lat="10.6085805" lon="104.1771723"><ele>-7.3</ele><time>2026-05-02T00:43:35.011Z</time></trkpt>
      <trkpt lat="10.6085463" lon="104.1771234"><ele>-7.3</ele><time>2026-05-02T00:43:36.011Z</time></trkpt>
      <trkpt lat="10.6085302" lon="104.1770781"><ele>-7.3</ele><time>2026-05-02T00:43:37.010Z</time></trkpt>
      <trkpt lat="10.6085122" lon="104.1770388"><ele>-7.3</ele><time>2026-05-02T00:43:38.011Z</time></trkpt>
      <trkpt lat="10.6084950" lon="104.1770024"><ele>-7.3</ele><time>2026-05-02T00:43:39.011Z</time></trkpt>
      <trkpt lat="10.6084739" lon="104.1769580"><ele>-7.3</ele><time>2026-05-02T00:43:40.011Z</time></trkpt>
      <trkpt lat="10.6084550" lon="104.1769099"><ele>-7.3</ele><time>2026-05-02T00:43:41.010Z</time></trkpt>
      <trkpt lat="10.6084385" lon="104.1768672"><ele>-7.3</ele><time>2026-05-02T00:43:42.010Z</time></trkpt>
      <trkpt lat="10.6084214" lon="104.1768263"><ele>-7.3</ele><time>2026-05-02T00:43:43.010Z</time></trkpt>
      <trkpt lat="10.6084008" lon="104.1767766"><ele>-7.8</ele><time>2026-05-02T00:43:44.011Z</time></trkpt>
      <trkpt lat="10.6083769" lon="104.1767362"><ele>-8.1</ele><time>2026-05-02T00:43:45.010Z</time></trkpt>
      <trkpt lat="10.6083576" lon="104.1767045"><ele>-8.1</ele><time>2026-05-02T00:43:46.010Z</time></trkpt>
      <trkpt lat="10.6083375" lon="104.1766551"><ele>-8.1</ele><time>2026-05-02T00:43:47.011Z</time></trkpt>
      <trkpt lat="10.6083107" lon="104.1766179"><ele>-8.1</ele><time>2026-05-02T00:43:48.010Z</time></trkpt>
      <trkpt lat="10.6082881" lon="104.1765761"><ele>-8.1</ele><time>2026-05-02T00:43:49.010Z</time></trkpt>
      <trkpt lat="10.6082672" lon="104.1765345"><ele>-8.1</ele><time>2026-05-02T00:43:50.011Z</time></trkpt>
      <trkpt lat="10.6082499" lon="104.1764965"><ele>-8.1</ele><time>2026-05-02T00:43:51.010Z</time></trkpt>
      <trkpt lat="10.6082400" lon="104.1764599"><ele>-8.1</ele><time>2026-05-02T00:43:52.010Z</time></trkpt>
      <trkpt lat="10.6082152" lon="104.1764270"><ele>-8.1</ele><time>2026-05-02T00:43:53.010Z</time></trkpt>
      <trkpt lat="10.6081974" lon="104.1763834"><ele>-8.1</ele><time>2026-05-02T00:43:54.012Z</time></trkpt>
      <trkpt lat="10.6081763" lon="104.1763443"><ele>-8.1</ele><time>2026-05-02T00:43:55.010Z</time></trkpt>
      <trkpt lat="10.6081586" lon="104.1763050"><ele>-8.1</ele><time>2026-05-02T00:43:56.012Z</time></trkpt>
      <trkpt lat="10.6081424" lon="104.1762682"><ele>-8.1</ele><time>2026-05-02T00:43:57.012Z</time></trkpt>
      <trkpt lat="10.6081303" lon="104.1762309"><ele>-8.1</ele><time>2026-05-02T00:43:58.010Z</time></trkpt>
      <trkpt lat="10.6081117" lon="104.1761929"><ele>-8.1</ele><time>2026-05-02T00:43:59.011Z</time></trkpt>
      <trkpt lat="10.6080937" lon="104.1761533"><ele>-8.1</ele><time>2026-05-02T00:44:00.011Z</time></trkpt>
      <trkpt lat="10.6080747" lon="104.1761142"><ele>-8.1</ele><time>2026-05-02T00:44:01.010Z</time></trkpt>
      <trkpt lat="10.6080548" lon="104.1760774"><ele>-8.1</ele><time>2026-05-02T00:44:02.011Z</time></trkpt>
      <trkpt lat="10.6080351" lon="104.1760439"><ele>-8.1</ele><time>2026-05-02T00:44:03.011Z</time></trkpt>
      <trkpt lat="10.6080208" lon="104.1760099"><ele>-8.1</ele><time>2026-05-02T00:44:04.010Z</time></trkpt>
      <trkpt lat="10.6080100" lon="104.1759765"><ele>-8.1</ele><time>2026-05-02T00:44:05.010Z</time></trkpt>
      <trkpt lat="10.6079977" lon="104.1759446"><ele>-8.1</ele><time>2026-05-02T00:44:06.011Z</time></trkpt>
      <trkpt lat="10.6079862" lon="104.1759131"><ele>-8.1</ele><time>2026-05-02T00:44:07.010Z</time></trkpt>
      <trkpt lat="10.6079765" lon="104.1758816"><ele>-8.1</ele><time>2026-05-02T00:44:08.011Z</time></trkpt>
      <trkpt lat="10.6079653" lon="104.1758526"><ele>-8.1</ele><time>2026-05-02T00:44:09.010Z</time></trkpt>
      <trkpt lat="10.6079496" lon="104.1758188"><ele>-8.1</ele><time>2026-05-02T00:44:10.011Z</time></trkpt>
      <trkpt lat="10.6079303" lon="104.1757772"><ele>-8.1</ele><time>2026-05-02T00:44:11.010Z</time></trkpt>
      <trkpt lat="10.6079183" lon="104.1757355"><ele>-8.1</ele><time>2026-05-02T00:44:12.010Z</time></trkpt>
      <trkpt lat="10.6079065" lon="104.1756874"><ele>-8.1</ele><time>2026-05-02T00:44:13.010Z</time></trkpt>
      <trkpt lat="10.6078880" lon="104.1756403"><ele>-8.1</ele><time>2026-05-02T00:44:14.009Z</time></trkpt>
      <trkpt lat="10.6078682" lon="104.1755938"><ele>-8.1</ele><time>2026-05-02T00:44:15.011Z</time></trkpt>
      <trkpt lat="10.6078432" lon="104.1755456"><ele>-8.1</ele><time>2026-05-02T00:44:16.009Z</time></trkpt>
      <trkpt lat="10.6078240" lon="104.1755002"><ele>-8.1</ele><time>2026-05-02T00:44:17.011Z</time></trkpt>
      <trkpt lat="10.6078033" lon="104.1754519"><ele>-8.1</ele><time>2026-05-02T00:44:18.010Z</time></trkpt>
      <trkpt lat="10.6077790" lon="104.1754075"><ele>-8.1</ele><time>2026-05-02T00:44:19.010Z</time></trkpt>
      <trkpt lat="10.6077583" lon="104.1753659"><ele>-8.1</ele><time>2026-05-02T00:44:20.011Z</time></trkpt>
      <trkpt lat="10.6077337" lon="104.1753215"><ele>-8.1</ele><time>2026-05-02T00:44:21.010Z</time></trkpt>
      <trkpt lat="10.6077123" lon="104.1752751"><ele>-8.1</ele><time>2026-05-02T00:44:22.010Z</time></trkpt>
      <trkpt lat="10.6076880" lon="104.1752298"><ele>-8.1</ele><time>2026-05-02T00:44:23.009Z</time></trkpt>
      <trkpt lat="10.6076650" lon="104.1751865"><ele>-8.1</ele><time>2026-05-02T00:44:24.011Z</time></trkpt>
      <trkpt lat="10.6076419" lon="104.1751370"><ele>-8.1</ele><time>2026-05-02T00:44:25.011Z</time></trkpt>
      <trkpt lat="10.6076249" lon="104.1750887"><ele>-8.1</ele><time>2026-05-02T00:44:26.010Z</time></trkpt>
      <trkpt lat="10.6076032" lon="104.1750436"><ele>-8.1</ele><time>2026-05-02T00:44:27.009Z</time></trkpt>
      <trkpt lat="10.6075834" lon="104.1749941"><ele>-8.1</ele><time>2026-05-02T00:44:28.011Z</time></trkpt>
      <trkpt lat="10.6075612" lon="104.1749497"><ele>-8.1</ele><time>2026-05-02T00:44:29.011Z</time></trkpt>
      <trkpt lat="10.6075383" lon="104.1749007"><ele>-8.1</ele><time>2026-05-02T00:44:30.010Z</time></trkpt>
      <trkpt lat="10.6075169" lon="104.1748559"><ele>-8.1</ele><time>2026-05-02T00:44:31.010Z</time></trkpt>
      <trkpt lat="10.6074956" lon="104.1748073"><ele>-8.1</ele><time>2026-05-02T00:44:32.010Z</time></trkpt>
      <trkpt lat="10.6074747" lon="104.1747595"><ele>-8.1</ele><time>2026-05-02T00:44:33.010Z</time></trkpt>
      <trkpt lat="10.6074503" lon="104.1747102"><ele>-8.1</ele><time>2026-05-02T00:44:34.011Z</time></trkpt>
      <trkpt lat="10.6074265" lon="104.1746648"><ele>-8.1</ele><time>2026-05-02T00:44:35.010Z</time></trkpt>
      <trkpt lat="10.6074084" lon="104.1746187"><ele>-8.1</ele><time>2026-05-02T00:44:36.010Z</time></trkpt>
      <trkpt lat="10.6073883" lon="104.1745727"><ele>-8.1</ele><time>2026-05-02T00:44:37.012Z</time></trkpt>
      <trkpt lat="10.6073698" lon="104.1745279"><ele>-8.1</ele><time>2026-05-02T00:44:38.010Z</time></trkpt>
      <trkpt lat="10.6073490" lon="104.1744831"><ele>-8.1</ele><time>2026-05-02T00:44:39.011Z</time></trkpt>
      <trkpt lat="10.6073280" lon="104.1744402"><ele>-8.1</ele><time>2026-05-02T00:44:40.010Z</time></trkpt>
      <trkpt lat="10.6073023" lon="104.1743944"><ele>-8.1</ele><time>2026-05-02T00:44:41.010Z</time></trkpt>
      <trkpt lat="10.6072791" lon="104.1743507"><ele>-8.1</ele><time>2026-05-02T00:44:42.012Z</time></trkpt>
      <trkpt lat="10.6072569" lon="104.1742997"><ele>-8.1</ele><time>2026-05-02T00:44:43.010Z</time></trkpt>
      <trkpt lat="10.6072402" lon="104.1742548"><ele>-8.1</ele><time>2026-05-02T00:44:44.012Z</time></trkpt>
      <trkpt lat="10.6072151" lon="104.1742049"><ele>-8.1</ele><time>2026-05-02T00:44:45.011Z</time></trkpt>
      <trkpt lat="10.6071940" lon="104.1741569"><ele>-8.1</ele><time>2026-05-02T00:44:46.009Z</time></trkpt>
      <trkpt lat="10.6071737" lon="104.1741140"><ele>-8.1</ele><time>2026-05-02T00:44:47.011Z</time></trkpt>
      <trkpt lat="10.6071528" lon="104.1740670"><ele>-8.1</ele><time>2026-05-02T00:44:48.009Z</time></trkpt>
      <trkpt lat="10.6071262" lon="104.1740193"><ele>-8.1</ele><time>2026-05-02T00:44:49.010Z</time></trkpt>
      <trkpt lat="10.6071029" lon="104.1739715"><ele>-8.1</ele><time>2026-05-02T00:44:50.009Z</time></trkpt>
      <trkpt lat="10.6070800" lon="104.1739257"><ele>-8.1</ele><time>2026-05-02T00:44:51.009Z</time></trkpt>
      <trkpt lat="10.6070637" lon="104.1738848"><ele>-8.1</ele><time>2026-05-02T00:44:52.010Z</time></trkpt>
      <trkpt lat="10.6070402" lon="104.1738362"><ele>-8.1</ele><time>2026-05-02T00:44:53.010Z</time></trkpt>
      <trkpt lat="10.6070197" lon="104.1737900"><ele>-8.1</ele><time>2026-05-02T00:44:54.011Z</time></trkpt>
      <trkpt lat="10.6069989" lon="104.1737434"><ele>-8.1</ele><time>2026-05-02T00:44:55.010Z</time></trkpt>
      <trkpt lat="10.6069738" lon="104.1737001"><ele>-8.1</ele><time>2026-05-02T00:44:56.010Z</time></trkpt>
      <trkpt lat="10.6069505" lon="104.1736548"><ele>-8.1</ele><time>2026-05-02T00:44:57.011Z</time></trkpt>
      <trkpt lat="10.6069265" lon="104.1736131"><ele>-8.1</ele><time>2026-05-02T00:44:58.011Z</time></trkpt>
      <trkpt lat="10.6069066" lon="104.1735682"><ele>-8.1</ele><time>2026-05-02T00:44:59.010Z</time></trkpt>
      <trkpt lat="10.6068793" lon="104.1735172"><ele>-8.1</ele><time>2026-05-02T00:45:00.010Z</time></trkpt>
      <trkpt lat="10.6068617" lon="104.1734732"><ele>-8.1</ele><time>2026-05-02T00:45:01.010Z</time></trkpt>
      <trkpt lat="10.6068410" lon="104.1734287"><ele>-8.1</ele><time>2026-05-02T00:45:02.012Z</time></trkpt>
      <trkpt lat="10.6068162" lon="104.1733811"><ele>-8.1</ele><time>2026-05-02T00:45:03.011Z</time></trkpt>
      <trkpt lat="10.6067931" lon="104.1733394"><ele>-8.1</ele><time>2026-05-02T00:45:04.010Z</time></trkpt>
      <trkpt lat="10.6067733" lon="104.1732892"><ele>-8.1</ele><time>2026-05-02T00:45:05.009Z</time></trkpt>
      <trkpt lat="10.6067483" lon="104.1732427"><ele>-8.1</ele><time>2026-05-02T00:45:06.010Z</time></trkpt>
      <trkpt lat="10.6067264" lon="104.1731993"><ele>-8.1</ele><time>2026-05-02T00:45:07.010Z</time></trkpt>
      <trkpt lat="10.6067056" lon="104.1731561"><ele>-8.1</ele><time>2026-05-02T00:45:08.010Z</time></trkpt>
      <trkpt lat="10.6066830" lon="104.1731063"><ele>-8.1</ele><time>2026-05-02T00:45:09.010Z</time></trkpt>
      <trkpt lat="10.6066607" lon="104.1730593"><ele>-8.1</ele><time>2026-05-02T00:45:10.010Z</time></trkpt>
      <trkpt lat="10.6066381" lon="104.1730106"><ele>-8.1</ele><time>2026-05-02T00:45:11.010Z</time></trkpt>
      <trkpt lat="10.6066155" lon="104.1729699"><ele>-8.1</ele><time>2026-05-02T00:45:12.010Z</time></trkpt>
      <trkpt lat="10.6065882" lon="104.1729229"><ele>-6.4</ele><time>2026-05-02T00:45:13.010Z</time></trkpt>
      <trkpt lat="10.6065687" lon="104.1728731"><ele>-4.8</ele><time>2026-05-02T00:45:14.010Z</time></trkpt>
      <trkpt lat="10.6065450" lon="104.1728281"><ele>-3.2</ele><time>2026-05-02T00:45:15.009Z</time></trkpt>
      <trkpt lat="10.6065243" lon="104.1727817"><ele>-3.2</ele><time>2026-05-02T00:45:16.010Z</time></trkpt>
      <trkpt lat="10.6065025" lon="104.1727383"><ele>-3.0</ele><time>2026-05-02T00:45:17.010Z</time></trkpt>
      <trkpt lat="10.6064867" lon="104.1726909"><ele>-2.9</ele><time>2026-05-02T00:45:18.011Z</time></trkpt>
      <trkpt lat="10.6064693" lon="104.1726487"><ele>-2.8</ele><time>2026-05-02T00:45:19.011Z</time></trkpt>
      <trkpt lat="10.6064601" lon="104.1726066"><ele>-3.0</ele><time>2026-05-02T00:45:20.011Z</time></trkpt>
      <trkpt lat="10.6064368" lon="104.1725602"><ele>-3.1</ele><time>2026-05-02T00:45:21.009Z</time></trkpt>
      <trkpt lat="10.6064214" lon="104.1725092"><ele>-3.1</ele><time>2026-05-02T00:45:22.010Z</time></trkpt>
      <trkpt lat="10.6064013" lon="104.1724645"><ele>-2.9</ele><time>2026-05-02T00:45:23.010Z</time></trkpt>
      <trkpt lat="10.6063766" lon="104.1724200"><ele>-2.9</ele><time>2026-05-02T00:45:24.009Z</time></trkpt>
      <trkpt lat="10.6063541" lon="104.1723763"><ele>-2.8</ele><time>2026-05-02T00:45:25.011Z</time></trkpt>
      <trkpt lat="10.6063393" lon="104.1723297"><ele>-3.0</ele><time>2026-05-02T00:45:26.010Z</time></trkpt>
      <trkpt lat="10.6063201" lon="104.1722879"><ele>-3.3</ele><time>2026-05-02T00:45:27.010Z</time></trkpt>
      <trkpt lat="10.6062932" lon="104.1722445"><ele>-3.5</ele><time>2026-05-02T00:45:28.010Z</time></trkpt>
      <trkpt lat="10.6062693" lon="104.1722085"><ele>-3.5</ele><time>2026-05-02T00:45:29.010Z</time></trkpt>
      <trkpt lat="10.6062393" lon="104.1721635"><ele>-3.1</ele><time>2026-05-02T00:45:30.010Z</time></trkpt>
      <trkpt lat="10.6062187" lon="104.1721182"><ele>-2.8</ele><time>2026-05-02T00:45:31.010Z</time></trkpt>
      <trkpt lat="10.6061949" lon="104.1720742"><ele>-2.6</ele><time>2026-05-02T00:45:32.011Z</time></trkpt>
      <trkpt lat="10.6061686" lon="104.1720329"><ele>-2.8</ele><time>2026-05-02T00:45:33.010Z</time></trkpt>
      <trkpt lat="10.6061405" lon="104.1719924"><ele>-2.8</ele><time>2026-05-02T00:45:34.010Z</time></trkpt>
      <trkpt lat="10.6061087" lon="104.1719553"><ele>-2.6</ele><time>2026-05-02T00:45:35.010Z</time></trkpt>
      <trkpt lat="10.6060773" lon="104.1719225"><ele>-2.6</ele><time>2026-05-02T00:45:36.010Z</time></trkpt>
      <trkpt lat="10.6060436" lon="104.1718834"><ele>-2.4</ele><time>2026-05-02T00:45:37.010Z</time></trkpt>
      <trkpt lat="10.6060115" lon="104.1718435"><ele>-2.4</ele><time>2026-05-02T00:45:38.010Z</time></trkpt>
      <trkpt lat="10.6059790" lon="104.1718098"><ele>-2.2</ele><time>2026-05-02T00:45:39.009Z</time></trkpt>
      <trkpt lat="10.6059487" lon="104.1717731"><ele>-2.1</ele><time>2026-05-02T00:45:40.011Z</time></trkpt>
      <trkpt lat="10.6059210" lon="104.1717353"><ele>-2.2</ele><time>2026-05-02T00:45:41.011Z</time></trkpt>
      <trkpt lat="10.6058972" lon="104.1717000"><ele>-2.1</ele><time>2026-05-02T00:45:42.009Z</time></trkpt>
      <trkpt lat="10.6058674" lon="104.1716637"><ele>-2.1</ele><time>2026-05-02T00:45:43.012Z</time></trkpt>
      <trkpt lat="10.6058395" lon="104.1716288"><ele>-2.0</ele><time>2026-05-02T00:45:44.011Z</time></trkpt>
      <trkpt lat="10.6058143" lon="104.1715940"><ele>-1.8</ele><time>2026-05-02T00:45:45.010Z</time></trkpt>
      <trkpt lat="10.6057893" lon="104.1715629"><ele>-1.8</ele><time>2026-05-02T00:45:46.010Z</time></trkpt>
      <trkpt lat="10.6057749" lon="104.1715262"><ele>-2.1</ele><time>2026-05-02T00:45:47.010Z</time></trkpt>
      <trkpt lat="10.6057548" lon="104.1714909"><ele>-2.4</ele><time>2026-05-02T00:45:48.012Z</time></trkpt>
      <trkpt lat="10.6057322" lon="104.1714598"><ele>-2.8</ele><time>2026-05-02T00:45:49.010Z</time></trkpt>
      <trkpt lat="10.6057055" lon="104.1714269"><ele>-3.1</ele><time>2026-05-02T00:45:50.010Z</time></trkpt>
      <trkpt lat="10.6056720" lon="104.1713906"><ele>-3.4</ele><time>2026-05-02T00:45:51.009Z</time></trkpt>
      <trkpt lat="10.6056395" lon="104.1713562"><ele>-3.3</ele><time>2026-05-02T00:45:52.011Z</time></trkpt>
      <trkpt lat="10.6055991" lon="104.1713290"><ele>-3.2</ele><time>2026-05-02T00:45:53.010Z</time></trkpt>
      <trkpt lat="10.6055622" lon="104.1713015"><ele>-3.0</ele><time>2026-05-02T00:45:54.010Z</time></trkpt>
      <trkpt lat="10.6055174" lon="104.1712862"><ele>-2.6</ele><time>2026-05-02T00:45:55.010Z</time></trkpt>
      <trkpt lat="10.6054760" lon="104.1712648"><ele>-2.4</ele><time>2026-05-02T00:45:56.010Z</time></trkpt>
      <trkpt lat="10.6054309" lon="104.1712440"><ele>-2.0</ele><time>2026-05-02T00:45:57.010Z</time></trkpt>
      <trkpt lat="10.6053889" lon="104.1712276"><ele>-2.0</ele><time>2026-05-02T00:45:58.010Z</time></trkpt>
      <trkpt lat="10.6053421" lon="104.1712093"><ele>-1.8</ele><time>2026-05-02T00:45:59.009Z</time></trkpt>
      <trkpt lat="10.6052970" lon="104.1711842"><ele>-1.5</ele><time>2026-05-02T00:46:00.010Z</time></trkpt>
      <trkpt lat="10.6052505" lon="104.1711590"><ele>-1.1</ele><time>2026-05-02T00:46:01.010Z</time></trkpt>
      <trkpt lat="10.6052029" lon="104.1711369"><ele>-0.9</ele><time>2026-05-02T00:46:02.010Z</time></trkpt>
      <trkpt lat="10.6051597" lon="104.1711146"><ele>-0.9</ele><time>2026-05-02T00:46:03.010Z</time></trkpt>
      <trkpt lat="10.6051145" lon="104.1710868"><ele>-1.1</ele><time>2026-05-02T00:46:04.011Z</time></trkpt>
      <trkpt lat="10.6050679" lon="104.1710625"><ele>-1.2</ele><time>2026-05-02T00:46:05.010Z</time></trkpt>
      <trkpt lat="10.6050173" lon="104.1710333"><ele>-1.4</ele><time>2026-05-02T00:46:06.010Z</time></trkpt>
      <trkpt lat="10.6049720" lon="104.1710119"><ele>-1.6</ele><time>2026-05-02T00:46:07.010Z</time></trkpt>
      <trkpt lat="10.6049278" lon="104.1709928"><ele>-1.8</ele><time>2026-05-02T00:46:08.010Z</time></trkpt>
      <trkpt lat="10.6048810" lon="104.1709733"><ele>-1.9</ele><time>2026-05-02T00:46:09.010Z</time></trkpt>
      <trkpt lat="10.6048218" lon="104.1709438"><ele>-1.3</ele><time>2026-05-02T00:46:10.009Z</time></trkpt>
      <trkpt lat="10.6047730" lon="104.1709169"><ele>-0.6</ele><time>2026-05-02T00:46:11.010Z</time></trkpt>
      <trkpt lat="10.6047357" lon="104.1708951"><ele>-0.0</ele><time>2026-05-02T00:46:12.010Z</time></trkpt>
      <trkpt lat="10.6046947" lon="104.1708684"><ele>-0.3</ele><time>2026-05-02T00:46:13.010Z</time></trkpt>
      <trkpt lat="10.6046431" lon="104.1708374"><ele>-0.5</ele><time>2026-05-02T00:46:14.010Z</time></trkpt>
      <trkpt lat="10.6045960" lon="104.1708129"><ele>-1.0</ele><time>2026-05-02T00:46:15.010Z</time></trkpt>
      <trkpt lat="10.6045434" lon="104.1708005"><ele>-1.4</ele><time>2026-05-02T00:46:16.011Z</time></trkpt>
      <trkpt lat="10.6045012" lon="104.1707794"><ele>-2.0</ele><time>2026-05-02T00:46:17.010Z</time></trkpt>
      <trkpt lat="10.6044467" lon="104.1707608"><ele>-2.0</ele><time>2026-05-02T00:46:18.009Z</time></trkpt>
      <trkpt lat="10.6043954" lon="104.1707401"><ele>-1.8</ele><time>2026-05-02T00:46:19.010Z</time></trkpt>
      <trkpt lat="10.6043434" lon="104.1707191"><ele>-1.6</ele><time>2026-05-02T00:46:20.009Z</time></trkpt>
      <trkpt lat="10.6042867" lon="104.1706923"><ele>-1.5</ele><time>2026-05-02T00:46:21.010Z</time></trkpt>
      <trkpt lat="10.6042292" lon="104.1706700"><ele>-1.5</ele><time>2026-05-02T00:46:22.009Z</time></trkpt>
      <trkpt lat="10.6041709" lon="104.1706437"><ele>-1.8</ele><time>2026-05-02T00:46:23.010Z</time></trkpt>
      <trkpt lat="10.6041118" lon="104.1706155"><ele>-2.2</ele><time>2026-05-02T00:46:24.010Z</time></trkpt>
      <trkpt lat="10.6040505" lon="104.1705889"><ele>-2.3</ele><time>2026-05-02T00:46:25.009Z</time></trkpt>
      <trkpt lat="10.6039919" lon="104.1705589"><ele>-2.2</ele><time>2026-05-02T00:46:26.010Z</time></trkpt>
      <trkpt lat="10.6039322" lon="104.1705322"><ele>-2.0</ele><time>2026-05-02T00:46:27.009Z</time></trkpt>
      <trkpt lat="10.6038760" lon="104.1705034"><ele>-2.1</ele><time>2026-05-02T00:46:28.010Z</time></trkpt>
      <trkpt lat="10.6038209" lon="104.1704715"><ele>-2.3</ele><time>2026-05-02T00:46:29.010Z</time></trkpt>
      <trkpt lat="10.6037644" lon="104.1704430"><ele>-2.8</ele><time>2026-05-02T00:46:30.010Z</time></trkpt>
      <trkpt lat="10.6037029" lon="104.1704161"><ele>-3.2</ele><time>2026-05-02T00:46:31.010Z</time></trkpt>
      <trkpt lat="10.6036456" lon="104.1703888"><ele>-3.2</ele><time>2026-05-02T00:46:32.011Z</time></trkpt>
      <trkpt lat="10.6035871" lon="104.1703577"><ele>-3.0</ele><time>2026-05-02T00:46:33.010Z</time></trkpt>
      <trkpt lat="10.6035325" lon="104.1703336"><ele>-2.8</ele><time>2026-05-02T00:46:34.009Z</time></trkpt>
      <trkpt lat="10.6034740" lon="104.1703072"><ele>-2.9</ele><time>2026-05-02T00:46:35.010Z</time></trkpt>
      <trkpt lat="10.6034160" lon="104.1702824"><ele>-2.8</ele><time>2026-05-02T00:46:36.010Z</time></trkpt>
      <trkpt lat="10.6033540" lon="104.1702562"><ele>-2.9</ele><time>2026-05-02T00:46:37.010Z</time></trkpt>
      <trkpt lat="10.6032987" lon="104.1702317"><ele>-2.9</ele><time>2026-05-02T00:46:38.010Z</time></trkpt>
      <trkpt lat="10.6032427" lon="104.1702055"><ele>-3.1</ele><time>2026-05-02T00:46:39.010Z</time></trkpt>
      <trkpt lat="10.6031845" lon="104.1701810"><ele>-3.2</ele><time>2026-05-02T00:46:40.009Z</time></trkpt>
      <trkpt lat="10.6031271" lon="104.1701566"><ele>-3.4</ele><time>2026-05-02T00:46:41.009Z</time></trkpt>
      <trkpt lat="10.6030676" lon="104.1701276"><ele>-3.4</ele><time>2026-05-02T00:46:42.010Z</time></trkpt>
      <trkpt lat="10.6030102" lon="104.1701041"><ele>-3.2</ele><time>2026-05-02T00:46:43.009Z</time></trkpt>
      <trkpt lat="10.6029593" lon="104.1700733"><ele>-3.1</ele><time>2026-05-02T00:46:44.010Z</time></trkpt>
      <trkpt lat="10.6029051" lon="104.1700509"><ele>-3.2</ele><time>2026-05-02T00:46:45.010Z</time></trkpt>
      <trkpt lat="10.6028563" lon="104.1700252"><ele>-3.3</ele><time>2026-05-02T00:46:46.009Z</time></trkpt>
      <trkpt lat="10.6028043" lon="104.1699999"><ele>-3.3</ele><time>2026-05-02T00:46:47.010Z</time></trkpt>
      <trkpt lat="10.6027545" lon="104.1699731"><ele>-3.4</ele><time>2026-05-02T00:46:48.009Z</time></trkpt>
      <trkpt lat="10.6026978" lon="104.1699443"><ele>-3.1</ele><time>2026-05-02T00:46:49.010Z</time></trkpt>
      <trkpt lat="10.6026447" lon="104.1699211"><ele>-3.2</ele><time>2026-05-02T00:46:50.009Z</time></trkpt>
      <trkpt lat="10.6025892" lon="104.1699007"><ele>-3.2</ele><time>2026-05-02T00:46:51.010Z</time></trkpt>
      <trkpt lat="10.6025343" lon="104.1698750"><ele>-3.4</ele><time>2026-05-02T00:46:52.010Z</time></trkpt>
      <trkpt lat="10.6024825" lon="104.1698470"><ele>-3.3</ele><time>2026-05-02T00:46:53.011Z</time></trkpt>
      <trkpt lat="10.6024252" lon="104.1698267"><ele>-3.1</ele><time>2026-05-02T00:46:54.010Z</time></trkpt>
      <trkpt lat="10.6023719" lon="104.1698053"><ele>-3.1</ele><time>2026-05-02T00:46:55.010Z</time></trkpt>
      <trkpt lat="10.6023235" lon="104.1697853"><ele>-3.0</ele><time>2026-05-02T00:46:56.010Z</time></trkpt>
      <trkpt lat="10.6022703" lon="104.1697665"><ele>-2.7</ele><time>2026-05-02T00:46:57.010Z</time></trkpt>
      <trkpt lat="10.6022175" lon="104.1697465"><ele>-2.5</ele><time>2026-05-02T00:46:58.011Z</time></trkpt>
      <trkpt lat="10.6021690" lon="104.1697211"><ele>-2.3</ele><time>2026-05-02T00:46:59.011Z</time></trkpt>
      <trkpt lat="10.6021180" lon="104.1696916"><ele>-2.2</ele><time>2026-05-02T00:47:00.010Z</time></trkpt>
      <trkpt lat="10.6020681" lon="104.1696670"><ele>-2.1</ele><time>2026-05-02T00:47:01.009Z</time></trkpt>
      <trkpt lat="10.6020145" lon="104.1696470"><ele>-2.0</ele><time>2026-05-02T00:47:02.010Z</time></trkpt>
      <trkpt lat="10.6019660" lon="104.1696294"><ele>-2.3</ele><time>2026-05-02T00:47:03.010Z</time></trkpt>
      <trkpt lat="10.6019237" lon="104.1696112"><ele>-2.6</ele><time>2026-05-02T00:47:04.010Z</time></trkpt>
      <trkpt lat="10.6018783" lon="104.1695919"><ele>-3.0</ele><time>2026-05-02T00:47:05.009Z</time></trkpt>
      <trkpt lat="10.6018293" lon="104.1695716"><ele>-3.1</ele><time>2026-05-02T00:47:06.010Z</time></trkpt>
      <trkpt lat="10.6017803" lon="104.1695527"><ele>-3.1</ele><time>2026-05-02T00:47:07.010Z</time></trkpt>
      <trkpt lat="10.6017301" lon="104.1695288"><ele>-3.1</ele><time>2026-05-02T00:47:08.010Z</time></trkpt>
      <trkpt lat="10.6016856" lon="104.1695071"><ele>-3.2</ele><time>2026-05-02T00:47:09.008Z</time></trkpt>
      <trkpt lat="10.6016329" lon="104.1694853"><ele>-3.2</ele><time>2026-05-02T00:47:10.010Z</time></trkpt>
      <trkpt lat="10.6015843" lon="104.1694597"><ele>-3.3</ele><time>2026-05-02T00:47:11.010Z</time></trkpt>
      <trkpt lat="10.6015311" lon="104.1694336"><ele>-3.3</ele><time>2026-05-02T00:47:12.010Z</time></trkpt>
      <trkpt lat="10.6014770" lon="104.1694086"><ele>-3.4</ele><time>2026-05-02T00:47:13.010Z</time></trkpt>
      <trkpt lat="10.6014358" lon="104.1693778"><ele>-3.7</ele><time>2026-05-02T00:47:14.010Z</time></trkpt>
      <trkpt lat="10.6013899" lon="104.1693490"><ele>-4.0</ele><time>2026-05-02T00:47:15.010Z</time></trkpt>
      <trkpt lat="10.6013350" lon="104.1693247"><ele>-4.3</ele><time>2026-05-02T00:47:16.010Z</time></trkpt>
      <trkpt lat="10.6012806" lon="104.1692988"><ele>-4.3</ele><time>2026-05-02T00:47:17.010Z</time></trkpt>
      <trkpt lat="10.6012320" lon="104.1692754"><ele>-4.2</ele><time>2026-05-02T00:47:18.010Z</time></trkpt>
      <trkpt lat="10.6011817" lon="104.1692472"><ele>-4.1</ele><time>2026-05-02T00:47:19.010Z</time></trkpt>
      <trkpt lat="10.6011333" lon="104.1692224"><ele>-4.1</ele><time>2026-05-02T00:47:20.009Z</time></trkpt>
      <trkpt lat="10.6010858" lon="104.1691998"><ele>-4.1</ele><time>2026-05-02T00:47:21.010Z</time></trkpt>
      <trkpt lat="10.6010463" lon="104.1691792"><ele>-4.0</ele><time>2026-05-02T00:47:22.011Z</time></trkpt>
      <trkpt lat="10.6009964" lon="104.1691624"><ele>-4.0</ele><time>2026-05-02T00:47:23.010Z</time></trkpt>
      <trkpt lat="10.6009476" lon="104.1691465"><ele>-3.9</ele><time>2026-05-02T00:47:24.010Z</time></trkpt>
      <trkpt lat="10.6008998" lon="104.1691267"><ele>-3.9</ele><time>2026-05-02T00:47:25.011Z</time></trkpt>
      <trkpt lat="10.6008542" lon="104.1691035"><ele>-3.8</ele><time>2026-05-02T00:47:26.010Z</time></trkpt>
      <trkpt lat="10.6008088" lon="104.1690842"><ele>-3.8</ele><time>2026-05-02T00:47:27.010Z</time></trkpt>
      <trkpt lat="10.6007623" lon="104.1690644"><ele>-3.7</ele><time>2026-05-02T00:47:28.010Z</time></trkpt>
      <trkpt lat="10.6007232" lon="104.1690408"><ele>-3.6</ele><time>2026-05-02T00:47:29.010Z</time></trkpt>
      <trkpt lat="10.6006756" lon="104.1690191"><ele>-3.6</ele><time>2026-05-02T00:47:30.011Z</time></trkpt>
      <trkpt lat="10.6006327" lon="104.1689944"><ele>-3.6</ele><time>2026-05-02T00:47:31.010Z</time></trkpt>
      <trkpt lat="10.6005890" lon="104.1689758"><ele>-3.7</ele><time>2026-05-02T00:47:32.008Z</time></trkpt>
      <trkpt lat="10.6005388" lon="104.1689549"><ele>-3.9</ele><time>2026-05-02T00:47:33.010Z</time></trkpt>
      <trkpt lat="10.6004860" lon="104.1689313"><ele>-4.2</ele><time>2026-05-02T00:47:34.011Z</time></trkpt>
      <trkpt lat="10.6004358" lon="104.1689054"><ele>-4.2</ele><time>2026-05-02T00:47:35.010Z</time></trkpt>
      <trkpt lat="10.6003840" lon="104.1688820"><ele>-4.3</ele><time>2026-05-02T00:47:36.010Z</time></trkpt>
      <trkpt lat="10.6003359" lon="104.1688589"><ele>-4.3</ele><time>2026-05-02T00:47:37.011Z</time></trkpt>
      <trkpt lat="10.6002812" lon="104.1688348"><ele>-4.2</ele><time>2026-05-02T00:47:38.010Z</time></trkpt>
      <trkpt lat="10.6002251" lon="104.1688092"><ele>-4.2</ele><time>2026-05-02T00:47:39.010Z</time></trkpt>
      <trkpt lat="10.6001666" lon="104.1687820"><ele>-4.1</ele><time>2026-05-02T00:47:40.010Z</time></trkpt>
      <trkpt lat="10.6001159" lon="104.1687566"><ele>-4.1</ele><time>2026-05-02T00:47:41.009Z</time></trkpt>
      <trkpt lat="10.6000656" lon="104.1687357"><ele>-4.1</ele><time>2026-05-02T00:47:42.009Z</time></trkpt>
      <trkpt lat="10.6000129" lon="104.1687125"><ele>-4.2</ele><time>2026-05-02T00:47:43.010Z</time></trkpt>
      <trkpt lat="10.5999597" lon="104.1686900"><ele>-4.4</ele><time>2026-05-02T00:47:44.010Z</time></trkpt>
      <trkpt lat="10.5999115" lon="104.1686654"><ele>-4.5</ele><time>2026-05-02T00:47:45.010Z</time></trkpt>
      <trkpt lat="10.5998576" lon="104.1686446"><ele>-4.5</ele><time>2026-05-02T00:47:46.010Z</time></trkpt>
      <trkpt lat="10.5998057" lon="104.1686218"><ele>-4.4</ele><time>2026-05-02T00:47:47.010Z</time></trkpt>
      <trkpt lat="10.5997564" lon="104.1685981"><ele>-4.3</ele><time>2026-05-02T00:47:48.010Z</time></trkpt>
      <trkpt lat="10.5997066" lon="104.1685745"><ele>-4.0</ele><time>2026-05-02T00:47:49.010Z</time></trkpt>
      <trkpt lat="10.5996585" lon="104.1685513"><ele>-3.8</ele><time>2026-05-02T00:47:50.009Z</time></trkpt>
      <trkpt lat="10.5996087" lon="104.1685268"><ele>-3.8</ele><time>2026-05-02T00:47:51.009Z</time></trkpt>
      <trkpt lat="10.5995610" lon="104.1685075"><ele>-3.9</ele><time>2026-05-02T00:47:52.011Z</time></trkpt>
      <trkpt lat="10.5995273" lon="104.1684681"><ele>-4.0</ele><time>2026-05-02T00:47:53.009Z</time></trkpt>
      <trkpt lat="10.5995248" lon="104.1684244"><ele>-4.4</ele><time>2026-05-02T00:47:54.010Z</time></trkpt>
      <trkpt lat="10.5995350" lon="104.1683773"><ele>-4.8</ele><time>2026-05-02T00:47:55.010Z</time></trkpt>
      <trkpt lat="10.5995372" lon="104.1683319"><ele>-5.1</ele><time>2026-05-02T00:47:56.010Z</time></trkpt>
      <trkpt lat="10.5995436" lon="104.1682905"><ele>-5.2</ele><time>2026-05-02T00:47:57.010Z</time></trkpt>
      <trkpt lat="10.5995515" lon="104.1682480"><ele>-4.7</ele><time>2026-05-02T00:47:58.010Z</time></trkpt>
      <trkpt lat="10.5995583" lon="104.1682062"><ele>-4.3</ele><time>2026-05-02T00:47:59.010Z</time></trkpt>
      <trkpt lat="10.5995646" lon="104.1681620"><ele>-3.7</ele><time>2026-05-02T00:48:00.010Z</time></trkpt>
      <trkpt lat="10.5995670" lon="104.1681188"><ele>-3.7</ele><time>2026-05-02T00:48:01.011Z</time></trkpt>
      <trkpt lat="10.5995802" lon="104.1680762"><ele>-3.5</ele><time>2026-05-02T00:48:02.009Z</time></trkpt>
      <trkpt lat="10.5995885" lon="104.1680303"><ele>-3.7</ele><time>2026-05-02T00:48:03.010Z</time></trkpt>
      <trkpt lat="10.5995925" lon="104.1679828"><ele>-3.8</ele><time>2026-05-02T00:48:04.009Z</time></trkpt>
      <trkpt lat="10.5995990" lon="104.1679309"><ele>-4.2</ele><time>2026-05-02T00:48:05.009Z</time></trkpt>
      <trkpt lat="10.5996035" lon="104.1678785"><ele>-4.4</ele><time>2026-05-02T00:48:06.009Z</time></trkpt>
      <trkpt lat="10.5996038" lon="104.1678262"><ele>-4.6</ele><time>2026-05-02T00:48:07.009Z</time></trkpt>
      <trkpt lat="10.5996076" lon="104.1677734"><ele>-4.8</ele><time>2026-05-02T00:48:08.010Z</time></trkpt>
      <trkpt lat="10.5996129" lon="104.1677190"><ele>-5.2</ele><time>2026-05-02T00:48:09.010Z</time></trkpt>
      <trkpt lat="10.5996161" lon="104.1676656"><ele>-5.7</ele><time>2026-05-02T00:48:10.010Z</time></trkpt>
      <trkpt lat="10.5996250" lon="104.1676121"><ele>-6.3</ele><time>2026-05-02T00:48:11.010Z</time></trkpt>
      <trkpt lat="10.5996335" lon="104.1675594"><ele>-6.6</ele><time>2026-05-02T00:48:12.011Z</time></trkpt>
      <trkpt lat="10.5996429" lon="104.1675029"><ele>-6.7</ele><time>2026-05-02T00:48:13.008Z</time></trkpt>
      <trkpt lat="10.5996464" lon="104.1674505"><ele>-6.4</ele><time>2026-05-02T00:48:14.010Z</time></trkpt>
      <trkpt lat="10.5996490" lon="104.1673959"><ele>-5.8</ele><time>2026-05-02T00:48:15.010Z</time></trkpt>
      <trkpt lat="10.5996515" lon="104.1673403"><ele>-5.5</ele><time>2026-05-02T00:48:16.009Z</time></trkpt>
      <trkpt lat="10.5996576" lon="104.1672826"><ele>-5.3</ele><time>2026-05-02T00:48:17.010Z</time></trkpt>
      <trkpt lat="10.5996584" lon="104.1672324"><ele>-5.4</ele><time>2026-05-02T00:48:18.009Z</time></trkpt>
      <trkpt lat="10.5996641" lon="104.1671826"><ele>-5.3</ele><time>2026-05-02T00:48:19.010Z</time></trkpt>
      <trkpt lat="10.5996689" lon="104.1671270"><ele>-5.1</ele><time>2026-05-02T00:48:20.010Z</time></trkpt>
      <trkpt lat="10.5996769" lon="104.1670668"><ele>-4.8</ele><time>2026-05-02T00:48:21.010Z</time></trkpt>
      <trkpt lat="10.5996814" lon="104.1670084"><ele>-4.5</ele><time>2026-05-02T00:48:22.010Z</time></trkpt>
      <trkpt lat="10.5996877" lon="104.1669511"><ele>-4.4</ele><time>2026-05-02T00:48:23.010Z</time></trkpt>
      <trkpt lat="10.5996912" lon="104.1668964"><ele>-4.4</ele><time>2026-05-02T00:48:24.010Z</time></trkpt>
      <trkpt lat="10.5996968" lon="104.1668367"><ele>-4.5</ele><time>2026-05-02T00:48:25.010Z</time></trkpt>
      <trkpt lat="10.5997028" lon="104.1667777"><ele>-4.7</ele><time>2026-05-02T00:48:26.011Z</time></trkpt>
      <trkpt lat="10.5997036" lon="104.1667193"><ele>-4.6</ele><time>2026-05-02T00:48:27.010Z</time></trkpt>
      <trkpt lat="10.5997003" lon="104.1666611"><ele>-4.5</ele><time>2026-05-02T00:48:28.011Z</time></trkpt>
      <trkpt lat="10.5997001" lon="104.1666079"><ele>-4.3</ele><time>2026-05-02T00:48:29.010Z</time></trkpt>
      <trkpt lat="10.5996979" lon="104.1665508"><ele>-4.2</ele><time>2026-05-02T00:48:30.011Z</time></trkpt>
      <trkpt lat="10.5996923" lon="104.1664922"><ele>-4.1</ele><time>2026-05-02T00:48:31.010Z</time></trkpt>
      <trkpt lat="10.5996936" lon="104.1664408"><ele>-4.3</ele><time>2026-05-02T00:48:32.008Z</time></trkpt>
      <trkpt lat="10.5996885" lon="104.1663865"><ele>-4.5</ele><time>2026-05-02T00:48:33.011Z</time></trkpt>
      <trkpt lat="10.5996775" lon="104.1663326"><ele>-4.5</ele><time>2026-05-02T00:48:34.010Z</time></trkpt>
      <trkpt lat="10.5996673" lon="104.1662791"><ele>-4.3</ele><time>2026-05-02T00:48:35.011Z</time></trkpt>
      <trkpt lat="10.5996607" lon="104.1662238"><ele>-4.2</ele><time>2026-05-02T00:48:36.011Z</time></trkpt>
      <trkpt lat="10.5996517" lon="104.1661680"><ele>-4.1</ele><time>2026-05-02T00:48:37.010Z</time></trkpt>
      <trkpt lat="10.5996426" lon="104.1661137"><ele>-4.2</ele><time>2026-05-02T00:48:38.010Z</time></trkpt>
      <trkpt lat="10.5996416" lon="104.1660592"><ele>-4.3</ele><time>2026-05-02T00:48:39.009Z</time></trkpt>
      <trkpt lat="10.5996393" lon="104.1660081"><ele>-4.3</ele><time>2026-05-02T00:48:40.010Z</time></trkpt>
      <trkpt lat="10.5996287" lon="104.1659552"><ele>-4.3</ele><time>2026-05-02T00:48:41.010Z</time></trkpt>
      <trkpt lat="10.5996282" lon="104.1659086"><ele>-4.0</ele><time>2026-05-02T00:48:42.009Z</time></trkpt>
      <trkpt lat="10.5996271" lon="104.1658617"><ele>-4.2</ele><time>2026-05-02T00:48:43.011Z</time></trkpt>
      <trkpt lat="10.5996147" lon="104.1658134"><ele>-4.3</ele><time>2026-05-02T00:48:44.010Z</time></trkpt>
      <trkpt lat="10.5996093" lon="104.1657647"><ele>-4.4</ele><time>2026-05-02T00:48:45.010Z</time></trkpt>
      <trkpt lat="10.5996095" lon="104.1657159"><ele>-4.2</ele><time>2026-05-02T00:48:46.010Z</time></trkpt>
      <trkpt lat="10.5996038" lon="104.1656725"><ele>-4.2</ele><time>2026-05-02T00:48:47.011Z</time></trkpt>
      <trkpt lat="10.5995937" lon="104.1656267"><ele>-4.2</ele><time>2026-05-02T00:48:48.010Z</time></trkpt>
      <trkpt lat="10.5995839" lon="104.1655733"><ele>-4.0</ele><time>2026-05-02T00:48:49.009Z</time></trkpt>
      <trkpt lat="10.5995748" lon="104.1655210"><ele>-3.8</ele><time>2026-05-02T00:48:50.010Z</time></trkpt>
      <trkpt lat="10.5995621" lon="104.1654752"><ele>-3.8</ele><time>2026-05-02T00:48:51.009Z</time></trkpt>
      <trkpt lat="10.5995459" lon="104.1654229"><ele>-4.1</ele><time>2026-05-02T00:48:52.009Z</time></trkpt>
      <trkpt lat="10.5995354" lon="104.1653707"><ele>-4.4</ele><time>2026-05-02T00:48:53.011Z</time></trkpt>
      <trkpt lat="10.5995288" lon="104.1653217"><ele>-4.5</ele><time>2026-05-02T00:48:54.010Z</time></trkpt>
      <trkpt lat="10.5995187" lon="104.1652727"><ele>-4.4</ele><time>2026-05-02T00:48:55.010Z</time></trkpt>
      <trkpt lat="10.5995115" lon="104.1652270"><ele>-4.0</ele><time>2026-05-02T00:48:56.010Z</time></trkpt>
      <trkpt lat="10.5995025" lon="104.1651779"><ele>-3.7</ele><time>2026-05-02T00:48:57.011Z</time></trkpt>
      <trkpt lat="10.5994958" lon="104.1651298"><ele>-3.4</ele><time>2026-05-02T00:48:58.010Z</time></trkpt>
      <trkpt lat="10.5994892" lon="104.1650786"><ele>-3.3</ele><time>2026-05-02T00:48:59.009Z</time></trkpt>
      <trkpt lat="10.5994852" lon="104.1650282"><ele>-3.3</ele><time>2026-05-02T00:49:00.009Z</time></trkpt>
      <trkpt lat="10.5994800" lon="104.1649814"><ele>-3.5</ele><time>2026-05-02T00:49:01.009Z</time></trkpt>
      <trkpt lat="10.5994722" lon="104.1649351"><ele>-3.6</ele><time>2026-05-02T00:49:02.009Z</time></trkpt>
      <trkpt lat="10.5994639" lon="104.1648888"><ele>-3.8</ele><time>2026-05-02T00:49:03.009Z</time></trkpt>
      <trkpt lat="10.5994550" lon="104.1648411"><ele>-3.8</ele><time>2026-05-02T00:49:04.010Z</time></trkpt>
      <trkpt lat="10.5994439" lon="104.1647891"><ele>-3.9</ele><time>2026-05-02T00:49:05.010Z</time></trkpt>
      <trkpt lat="10.5994376" lon="104.1647470"><ele>-4.0</ele><time>2026-05-02T00:49:06.009Z</time></trkpt>
      <trkpt lat="10.5994282" lon="104.1646952"><ele>-4.2</ele><time>2026-05-02T00:49:07.009Z</time></trkpt>
      <trkpt lat="10.5994200" lon="104.1646476"><ele>-4.2</ele><time>2026-05-02T00:49:08.009Z</time></trkpt>
      <trkpt lat="10.5994115" lon="104.1645953"><ele>-3.9</ele><time>2026-05-02T00:49:09.009Z</time></trkpt>
      <trkpt lat="10.5994106" lon="104.1645486"><ele>-3.8</ele><time>2026-05-02T00:49:10.009Z</time></trkpt>
      <trkpt lat="10.5994099" lon="104.1645012"><ele>-4.2</ele><time>2026-05-02T00:49:11.009Z</time></trkpt>
      <trkpt lat="10.5994020" lon="104.1644558"><ele>-4.7</ele><time>2026-05-02T00:49:12.010Z</time></trkpt>
      <trkpt lat="10.5994011" lon="104.1644068"><ele>-5.0</ele><time>2026-05-02T00:49:13.011Z</time></trkpt>
      <trkpt lat="10.5993964" lon="104.1643583"><ele>-4.9</ele><time>2026-05-02T00:49:14.008Z</time></trkpt>
      <trkpt lat="10.5993946" lon="104.1643074"><ele>-5.0</ele><time>2026-05-02T00:49:15.010Z</time></trkpt>
      <trkpt lat="10.5993841" lon="104.1642569"><ele>-4.9</ele><time>2026-05-02T00:49:16.010Z</time></trkpt>
      <trkpt lat="10.5993756" lon="104.1642111"><ele>-4.9</ele><time>2026-05-02T00:49:17.011Z</time></trkpt>
      <trkpt lat="10.5993678" lon="104.1641639"><ele>-4.7</ele><time>2026-05-02T00:49:18.009Z</time></trkpt>
      <trkpt lat="10.5993624" lon="104.1641130"><ele>-4.5</ele><time>2026-05-02T00:49:19.009Z</time></trkpt>
      <trkpt lat="10.5993560" lon="104.1640614"><ele>-4.3</ele><time>2026-05-02T00:49:20.010Z</time></trkpt>
      <trkpt lat="10.5993501" lon="104.1640130"><ele>-4.2</ele><time>2026-05-02T00:49:21.011Z</time></trkpt>
      <trkpt lat="10.5993474" lon="104.1639643"><ele>-4.4</ele><time>2026-05-02T00:49:22.009Z</time></trkpt>
      <trkpt lat="10.5993417" lon="104.1639173"><ele>-4.3</ele><time>2026-05-02T00:49:23.010Z</time></trkpt>
      <trkpt lat="10.5993372" lon="104.1638735"><ele>-4.1</ele><time>2026-05-02T00:49:24.009Z</time></trkpt>
      <trkpt lat="10.5993216" lon="104.1638265"><ele>-3.7</ele><time>2026-05-02T00:49:25.009Z</time></trkpt>
      <trkpt lat="10.5993118" lon="104.1637805"><ele>-3.7</ele><time>2026-05-02T00:49:26.010Z</time></trkpt>
      <trkpt lat="10.5993025" lon="104.1637348"><ele>-3.5</ele><time>2026-05-02T00:49:27.010Z</time></trkpt>
      <trkpt lat="10.5992931" lon="104.1636913"><ele>-3.3</ele><time>2026-05-02T00:49:28.009Z</time></trkpt>
      <trkpt lat="10.5992811" lon="104.1636486"><ele>-3.1</ele><time>2026-05-02T00:49:29.009Z</time></trkpt>
      <trkpt lat="10.5992735" lon="104.1636043"><ele>-3.0</ele><time>2026-05-02T00:49:30.010Z</time></trkpt>
      <trkpt lat="10.5992669" lon="104.1635619"><ele>-3.0</ele><time>2026-05-02T00:49:31.009Z</time></trkpt>
      <trkpt lat="10.5992600" lon="104.1635184"><ele>-2.9</ele><time>2026-05-02T00:49:32.010Z</time></trkpt>
      <trkpt lat="10.5992585" lon="104.1634734"><ele>-2.9</ele><time>2026-05-02T00:49:33.009Z</time></trkpt>
      <trkpt lat="10.5992542" lon="104.1634303"><ele>-2.9</ele><time>2026-05-02T00:49:34.009Z</time></trkpt>
      <trkpt lat="10.5992433" lon="104.1633882"><ele>-2.8</ele><time>2026-05-02T00:49:35.010Z</time></trkpt>
      <trkpt lat="10.5992310" lon="104.1633491"><ele>-2.7</ele><time>2026-05-02T00:49:36.009Z</time></trkpt>
      <trkpt lat="10.5992235" lon="104.1633097"><ele>-2.6</ele><time>2026-05-02T00:49:37.010Z</time></trkpt>
      <trkpt lat="10.5992136" lon="104.1632699"><ele>-2.6</ele><time>2026-05-02T00:49:38.010Z</time></trkpt>
      <trkpt lat="10.5992065" lon="104.1632273"><ele>-2.8</ele><time>2026-05-02T00:49:39.011Z</time></trkpt>
      <trkpt lat="10.5991980" lon="104.1631832"><ele>-3.1</ele><time>2026-05-02T00:49:40.009Z</time></trkpt>
      <trkpt lat="10.5991923" lon="104.1631404"><ele>-3.5</ele><time>2026-05-02T00:49:41.009Z</time></trkpt>
      <trkpt lat="10.5991890" lon="104.1630963"><ele>-3.7</ele><time>2026-05-02T00:49:42.008Z</time></trkpt>
      <trkpt lat="10.5991855" lon="104.1630527"><ele>-3.8</ele><time>2026-05-02T00:49:43.010Z</time></trkpt>
      <trkpt lat="10.5991800" lon="104.1630091"><ele>-4.1</ele><time>2026-05-02T00:49:44.009Z</time></trkpt>
      <trkpt lat="10.5991714" lon="104.1629676"><ele>-4.1</ele><time>2026-05-02T00:49:45.010Z</time></trkpt>
      <trkpt lat="10.5991663" lon="104.1629284"><ele>-4.1</ele><time>2026-05-02T00:49:46.011Z</time></trkpt>
      <trkpt lat="10.5991615" lon="104.1628872"><ele>-3.9</ele><time>2026-05-02T00:49:47.010Z</time></trkpt>
      <trkpt lat="10.5991579" lon="104.1628472"><ele>-3.7</ele><time>2026-05-02T00:49:48.009Z</time></trkpt>
      <trkpt lat="10.5991530" lon="104.1628082"><ele>-3.4</ele><time>2026-05-02T00:49:49.009Z</time></trkpt>
      <trkpt lat="10.5991508" lon="104.1627681"><ele>-3.0</ele><time>2026-05-02T00:49:50.009Z</time></trkpt>
      <trkpt lat="10.5991465" lon="104.1627272"><ele>-2.8</ele><time>2026-05-02T00:49:51.010Z</time></trkpt>
      <trkpt lat="10.5991406" lon="104.1626872"><ele>-2.7</ele><time>2026-05-02T00:49:52.011Z</time></trkpt>
      <trkpt lat="10.5991332" lon="104.1626477"><ele>-2.6</ele><time>2026-05-02T00:49:53.009Z</time></trkpt>
      <trkpt lat="10.5991272" lon="104.1626080"><ele>-2.7</ele><time>2026-05-02T00:49:54.009Z</time></trkpt>
      <trkpt lat="10.5991214" lon="104.1625655"><ele>-2.7</ele><time>2026-05-02T00:49:55.009Z</time></trkpt>
      <trkpt lat="10.5991159" lon="104.1625234"><ele>-2.8</ele><time>2026-05-02T00:49:56.011Z</time></trkpt>
      <trkpt lat="10.5991110" lon="104.1624805"><ele>-2.7</ele><time>2026-05-02T00:49:57.008Z</time></trkpt>
      <trkpt lat="10.5991105" lon="104.1624376"><ele>-2.5</ele><time>2026-05-02T00:49:58.009Z</time></trkpt>
      <trkpt lat="10.5991119" lon="104.1623943"><ele>-2.2</ele><time>2026-05-02T00:49:59.009Z</time></trkpt>
      <trkpt lat="10.5991130" lon="104.1623512"><ele>-2.1</ele><time>2026-05-02T00:50:00.009Z</time></trkpt>
      <trkpt lat="10.5991107" lon="104.1623079"><ele>-2.1</ele><time>2026-05-02T00:50:01.010Z</time></trkpt>
      <trkpt lat="10.5991007" lon="104.1622640"><ele>-2.2</ele><time>2026-05-02T00:50:02.011Z</time></trkpt>
      <trkpt lat="10.5990896" lon="104.1622207"><ele>-2.4</ele><time>2026-05-02T00:50:03.009Z</time></trkpt>
      <trkpt lat="10.5990795" lon="104.1621782"><ele>-2.3</ele><time>2026-05-02T00:50:04.010Z</time></trkpt>
      <trkpt lat="10.5990715" lon="104.1621340"><ele>-2.5</ele><time>2026-05-02T00:50:05.009Z</time></trkpt>
      <trkpt lat="10.5990655" lon="104.1620931"><ele>-2.6</ele><time>2026-05-02T00:50:06.010Z</time></trkpt>
      <trkpt lat="10.5990578" lon="104.1620518"><ele>-2.8</ele><time>2026-05-02T00:50:07.009Z</time></trkpt>
      <trkpt lat="10.5990572" lon="104.1620087"><ele>-3.7</ele><time>2026-05-02T00:50:08.010Z</time></trkpt>
      <trkpt lat="10.5990547" lon="104.1619695"><ele>-4.5</ele><time>2026-05-02T00:50:09.010Z</time></trkpt>
      <trkpt lat="10.5990468" lon="104.1619292"><ele>-5.3</ele><time>2026-05-02T00:50:10.010Z</time></trkpt>
      <trkpt lat="10.5990395" lon="104.1618900"><ele>-5.3</ele><time>2026-05-02T00:50:11.009Z</time></trkpt>
      <trkpt lat="10.5990325" lon="104.1618528"><ele>-5.3</ele><time>2026-05-02T00:50:12.010Z</time></trkpt>
      <trkpt lat="10.5990256" lon="104.1618150"><ele>-5.3</ele><time>2026-05-02T00:50:13.010Z</time></trkpt>
      <trkpt lat="10.5990213" lon="104.1617782"><ele>-5.3</ele><time>2026-05-02T00:50:14.010Z</time></trkpt>
      <trkpt lat="10.5990177" lon="104.1617435"><ele>-5.3</ele><time>2026-05-02T00:50:15.010Z</time></trkpt>
      <trkpt lat="10.5990155" lon="104.1617040"><ele>-5.3</ele><time>2026-05-02T00:50:16.008Z</time></trkpt>
      <trkpt lat="10.5990151" lon="104.1616637"><ele>-5.3</ele><time>2026-05-02T00:50:17.009Z</time></trkpt>
      <trkpt lat="10.5990119" lon="104.1616210"><ele>-5.3</ele><time>2026-05-02T00:50:18.010Z</time></trkpt>
      <trkpt lat="10.5990063" lon="104.1615761"><ele>-5.3</ele><time>2026-05-02T00:50:19.009Z</time></trkpt>
      <trkpt lat="10.5989942" lon="104.1615306"><ele>-5.3</ele><time>2026-05-02T00:50:20.010Z</time></trkpt>
      <trkpt lat="10.5989903" lon="104.1614814"><ele>-5.3</ele><time>2026-05-02T00:50:21.009Z</time></trkpt>
      <trkpt lat="10.5989835" lon="104.1614377"><ele>-5.3</ele><time>2026-05-02T00:50:22.009Z</time></trkpt>
      <trkpt lat="10.5989794" lon="104.1613946"><ele>-5.3</ele><time>2026-05-02T00:50:23.009Z</time></trkpt>
      <trkpt lat="10.5989674" lon="104.1613490"><ele>-5.3</ele><time>2026-05-02T00:50:24.009Z</time></trkpt>
      <trkpt lat="10.5989590" lon="104.1613072"><ele>-5.3</ele><time>2026-05-02T00:50:25.009Z</time></trkpt>
      <trkpt lat="10.5989605" lon="104.1612640"><ele>-5.3</ele><time>2026-05-02T00:50:26.009Z</time></trkpt>
      <trkpt lat="10.5989548" lon="104.1612458"><ele>-5.3</ele><time>2026-05-02T00:50:26.400Z</time></trkpt>
      <trkpt lat="10.5989555" lon="104.1612374"><ele>-5.3</ele><time>2026-05-02T00:50:26.757Z</time></trkpt>
      <trkpt lat="10.5989559" lon="104.1612133"><ele>-5.4</ele><time>2026-05-02T00:50:27.010Z</time></trkpt>
      <trkpt lat="10.5989567" lon="104.1611926"><ele>-5.4</ele><time>2026-05-02T00:50:27.564Z</time></trkpt>
      <trkpt lat="10.5989563" lon="104.1611799"><ele>-5.4</ele><time>2026-05-02T00:50:27.887Z</time></trkpt>
      <trkpt lat="10.5989567" lon="104.1611748"><ele>-5.4</ele><time>2026-05-02T00:50:28.010Z</time></trkpt>
      <trkpt lat="10.5989563" lon="104.1611608"><ele>-5.4</ele><time>2026-05-02T00:50:28.360Z</time></trkpt>
      <trkpt lat="10.5989556" lon="104.1611345"><ele>-5.4</ele><time>2026-05-02T00:50:29.009Z</time></trkpt>
      <trkpt lat="10.5989548" lon="104.1611193"><ele>-5.4</ele><time>2026-05-02T00:50:29.391Z</time></trkpt>
      <trkpt lat="10.5989523" lon="104.1610944"><ele>-5.4</ele><time>2026-05-02T00:50:30.009Z</time></trkpt>
      <trkpt lat="10.5989495" lon="104.1610787"><ele>-5.4</ele><time>2026-05-02T00:50:30.418Z</time></trkpt>
      <trkpt lat="10.5989433" lon="104.1610542"><ele>-5.4</ele><time>2026-05-02T00:50:31.009Z</time></trkpt>
      <trkpt lat="10.5989393" lon="104.1610370"><ele>-5.4</ele><time>2026-05-02T00:50:31.443Z</time></trkpt>
      <trkpt lat="10.5989351" lon="104.1610180"><ele>-5.4</ele><time>2026-05-02T00:50:31.926Z</time></trkpt>
      <trkpt lat="10.5989330" lon="104.1610133"><ele>-5.4</ele><time>2026-05-02T00:50:32.009Z</time></trkpt>
      <trkpt lat="10.5989279" lon="104.1609925"><ele>-5.4</ele><time>2026-05-02T00:50:32.540Z</time></trkpt>
      <trkpt lat="10.5989248" lon="104.1609796"><ele>-5.4</ele><time>2026-05-02T00:50:32.861Z</time></trkpt>
      <trkpt lat="10.5989222" lon="104.1609722"><ele>-5.4</ele><time>2026-05-02T00:50:33.009Z</time></trkpt>
      <trkpt lat="10.5989169" lon="104.1609493"><ele>-5.4</ele><time>2026-05-02T00:50:33.583Z</time></trkpt>
      <trkpt lat="10.5989105" lon="104.1609315"><ele>-5.4</ele><time>2026-05-02T00:50:34.009Z</time></trkpt>
      <trkpt lat="10.5989062" lon="104.1609185"><ele>-5.4</ele><time>2026-05-02T00:50:34.338Z</time></trkpt>
      <trkpt lat="10.5988989" lon="104.1608966"><ele>-5.4</ele><time>2026-05-02T00:50:34.901Z</time></trkpt>
      <trkpt lat="10.5988960" lon="104.1608920"><ele>-5.4</ele><time>2026-05-02T00:50:35.009Z</time></trkpt>
      <trkpt lat="10.5988855" lon="104.1608657"><ele>-5.4</ele><time>2026-05-02T00:50:35.705Z</time></trkpt>
      <trkpt lat="10.5988805" lon="104.1608538"><ele>-5.4</ele><time>2026-05-02T00:50:36.008Z</time></trkpt>
      <trkpt lat="10.5988733" lon="104.1608290"><ele>-5.4</ele><time>2026-05-02T00:50:36.639Z</time></trkpt>
      <trkpt lat="10.5988704" lon="104.1608137"><ele>-5.4</ele><time>2026-05-02T00:50:37.010Z</time></trkpt>
      <trkpt lat="10.5988676" lon="104.1607949"><ele>-5.4</ele><time>2026-05-02T00:50:37.462Z</time></trkpt>
      <trkpt lat="10.5988651" lon="104.1607771"><ele>-5.4</ele><time>2026-05-02T00:50:37.885Z</time></trkpt>
      <trkpt lat="10.5988684" lon="104.1607900"><ele>-5.4</ele><time>2026-05-02T00:50:38.010Z</time></trkpt>
      <trkpt lat="10.5988719" lon="104.1607526"><ele>-5.4</ele><time>2026-05-02T00:50:39.009Z</time></trkpt>
      <trkpt lat="10.5988770" lon="104.1607148"><ele>-5.4</ele><time>2026-05-02T00:50:40.009Z</time></trkpt>
      <trkpt lat="10.5988789" lon="104.1606781"><ele>-5.4</ele><time>2026-05-02T00:50:41.008Z</time></trkpt>
      <trkpt lat="10.5988754" lon="104.1606400"><ele>-5.4</ele><time>2026-05-02T00:50:42.010Z</time></trkpt>
      <trkpt lat="10.5988670" lon="104.1606024"><ele>-5.4</ele><time>2026-05-02T00:50:43.009Z</time></trkpt>
      <trkpt lat="10.5988595" lon="104.1605640"><ele>-5.4</ele><time>2026-05-02T00:50:44.011Z</time></trkpt>
      <trkpt lat="10.5988519" lon="104.1605267"><ele>-5.4</ele><time>2026-05-02T00:50:45.011Z</time></trkpt>
      <trkpt lat="10.5988452" lon="104.1604900"><ele>-5.4</ele><time>2026-05-02T00:50:46.010Z</time></trkpt>
      <trkpt lat="10.5988374" lon="104.1604527"><ele>-5.4</ele><time>2026-05-02T00:50:47.009Z</time></trkpt>
      <trkpt lat="10.5988317" lon="104.1604153"><ele>-5.4</ele><time>2026-05-02T00:50:48.010Z</time></trkpt>
      <trkpt lat="10.5988264" lon="104.1603782"><ele>-5.4</ele><time>2026-05-02T00:50:49.009Z</time></trkpt>
      <trkpt lat="10.5988218" lon="104.1603422"><ele>-5.4</ele><time>2026-05-02T00:50:50.009Z</time></trkpt>
      <trkpt lat="10.5988145" lon="104.1603056"><ele>-5.4</ele><time>2026-05-02T00:50:51.009Z</time></trkpt>
      <trkpt lat="10.5988055" lon="104.1602686"><ele>-5.4</ele><time>2026-05-02T00:50:52.010Z</time></trkpt>
      <trkpt lat="10.5987947" lon="104.1602329"><ele>-5.4</ele><time>2026-05-02T00:50:53.009Z</time></trkpt>
      <trkpt lat="10.5987842" lon="104.1601966"><ele>-5.4</ele><time>2026-05-02T00:50:54.011Z</time></trkpt>
      <trkpt lat="10.5987740" lon="104.1601620"><ele>-5.4</ele><time>2026-05-02T00:50:55.009Z</time></trkpt>
      <trkpt lat="10.5987636" lon="104.1601267"><ele>-5.4</ele><time>2026-05-02T00:50:56.010Z</time></trkpt>
      <trkpt lat="10.5987602" lon="104.1600927"><ele>-5.4</ele><time>2026-05-02T00:50:57.008Z</time></trkpt>
      <trkpt lat="10.5987567" lon="104.1600561"><ele>-5.4</ele><time>2026-05-02T00:50:58.009Z</time></trkpt>
      <trkpt lat="10.5987516" lon="104.1600199"><ele>-4.3</ele><time>2026-05-02T00:50:59.009Z</time></trkpt>
      <trkpt lat="10.5987472" lon="104.1599839"><ele>-3.8</ele><time>2026-05-02T00:51:00.010Z</time></trkpt>
      <trkpt lat="10.5987454" lon="104.1599454"><ele>-3.8</ele><time>2026-05-02T00:51:01.008Z</time></trkpt>
      <trkpt lat="10.5987418" lon="104.1599069"><ele>-3.8</ele><time>2026-05-02T00:51:02.009Z</time></trkpt>
      <trkpt lat="10.5987311" lon="104.1598688"><ele>-3.8</ele><time>2026-05-02T00:51:03.009Z</time></trkpt>
      <trkpt lat="10.5987209" lon="104.1598303"><ele>-3.8</ele><time>2026-05-02T00:51:04.010Z</time></trkpt>
      <trkpt lat="10.5987134" lon="104.1597919"><ele>-3.8</ele><time>2026-05-02T00:51:05.009Z</time></trkpt>
      <trkpt lat="10.5987054" lon="104.1597553"><ele>-3.8</ele><time>2026-05-02T00:51:06.010Z</time></trkpt>
      <trkpt lat="10.5986968" lon="104.1597186"><ele>-3.8</ele><time>2026-05-02T00:51:07.010Z</time></trkpt>
      <trkpt lat="10.5986853" lon="104.1596827"><ele>-3.8</ele><time>2026-05-02T00:51:08.010Z</time></trkpt>
      <trkpt lat="10.5986733" lon="104.1596484"><ele>-3.8</ele><time>2026-05-02T00:51:09.008Z</time></trkpt>
      <trkpt lat="10.5986647" lon="104.1596122"><ele>-3.8</ele><time>2026-05-02T00:51:10.011Z</time></trkpt>
      <trkpt lat="10.5986597" lon="104.1595747"><ele>-3.8</ele><time>2026-05-02T00:51:11.009Z</time></trkpt>
      <trkpt lat="10.5986567" lon="104.1595372"><ele>-3.8</ele><time>2026-05-02T00:51:12.010Z</time></trkpt>
      <trkpt lat="10.5986511" lon="104.1595002"><ele>-3.8</ele><time>2026-05-02T00:51:13.008Z</time></trkpt>
      <trkpt lat="10.5986458" lon="104.1594635"><ele>-3.8</ele><time>2026-05-02T00:51:14.011Z</time></trkpt>
      <trkpt lat="10.5986362" lon="104.1594307"><ele>-3.8</ele><time>2026-05-02T00:51:15.009Z</time></trkpt>
      <trkpt lat="10.5986257" lon="104.1593970"><ele>-3.8</ele><time>2026-05-02T00:51:16.009Z</time></trkpt>
      <trkpt lat="10.5986190" lon="104.1593610"><ele>-3.8</ele><time>2026-05-02T00:51:17.010Z</time></trkpt>
      <trkpt lat="10.5986113" lon="104.1593255"><ele>-3.8</ele><time>2026-05-02T00:51:18.010Z</time></trkpt>
      <trkpt lat="10.5986065" lon="104.1592870"><ele>-3.8</ele><time>2026-05-02T00:51:19.009Z</time></trkpt>
      <trkpt lat="10.5986073" lon="104.1592486"><ele>-3.3</ele><time>2026-05-02T00:51:20.010Z</time></trkpt>
      <trkpt lat="10.5986057" lon="104.1592105"><ele>-2.9</ele><time>2026-05-02T00:51:21.009Z</time></trkpt>
      <trkpt lat="10.5986007" lon="104.1591722"><ele>-2.4</ele><time>2026-05-02T00:51:22.011Z</time></trkpt>
      <trkpt lat="10.5985956" lon="104.1591347"><ele>-2.4</ele><time>2026-05-02T00:51:23.009Z</time></trkpt>
      <trkpt lat="10.5985891" lon="104.1590981"><ele>-2.4</ele><time>2026-05-02T00:51:24.009Z</time></trkpt>
      <trkpt lat="10.5985838" lon="104.1590604"><ele>-2.4</ele><time>2026-05-02T00:51:25.010Z</time></trkpt>
      <trkpt lat="10.5985797" lon="104.1590225"><ele>-2.4</ele><time>2026-05-02T00:51:26.010Z</time></trkpt>
      <trkpt lat="10.5985787" lon="104.1589852"><ele>-2.4</ele><time>2026-05-02T00:51:27.009Z</time></trkpt>
      <trkpt lat="10.5985736" lon="104.1589479"><ele>-2.4</ele><time>2026-05-02T00:51:28.009Z</time></trkpt>
      <trkpt lat="10.5985682" lon="104.1589108"><ele>-2.4</ele><time>2026-05-02T00:51:29.010Z</time></trkpt>
      <trkpt lat="10.5985637" lon="104.1588725"><ele>-2.4</ele><time>2026-05-02T00:51:30.010Z</time></trkpt>
      <trkpt lat="10.5985585" lon="104.1588371"><ele>-2.4</ele><time>2026-05-02T00:51:31.010Z</time></trkpt>
      <trkpt lat="10.5985547" lon="104.1588023"><ele>-2.4</ele><time>2026-05-02T00:51:32.009Z</time></trkpt>
      <trkpt lat="10.5985527" lon="104.1587680"><ele>-2.4</ele><time>2026-05-02T00:51:33.010Z</time></trkpt>
      <trkpt lat="10.5985484" lon="104.1587324"><ele>-2.4</ele><time>2026-05-02T00:51:34.009Z</time></trkpt>
      <trkpt lat="10.5985404" lon="104.1586966"><ele>-2.4</ele><time>2026-05-02T00:51:35.009Z</time></trkpt>
      <trkpt lat="10.5985278" lon="104.1586626"><ele>-2.4</ele><time>2026-05-02T00:51:36.009Z</time></trkpt>
      <trkpt lat="10.5985172" lon="104.1586276"><ele>-2.4</ele><time>2026-05-02T00:51:37.009Z</time></trkpt>
      <trkpt lat="10.5985055" lon="104.1585908"><ele>-2.4</ele><time>2026-05-02T00:51:38.009Z</time></trkpt>
      <trkpt lat="10.5984971" lon="104.1585530"><ele>-2.4</ele><time>2026-05-02T00:51:39.008Z</time></trkpt>
      <trkpt lat="10.5984914" lon="104.1585156"><ele>-2.4</ele><time>2026-05-02T00:51:40.010Z</time></trkpt>
      <trkpt lat="10.5984849" lon="104.1584781"><ele>-2.4</ele><time>2026-05-02T00:51:41.010Z</time></trkpt>
      <trkpt lat="10.5984779" lon="104.1584410"><ele>-2.4</ele><time>2026-05-02T00:51:42.008Z</time></trkpt>
      <trkpt lat="10.5984685" lon="104.1584041"><ele>-2.4</ele><time>2026-05-02T00:51:43.010Z</time></trkpt>
      <trkpt lat="10.5984597" lon="104.1583681"><ele>-2.4</ele><time>2026-05-02T00:51:44.010Z</time></trkpt>
      <trkpt lat="10.5984499" lon="104.1583319"><ele>-2.4</ele><time>2026-05-02T00:51:45.010Z</time></trkpt>
      <trkpt lat="10.5984394" lon="104.1582960"><ele>-2.4</ele><time>2026-05-02T00:51:46.009Z</time></trkpt>
      <trkpt lat="10.5984305" lon="104.1582615"><ele>-2.4</ele><time>2026-05-02T00:51:47.009Z</time></trkpt>
      <trkpt lat="10.5984201" lon="104.1582281"><ele>-2.4</ele><time>2026-05-02T00:51:48.010Z</time></trkpt>
      <trkpt lat="10.5984094" lon="104.1581939"><ele>-2.4</ele><time>2026-05-02T00:51:49.010Z</time></trkpt>
      <trkpt lat="10.5983961" lon="104.1581606"><ele>-2.4</ele><time>2026-05-02T00:51:50.010Z</time></trkpt>
      <trkpt lat="10.5983848" lon="104.1581276"><ele>-2.4</ele><time>2026-05-02T00:51:51.009Z</time></trkpt>
      <trkpt lat="10.5983783" lon="104.1580917"><ele>-2.4</ele><time>2026-05-02T00:51:52.009Z</time></trkpt>
      <trkpt lat="10.5983667" lon="104.1580553"><ele>-2.4</ele><time>2026-05-02T00:51:53.009Z</time></trkpt>
      <trkpt lat="10.5983573" lon="104.1580161"><ele>-2.4</ele><time>2026-05-02T00:51:54.011Z</time></trkpt>
      <trkpt lat="10.5983477" lon="104.1579770"><ele>-2.4</ele><time>2026-05-02T00:51:55.009Z</time></trkpt>
      <trkpt lat="10.5983400" lon="104.1579358"><ele>-2.4</ele><time>2026-05-02T00:51:56.009Z</time></trkpt>
      <trkpt lat="10.5983393" lon="104.1578944"><ele>-2.4</ele><time>2026-05-02T00:51:57.009Z</time></trkpt>
      <trkpt lat="10.5983402" lon="104.1578528"><ele>-2.4</ele><time>2026-05-02T00:51:58.009Z</time></trkpt>
      <trkpt lat="10.5983391" lon="104.1578103"><ele>-2.4</ele><time>2026-05-02T00:51:59.009Z</time></trkpt>
      <trkpt lat="10.5983400" lon="104.1577688"><ele>-2.4</ele><time>2026-05-02T00:52:00.009Z</time></trkpt>
      <trkpt lat="10.5983356" lon="104.1577264"><ele>-2.4</ele><time>2026-05-02T00:52:01.009Z</time></trkpt>
      <trkpt lat="10.5983276" lon="104.1576830"><ele>-2.4</ele><time>2026-05-02T00:52:02.009Z</time></trkpt>
      <trkpt lat="10.5983206" lon="104.1576409"><ele>-2.4</ele><time>2026-05-02T00:52:03.009Z</time></trkpt>
      <trkpt lat="10.5983120" lon="104.1575987"><ele>-2.4</ele><time>2026-05-02T00:52:04.009Z</time></trkpt>
      <trkpt lat="10.5983040" lon="104.1575566"><ele>-2.4</ele><time>2026-05-02T00:52:05.010Z</time></trkpt>
      <trkpt lat="10.5982965" lon="104.1575142"><ele>-2.4</ele><time>2026-05-02T00:52:06.009Z</time></trkpt>
      <trkpt lat="10.5982891" lon="104.1574723"><ele>-2.4</ele><time>2026-05-02T00:52:07.009Z</time></trkpt>
      <trkpt lat="10.5982797" lon="104.1574333"><ele>-2.4</ele><time>2026-05-02T00:52:08.009Z</time></trkpt>
      <trkpt lat="10.5982671" lon="104.1573950"><ele>-2.4</ele><time>2026-05-02T00:52:09.008Z</time></trkpt>
      <trkpt lat="10.5982554" lon="104.1573563"><ele>-2.4</ele><time>2026-05-02T00:52:10.009Z</time></trkpt>
      <trkpt lat="10.5982471" lon="104.1573172"><ele>-2.4</ele><time>2026-05-02T00:52:11.009Z</time></trkpt>
      <trkpt lat="10.5982400" lon="104.1572777"><ele>-2.4</ele><time>2026-05-02T00:52:12.010Z</time></trkpt>
      <trkpt lat="10.5982339" lon="104.1572387"><ele>-2.4</ele><time>2026-05-02T00:52:13.009Z</time></trkpt>
      <trkpt lat="10.5982277" lon="104.1571996"><ele>-2.4</ele><time>2026-05-02T00:52:14.010Z</time></trkpt>
      <trkpt lat="10.5982224" lon="104.1571582"><ele>-2.4</ele><time>2026-05-02T00:52:15.009Z</time></trkpt>
      <trkpt lat="10.5982165" lon="104.1571156"><ele>-2.4</ele><time>2026-05-02T00:52:16.009Z</time></trkpt>
      <trkpt lat="10.5982103" lon="104.1570711"><ele>-2.4</ele><time>2026-05-02T00:52:17.009Z</time></trkpt>
      <trkpt lat="10.5982052" lon="104.1570272"><ele>-2.4</ele><time>2026-05-02T00:52:18.009Z</time></trkpt>
      <trkpt lat="10.5982026" lon="104.1569834"><ele>-2.4</ele><time>2026-05-02T00:52:19.009Z</time></trkpt>
      <trkpt lat="10.5981992" lon="104.1569410"><ele>-2.4</ele><time>2026-05-02T00:52:20.009Z</time></trkpt>
      <trkpt lat="10.5981948" lon="104.1568991"><ele>-2.4</ele><time>2026-05-02T00:52:21.009Z</time></trkpt>
      <trkpt lat="10.5981920" lon="104.1568557"><ele>-2.4</ele><time>2026-05-02T00:52:22.009Z</time></trkpt>
      <trkpt lat="10.5981926" lon="104.1568134"><ele>-2.4</ele><time>2026-05-02T00:52:23.010Z</time></trkpt>
      <trkpt lat="10.5981914" lon="104.1567733"><ele>-2.4</ele><time>2026-05-02T00:52:24.008Z</time></trkpt>
      <trkpt lat="10.5981850" lon="104.1567354"><ele>-2.4</ele><time>2026-05-02T00:52:25.008Z</time></trkpt>
      <trkpt lat="10.5981810" lon="104.1566996"><ele>-2.4</ele><time>2026-05-02T00:52:26.009Z</time></trkpt>
      <trkpt lat="10.5981821" lon="104.1566660"><ele>-2.4</ele><time>2026-05-02T00:52:27.009Z</time></trkpt>
      <trkpt lat="10.5981793" lon="104.1566335"><ele>-2.4</ele><time>2026-05-02T00:52:28.008Z</time></trkpt>
      <trkpt lat="10.5981733" lon="104.1566042"><ele>-2.4</ele><time>2026-05-02T00:52:29.009Z</time></trkpt>
      <trkpt lat="10.5981715" lon="104.1565753"><ele>-2.4</ele><time>2026-05-02T00:52:30.009Z</time></trkpt>
      <trkpt lat="10.5981696" lon="104.1565498"><ele>-2.4</ele><time>2026-05-02T00:52:31.010Z</time></trkpt>
      <trkpt lat="10.5981613" lon="104.1565248"><ele>-2.4</ele><time>2026-05-02T00:52:32.010Z</time></trkpt>
      <trkpt lat="10.5981492" lon="104.1564976"><ele>-2.4</ele><time>2026-05-02T00:52:33.009Z</time></trkpt>
      <trkpt lat="10.5981403" lon="104.1564720"><ele>-2.4</ele><time>2026-05-02T00:52:34.008Z</time></trkpt>
      <trkpt lat="10.5981338" lon="104.1564449"><ele>-2.4</ele><time>2026-05-02T00:52:35.009Z</time></trkpt>
      <trkpt lat="10.5981331" lon="104.1564153"><ele>-2.4</ele><time>2026-05-02T00:52:36.010Z</time></trkpt>
      <trkpt lat="10.5981392" lon="104.1563883"><ele>-2.4</ele><time>2026-05-02T00:52:37.010Z</time></trkpt>
      <trkpt lat="10.5981367" lon="104.1563611"><ele>-2.4</ele><time>2026-05-02T00:52:38.008Z</time></trkpt>
      <trkpt lat="10.5981289" lon="104.1563343"><ele>-2.4</ele><time>2026-05-02T00:52:39.008Z</time></trkpt>
      <trkpt lat="10.5981276" lon="104.1563045"><ele>-2.4</ele><time>2026-05-02T00:52:40.008Z</time></trkpt>
      <trkpt lat="10.5981235" lon="104.1562733"><ele>-2.4</ele><time>2026-05-02T00:52:41.009Z</time></trkpt>
      <trkpt lat="10.5981193" lon="104.1562407"><ele>-2.4</ele><time>2026-05-02T00:52:42.009Z</time></trkpt>
      <trkpt lat="10.5981185" lon="104.1562079"><ele>-2.3</ele><time>2026-05-02T00:52:43.009Z</time></trkpt>
      <trkpt lat="10.5981181" lon="104.1561757"><ele>-2.3</ele><time>2026-05-02T00:52:44.009Z</time></trkpt>
      <trkpt lat="10.5981127" lon="104.1561429"><ele>-2.3</ele><time>2026-05-02T00:52:45.010Z</time></trkpt>
      <trkpt lat="10.5981036" lon="104.1561105"><ele>-2.3</ele><time>2026-05-02T00:52:46.009Z</time></trkpt>
      <trkpt lat="10.5980917" lon="104.1560767"><ele>-2.3</ele><time>2026-05-02T00:52:47.009Z</time></trkpt>
      <trkpt lat="10.5980848" lon="104.1560428"><ele>-2.3</ele><time>2026-05-02T00:52:48.009Z</time></trkpt>
      <trkpt lat="10.5980821" lon="104.1560081"><ele>-2.3</ele><time>2026-05-02T00:52:49.008Z</time></trkpt>
      <trkpt lat="10.5980786" lon="104.1559728"><ele>-2.3</ele><time>2026-05-02T00:52:50.009Z</time></trkpt>
      <trkpt lat="10.5980670" lon="104.1559428"><ele>-2.3</ele><time>2026-05-02T00:52:51.009Z</time></trkpt>
      <trkpt lat="10.5980513" lon="104.1559142"><ele>-2.3</ele><time>2026-05-02T00:52:52.009Z</time></trkpt>
      <trkpt lat="10.5980383" lon="104.1558805"><ele>-2.3</ele><time>2026-05-02T00:52:53.009Z</time></trkpt>
      <trkpt lat="10.5980265" lon="104.1558439"><ele>-2.3</ele><time>2026-05-02T00:52:54.010Z</time></trkpt>
      <trkpt lat="10.5980177" lon="104.1558072"><ele>-2.3</ele><time>2026-05-02T00:52:55.009Z</time></trkpt>
      <trkpt lat="10.5980102" lon="104.1557727"><ele>-2.3</ele><time>2026-05-02T00:52:56.009Z</time></trkpt>
      <trkpt lat="10.5980016" lon="104.1557382"><ele>-2.3</ele><time>2026-05-02T00:52:57.009Z</time></trkpt>
      <trkpt lat="10.5979915" lon="104.1557022"><ele>-2.3</ele><time>2026-05-02T00:52:58.009Z</time></trkpt>
      <trkpt lat="10.5979829" lon="104.1556630"><ele>-1.8</ele><time>2026-05-02T00:52:59.009Z</time></trkpt>
      <trkpt lat="10.5979746" lon="104.1556264"><ele>-1.5</ele><time>2026-05-02T00:53:00.009Z</time></trkpt>
      <trkpt lat="10.5979681" lon="104.1555892"><ele>-1.5</ele><time>2026-05-02T00:53:01.009Z</time></trkpt>
      <trkpt lat="10.5979608" lon="104.1555535"><ele>-1.5</ele><time>2026-05-02T00:53:02.009Z</time></trkpt>
      <trkpt lat="10.5979576" lon="104.1555188"><ele>-1.5</ele><time>2026-05-02T00:53:03.009Z</time></trkpt>
      <trkpt lat="10.5979620" lon="104.1554844"><ele>-1.5</ele><time>2026-05-02T00:53:04.009Z</time></trkpt>
      <trkpt lat="10.5979659" lon="104.1554510"><ele>-1.5</ele><time>2026-05-02T00:53:05.009Z</time></trkpt>
      <trkpt lat="10.5979669" lon="104.1554199"><ele>-1.5</ele><time>2026-05-02T00:53:06.009Z</time></trkpt>
      <trkpt lat="10.5979635" lon="104.1553873"><ele>-1.5</ele><time>2026-05-02T00:53:07.009Z</time></trkpt>
      <trkpt lat="10.5979567" lon="104.1553536"><ele>-1.5</ele><time>2026-05-02T00:53:08.010Z</time></trkpt>
      <trkpt lat="10.5979511" lon="104.1553210"><ele>-1.5</ele><time>2026-05-02T00:53:09.010Z</time></trkpt>
      <trkpt lat="10.5979438" lon="104.1552921"><ele>-1.5</ele><time>2026-05-02T00:53:10.009Z</time></trkpt>
      <trkpt lat="10.5979337" lon="104.1552644"><ele>-1.5</ele><time>2026-05-02T00:53:11.009Z</time></trkpt>
      <trkpt lat="10.5979273" lon="104.1552359"><ele>-1.5</ele><time>2026-05-02T00:53:12.008Z</time></trkpt>
      <trkpt lat="10.5979242" lon="104.1552075"><ele>-1.3</ele><time>2026-05-02T00:53:13.010Z</time></trkpt>
      <trkpt lat="10.5979234" lon="104.1551778"><ele>-1.1</ele><time>2026-05-02T00:53:14.009Z</time></trkpt>
      <trkpt lat="10.5979277" lon="104.1551483"><ele>-0.9</ele><time>2026-05-02T00:53:15.009Z</time></trkpt>
      <trkpt lat="10.5979272" lon="104.1551208"><ele>-0.9</ele><time>2026-05-02T00:53:16.009Z</time></trkpt>
      <trkpt lat="10.5979185" lon="104.1550964"><ele>-0.9</ele><time>2026-05-02T00:53:17.009Z</time></trkpt>
      <trkpt lat="10.5979123" lon="104.1550702"><ele>-0.9</ele><time>2026-05-02T00:53:18.009Z</time></trkpt>
      <trkpt lat="10.5979036" lon="104.1550430"><ele>-0.9</ele><time>2026-05-02T00:53:19.009Z</time></trkpt>
      <trkpt lat="10.5978922" lon="104.1550148"><ele>-0.9</ele><time>2026-05-02T00:53:20.009Z</time></trkpt>
      <trkpt lat="10.5978863" lon="104.1549811"><ele>-0.9</ele><time>2026-05-02T00:53:21.008Z</time></trkpt>
      <trkpt lat="10.5978850" lon="104.1549460"><ele>-0.9</ele><time>2026-05-02T00:53:22.009Z</time></trkpt>
      <trkpt lat="10.5978802" lon="104.1549102"><ele>-0.9</ele><time>2026-05-02T00:53:23.010Z</time></trkpt>
      <trkpt lat="10.5978754" lon="104.1548757"><ele>-0.9</ele><time>2026-05-02T00:53:24.009Z</time></trkpt>
      <trkpt lat="10.5978709" lon="104.1548411"><ele>-0.9</ele><time>2026-05-02T00:53:25.010Z</time></trkpt>
      <trkpt lat="10.5978678" lon="104.1548060"><ele>-0.9</ele><time>2026-05-02T00:53:26.009Z</time></trkpt>
      <trkpt lat="10.5978632" lon="104.1547711"><ele>-0.9</ele><time>2026-05-02T00:53:27.008Z</time></trkpt>
      <trkpt lat="10.5978586" lon="104.1547356"><ele>-0.9</ele><time>2026-05-02T00:53:28.010Z</time></trkpt>
      <trkpt lat="10.5978541" lon="104.1546990"><ele>-0.9</ele><time>2026-05-02T00:53:29.009Z</time></trkpt>
      <trkpt lat="10.5978478" lon="104.1546624"><ele>-0.9</ele><time>2026-05-02T00:53:30.008Z</time></trkpt>
      <trkpt lat="10.5978396" lon="104.1546266"><ele>-0.8</ele><time>2026-05-02T00:53:31.008Z</time></trkpt>
      <trkpt lat="10.5978295" lon="104.1545908"><ele>-0.8</ele><time>2026-05-02T00:53:32.009Z</time></trkpt>
      <trkpt lat="10.5978186" lon="104.1545555"><ele>-0.8</ele><time>2026-05-02T00:53:33.009Z</time></trkpt>
      <trkpt lat="10.5978069" lon="104.1545209"><ele>-0.8</ele><time>2026-05-02T00:53:34.010Z</time></trkpt>
      <trkpt lat="10.5978001" lon="104.1544859"><ele>-0.8</ele><time>2026-05-02T00:53:35.009Z</time></trkpt>
      <trkpt lat="10.5977920" lon="104.1544518"><ele>-0.8</ele><time>2026-05-02T00:53:36.009Z</time></trkpt>
      <trkpt lat="10.5977854" lon="104.1544195"><ele>-0.8</ele><time>2026-05-02T00:53:37.010Z</time></trkpt>
      <trkpt lat="10.5977805" lon="104.1543891"><ele>-0.8</ele><time>2026-05-02T00:53:38.010Z</time></trkpt>
      <trkpt lat="10.5977678" lon="104.1543600"><ele>-0.8</ele><time>2026-05-02T00:53:39.008Z</time></trkpt>
      <trkpt lat="10.5977503" lon="104.1543347"><ele>-0.8</ele><time>2026-05-02T00:53:40.009Z</time></trkpt>
      <trkpt lat="10.5977466" lon="104.1543026"><ele>-0.8</ele><time>2026-05-02T00:53:41.009Z</time></trkpt>
      <trkpt lat="10.5977499" lon="104.1542710"><ele>-0.8</ele><time>2026-05-02T00:53:42.009Z</time></trkpt>
      <trkpt lat="10.5977343" lon="104.1542408"><ele>-0.8</ele><time>2026-05-02T00:53:43.009Z</time></trkpt>
      <trkpt lat="10.5977199" lon="104.1542096"><ele>-0.8</ele><time>2026-05-02T00:53:44.009Z</time></trkpt>
      <trkpt lat="10.5977087" lon="104.1541755"><ele>-0.8</ele><time>2026-05-02T00:53:45.010Z</time></trkpt>
      <trkpt lat="10.5976920" lon="104.1541414"><ele>-0.8</ele><time>2026-05-02T00:53:46.008Z</time></trkpt>
      <trkpt lat="10.5976746" lon="104.1541065"><ele>-0.8</ele><time>2026-05-02T00:53:47.009Z</time></trkpt>
      <trkpt lat="10.5976603" lon="104.1540706"><ele>-0.8</ele><time>2026-05-02T00:53:48.009Z</time></trkpt>
      <trkpt lat="10.5976510" lon="104.1540335"><ele>-0.8</ele><time>2026-05-02T00:53:49.008Z</time></trkpt>
      <trkpt lat="10.5976423" lon="104.1539961"><ele>-0.8</ele><time>2026-05-02T00:53:50.010Z</time></trkpt>
      <trkpt lat="10.5976330" lon="104.1539594"><ele>-0.8</ele><time>2026-05-02T00:53:51.009Z</time></trkpt>
      <trkpt lat="10.5976254" lon="104.1539240"><ele>-0.8</ele><time>2026-05-02T00:53:52.009Z</time></trkpt>
      <trkpt lat="10.5976239" lon="104.1538869"><ele>-0.8</ele><time>2026-05-02T00:53:53.009Z</time></trkpt>
      <trkpt lat="10.5976249" lon="104.1538495"><ele>-0.8</ele><time>2026-05-02T00:53:54.009Z</time></trkpt>
      <trkpt lat="10.5976217" lon="104.1538107"><ele>-0.8</ele><time>2026-05-02T00:53:55.009Z</time></trkpt>
      <trkpt lat="10.5976154" lon="104.1537731"><ele>-0.8</ele><time>2026-05-02T00:53:56.009Z</time></trkpt>
      <trkpt lat="10.5976050" lon="104.1537362"><ele>-0.8</ele><time>2026-05-02T00:53:57.009Z</time></trkpt>
      <trkpt lat="10.5975948" lon="104.1536996"><ele>-0.8</ele><time>2026-05-02T00:53:58.009Z</time></trkpt>
      <trkpt lat="10.5975884" lon="104.1536619"><ele>-0.8</ele><time>2026-05-02T00:53:59.009Z</time></trkpt>
      <trkpt lat="10.5975829" lon="104.1536274"><ele>-0.8</ele><time>2026-05-02T00:54:00.009Z</time></trkpt>
      <trkpt lat="10.5975763" lon="104.1535951"><ele>-0.8</ele><time>2026-05-02T00:54:01.009Z</time></trkpt>
      <trkpt lat="10.5975621" lon="104.1535664"><ele>-0.8</ele><time>2026-05-02T00:54:02.009Z</time></trkpt>
      <trkpt lat="10.5975373" lon="104.1535508"><ele>-0.8</ele><time>2026-05-02T00:54:03.009Z</time></trkpt>
      <trkpt lat="10.5975097" lon="104.1535480"><ele>-0.8</ele><time>2026-05-02T00:54:04.009Z</time></trkpt>
      <trkpt lat="10.5974870" lon="104.1535498"><ele>-0.8</ele><time>2026-05-02T00:54:05.009Z</time></trkpt>
      <trkpt lat="10.5974632" lon="104.1535513"><ele>-0.8</ele><time>2026-05-02T00:54:06.009Z</time></trkpt>
      <trkpt lat="10.5974392" lon="104.1535522"><ele>-0.8</ele><time>2026-05-02T00:54:07.009Z</time></trkpt>
      <trkpt lat="10.5974151" lon="104.1535543"><ele>-0.8</ele><time>2026-05-02T00:54:08.010Z</time></trkpt>
      <trkpt lat="10.5973886" lon="104.1535585"><ele>-0.8</ele><time>2026-05-02T00:54:09.009Z</time></trkpt>
      <trkpt lat="10.5973612" lon="104.1535571"><ele>-0.8</ele><time>2026-05-02T00:54:10.008Z</time></trkpt>
      <trkpt lat="10.5973343" lon="104.1535554"><ele>-0.8</ele><time>2026-05-02T00:54:11.009Z</time></trkpt>
      <trkpt lat="10.5973094" lon="104.1535549"><ele>-0.8</ele><time>2026-05-02T00:54:12.009Z</time></trkpt>
      <trkpt lat="10.5972863" lon="104.1535565"><ele>-0.8</ele><time>2026-05-02T00:54:13.009Z</time></trkpt>
      <trkpt lat="10.5972652" lon="104.1535561"><ele>-0.8</ele><time>2026-05-02T00:54:14.009Z</time></trkpt>
      <trkpt lat="10.5972445" lon="104.1535552"><ele>-0.8</ele><time>2026-05-02T00:54:15.009Z</time></trkpt>
      <trkpt lat="10.5972198" lon="104.1535538"><ele>-0.8</ele><time>2026-05-02T00:54:16.008Z</time></trkpt>
      <trkpt lat="10.5971932" lon="104.1535501"><ele>-0.8</ele><time>2026-05-02T00:54:17.008Z</time></trkpt>
      <trkpt lat="10.5971653" lon="104.1535479"><ele>-0.8</ele><time>2026-05-02T00:54:18.009Z</time></trkpt>
      <trkpt lat="10.5971381" lon="104.1535437"><ele>-0.8</ele><time>2026-05-02T00:54:19.009Z</time></trkpt>
      <trkpt lat="10.5971074" lon="104.1535396"><ele>-0.8</ele><time>2026-05-02T00:54:20.009Z</time></trkpt>
      <trkpt lat="10.5970769" lon="104.1535349"><ele>-0.8</ele><time>2026-05-02T00:54:21.008Z</time></trkpt>
      <trkpt lat="10.5970442" lon="104.1535298"><ele>-0.8</ele><time>2026-05-02T00:54:22.009Z</time></trkpt>
      <trkpt lat="10.5970078" lon="104.1535287"><ele>-0.8</ele><time>2026-05-02T00:54:23.009Z</time></trkpt>
      <trkpt lat="10.5969704" lon="104.1535261"><ele>-0.8</ele><time>2026-05-02T00:54:24.007Z</time></trkpt>
      <trkpt lat="10.5969326" lon="104.1535183"><ele>-0.8</ele><time>2026-05-02T00:54:25.009Z</time></trkpt>
      <trkpt lat="10.5968978" lon="104.1535108"><ele>-0.8</ele><time>2026-05-02T00:54:26.009Z</time></trkpt>
      <trkpt lat="10.5968626" lon="104.1535018"><ele>-0.8</ele><time>2026-05-02T00:54:27.009Z</time></trkpt>
      <trkpt lat="10.5968313" lon="104.1534917"><ele>-0.8</ele><time>2026-05-02T00:54:28.009Z</time></trkpt>
      <trkpt lat="10.5968017" lon="104.1534878"><ele>-0.8</ele><time>2026-05-02T00:54:29.009Z</time></trkpt>
      <trkpt lat="10.5967702" lon="104.1534866"><ele>-0.8</ele><time>2026-05-02T00:54:30.008Z</time></trkpt>
      <trkpt lat="10.5967369" lon="104.1534822"><ele>-0.8</ele><time>2026-05-02T00:54:31.009Z</time></trkpt>
      <trkpt lat="10.5967022" lon="104.1534752"><ele>-0.8</ele><time>2026-05-02T00:54:32.009Z</time></trkpt>
      <trkpt lat="10.5966675" lon="104.1534745"><ele>-0.8</ele><time>2026-05-02T00:54:33.008Z</time></trkpt>
      <trkpt lat="10.5966296" lon="104.1534757"><ele>-0.8</ele><time>2026-05-02T00:54:34.008Z</time></trkpt>
      <trkpt lat="10.5965906" lon="104.1534740"><ele>-0.8</ele><time>2026-05-02T00:54:35.009Z</time></trkpt>
      <trkpt lat="10.5965537" lon="104.1534711"><ele>-0.8</ele><time>2026-05-02T00:54:36.009Z</time></trkpt>
      <trkpt lat="10.5965165" lon="104.1534681"><ele>-0.8</ele><time>2026-05-02T00:54:37.010Z</time></trkpt>
      <trkpt lat="10.5964787" lon="104.1534634"><ele>-0.8</ele><time>2026-05-02T00:54:38.009Z</time></trkpt>
      <trkpt lat="10.5964413" lon="104.1534606"><ele>-0.8</ele><time>2026-05-02T00:54:39.009Z</time></trkpt>
      <trkpt lat="10.5964038" lon="104.1534586"><ele>-0.8</ele><time>2026-05-02T00:54:40.009Z</time></trkpt>
      <trkpt lat="10.5963644" lon="104.1534562"><ele>-0.8</ele><time>2026-05-02T00:54:41.009Z</time></trkpt>
      <trkpt lat="10.5963268" lon="104.1534579"><ele>-0.8</ele><time>2026-05-02T00:54:42.008Z</time></trkpt>
      <trkpt lat="10.5962936" lon="104.1534606"><ele>-0.8</ele><time>2026-05-02T00:54:43.009Z</time></trkpt>
      <trkpt lat="10.5962609" lon="104.1534572"><ele>-0.8</ele><time>2026-05-02T00:54:44.008Z</time></trkpt>
      <trkpt lat="10.5962314" lon="104.1534491"><ele>-0.8</ele><time>2026-05-02T00:54:45.008Z</time></trkpt>
      <trkpt lat="10.5962036" lon="104.1534463"><ele>-0.8</ele><time>2026-05-02T00:54:46.009Z</time></trkpt>
      <trkpt lat="10.5961731" lon="104.1534443"><ele>-0.8</ele><time>2026-05-02T00:54:47.009Z</time></trkpt>
      <trkpt lat="10.5961397" lon="104.1534365"><ele>-0.8</ele><time>2026-05-02T00:54:48.009Z</time></trkpt>
      <trkpt lat="10.5961022" lon="104.1534287"><ele>-0.8</ele><time>2026-05-02T00:54:49.009Z</time></trkpt>
      <trkpt lat="10.5960639" lon="104.1534242"><ele>-0.8</ele><time>2026-05-02T00:54:50.009Z</time></trkpt>
      <trkpt lat="10.5960254" lon="104.1534213"><ele>-0.8</ele><time>2026-05-02T00:54:51.009Z</time></trkpt>
      <trkpt lat="10.5959854" lon="104.1534194"><ele>-0.8</ele><time>2026-05-02T00:54:52.009Z</time></trkpt>
      <trkpt lat="10.5959457" lon="104.1534182"><ele>-0.8</ele><time>2026-05-02T00:54:53.009Z</time></trkpt>
      <trkpt lat="10.5959076" lon="104.1534164"><ele>-0.8</ele><time>2026-05-02T00:54:54.009Z</time></trkpt>
      <trkpt lat="10.5958710" lon="104.1534145"><ele>-0.8</ele><time>2026-05-02T00:54:55.008Z</time></trkpt>
      <trkpt lat="10.5958333" lon="104.1534138"><ele>-0.8</ele><time>2026-05-02T00:54:56.009Z</time></trkpt>
      <trkpt lat="10.5957980" lon="104.1534131"><ele>-0.8</ele><time>2026-05-02T00:54:57.009Z</time></trkpt>
      <trkpt lat="10.5957609" lon="104.1534138"><ele>-0.8</ele><time>2026-05-02T00:54:58.008Z</time></trkpt>
      <trkpt lat="10.5957251" lon="104.1534118"><ele>-0.8</ele><time>2026-05-02T00:54:59.010Z</time></trkpt>
      <trkpt lat="10.5956920" lon="104.1534038"><ele>-0.0</ele><time>2026-05-02T00:55:00.008Z</time></trkpt>
      <trkpt lat="10.5956572" lon="104.1533928"><ele>0.8</ele><time>2026-05-02T00:55:01.009Z</time></trkpt>
      <trkpt lat="10.5956194" lon="104.1533837"><ele>1.7</ele><time>2026-05-02T00:55:02.009Z</time></trkpt>
      <trkpt lat="10.5955829" lon="104.1533792"><ele>1.8</ele><time>2026-05-02T00:55:03.008Z</time></trkpt>
      <trkpt lat="10.5955446" lon="104.1533745"><ele>1.9</ele><time>2026-05-02T00:55:04.008Z</time></trkpt>
      <trkpt lat="10.5955056" lon="104.1533705"><ele>2.0</ele><time>2026-05-02T00:55:05.009Z</time></trkpt>
      <trkpt lat="10.5954682" lon="104.1533667"><ele>2.1</ele><time>2026-05-02T00:55:06.009Z</time></trkpt>
      <trkpt lat="10.5954299" lon="104.1533649"><ele>2.0</ele><time>2026-05-02T00:55:07.008Z</time></trkpt>
      <trkpt lat="10.5953926" lon="104.1533686"><ele>1.9</ele><time>2026-05-02T00:55:08.009Z</time></trkpt>
      <trkpt lat="10.5953560" lon="104.1533715"><ele>1.9</ele><time>2026-05-02T00:55:09.008Z</time></trkpt>
      <trkpt lat="10.5953186" lon="104.1533743"><ele>2.1</ele><time>2026-05-02T00:55:10.009Z</time></trkpt>
      <trkpt lat="10.5952823" lon="104.1533685"><ele>2.4</ele><time>2026-05-02T00:55:11.009Z</time></trkpt>
      <trkpt lat="10.5952448" lon="104.1533617"><ele>2.0</ele><time>2026-05-02T00:55:12.009Z</time></trkpt>
      <trkpt lat="10.5952060" lon="104.1533564"><ele>1.5</ele><time>2026-05-02T00:55:13.009Z</time></trkpt>
      <trkpt lat="10.5951673" lon="104.1533522"><ele>0.9</ele><time>2026-05-02T00:55:14.010Z</time></trkpt>
      <trkpt lat="10.5951275" lon="104.1533516"><ele>0.9</ele><time>2026-05-02T00:55:15.008Z</time></trkpt>
      <trkpt lat="10.5950872" lon="104.1533496"><ele>0.9</ele><time>2026-05-02T00:55:16.009Z</time></trkpt>
      <trkpt lat="10.5950449" lon="104.1533488"><ele>0.9</ele><time>2026-05-02T00:55:17.009Z</time></trkpt>
      <trkpt lat="10.5950028" lon="104.1533472"><ele>0.9</ele><time>2026-05-02T00:55:18.009Z</time></trkpt>
      <trkpt lat="10.5949622" lon="104.1533419"><ele>0.9</ele><time>2026-05-02T00:55:19.009Z</time></trkpt>
      <trkpt lat="10.5949214" lon="104.1533362"><ele>0.9</ele><time>2026-05-02T00:55:20.009Z</time></trkpt>
      <trkpt lat="10.5948800" lon="104.1533361"><ele>0.9</ele><time>2026-05-02T00:55:21.010Z</time></trkpt>
      <trkpt lat="10.5948392" lon="104.1533405"><ele>0.9</ele><time>2026-05-02T00:55:22.010Z</time></trkpt>
      <trkpt lat="10.5947971" lon="104.1533397"><ele>0.9</ele><time>2026-05-02T00:55:23.008Z</time></trkpt>
      <trkpt lat="10.5947519" lon="104.1533426"><ele>0.9</ele><time>2026-05-02T00:55:24.010Z</time></trkpt>
      <trkpt lat="10.5947065" lon="104.1533461"><ele>0.9</ele><time>2026-05-02T00:55:25.008Z</time></trkpt>
      <trkpt lat="10.5946539" lon="104.1533555"><ele>0.9</ele><time>2026-05-02T00:55:26.009Z</time></trkpt>
      <trkpt lat="10.5946014" lon="104.1533573"><ele>0.9</ele><time>2026-05-02T00:55:27.009Z</time></trkpt>
      <trkpt lat="10.5945549" lon="104.1533511"><ele>0.9</ele><time>2026-05-02T00:55:28.009Z</time></trkpt>
      <trkpt lat="10.5945122" lon="104.1533285"><ele>0.9</ele><time>2026-05-02T00:55:29.009Z</time></trkpt>
      <trkpt lat="10.5944685" lon="104.1533136"><ele>0.9</ele><time>2026-05-02T00:55:30.009Z</time></trkpt>
      <trkpt lat="10.5944181" lon="104.1533140"><ele>0.9</ele><time>2026-05-02T00:55:31.008Z</time></trkpt>
      <trkpt lat="10.5943697" lon="104.1532969"><ele>0.9</ele><time>2026-05-02T00:55:32.008Z</time></trkpt>
      <trkpt lat="10.5943272" lon="104.1532814"><ele>0.9</ele><time>2026-05-02T00:55:33.008Z</time></trkpt>
      <trkpt lat="10.5942724" lon="104.1532786"><ele>0.9</ele><time>2026-05-02T00:55:34.009Z</time></trkpt>
      <trkpt lat="10.5942245" lon="104.1532799"><ele>0.9</ele><time>2026-05-02T00:55:35.009Z</time></trkpt>
      <trkpt lat="10.5941748" lon="104.1532815"><ele>0.9</ele><time>2026-05-02T00:55:36.008Z</time></trkpt>
      <trkpt lat="10.5941300" lon="104.1532840"><ele>0.9</ele><time>2026-05-02T00:55:37.008Z</time></trkpt>
      <trkpt lat="10.5940826" lon="104.1532864"><ele>0.9</ele><time>2026-05-02T00:55:38.009Z</time></trkpt>
      <trkpt lat="10.5940309" lon="104.1532801"><ele>0.9</ele><time>2026-05-02T00:55:39.007Z</time></trkpt>
      <trkpt lat="10.5939820" lon="104.1532665"><ele>0.9</ele><time>2026-05-02T00:55:40.009Z</time></trkpt>
      <trkpt lat="10.5939315" lon="104.1532609"><ele>0.9</ele><time>2026-05-02T00:55:41.009Z</time></trkpt>
      <trkpt lat="10.5938796" lon="104.1532552"><ele>0.9</ele><time>2026-05-02T00:55:42.010Z</time></trkpt>
      <trkpt lat="10.5938271" lon="104.1532557"><ele>0.9</ele><time>2026-05-02T00:55:43.009Z</time></trkpt>
      <trkpt lat="10.5937806" lon="104.1532444"><ele>0.9</ele><time>2026-05-02T00:55:44.009Z</time></trkpt>
      <trkpt lat="10.5937299" lon="104.1532389"><ele>0.9</ele><time>2026-05-02T00:55:45.008Z</time></trkpt>
      <trkpt lat="10.5936803" lon="104.1532313"><ele>0.9</ele><time>2026-05-02T00:55:46.010Z</time></trkpt>
      <trkpt lat="10.5936316" lon="104.1532244"><ele>0.9</ele><time>2026-05-02T00:55:47.009Z</time></trkpt>
      <trkpt lat="10.5935799" lon="104.1532243"><ele>0.9</ele><time>2026-05-02T00:55:48.009Z</time></trkpt>
      <trkpt lat="10.5935324" lon="104.1532205"><ele>0.9</ele><time>2026-05-02T00:55:49.009Z</time></trkpt>
      <trkpt lat="10.5934859" lon="104.1532119"><ele>0.9</ele><time>2026-05-02T00:55:50.009Z</time></trkpt>
      <trkpt lat="10.5934337" lon="104.1532072"><ele>0.9</ele><time>2026-05-02T00:55:51.009Z</time></trkpt>
      <trkpt lat="10.5933843" lon="104.1532048"><ele>0.9</ele><time>2026-05-02T00:55:52.009Z</time></trkpt>
      <trkpt lat="10.5933379" lon="104.1531965"><ele>0.9</ele><time>2026-05-02T00:55:53.009Z</time></trkpt>
      <trkpt lat="10.5932917" lon="104.1531902"><ele>0.9</ele><time>2026-05-02T00:55:54.008Z</time></trkpt>
      <trkpt lat="10.5932470" lon="104.1531825"><ele>0.9</ele><time>2026-05-02T00:55:55.008Z</time></trkpt>
      <trkpt lat="10.5931996" lon="104.1531803"><ele>0.9</ele><time>2026-05-02T00:55:56.008Z</time></trkpt>
      <trkpt lat="10.5931541" lon="104.1531744"><ele>0.9</ele><time>2026-05-02T00:55:57.009Z</time></trkpt>
      <trkpt lat="10.5931095" lon="104.1531690"><ele>0.9</ele><time>2026-05-02T00:55:58.007Z</time></trkpt>
      <trkpt lat="10.5930637" lon="104.1531665"><ele>0.9</ele><time>2026-05-02T00:55:59.009Z</time></trkpt>
      <trkpt lat="10.5930197" lon="104.1531617"><ele>0.9</ele><time>2026-05-02T00:56:00.009Z</time></trkpt>
      <trkpt lat="10.5929741" lon="104.1531563"><ele>0.9</ele><time>2026-05-02T00:56:01.009Z</time></trkpt>
      <trkpt lat="10.5929295" lon="104.1531540"><ele>0.9</ele><time>2026-05-02T00:56:02.009Z</time></trkpt>
      <trkpt lat="10.5928832" lon="104.1531487"><ele>0.9</ele><time>2026-05-02T00:56:03.009Z</time></trkpt>
      <trkpt lat="10.5928374" lon="104.1531415"><ele>0.9</ele><time>2026-05-02T00:56:04.009Z</time></trkpt>
      <trkpt lat="10.5927929" lon="104.1531376"><ele>0.9</ele><time>2026-05-02T00:56:05.009Z</time></trkpt>
      <trkpt lat="10.5927491" lon="104.1531366"><ele>0.9</ele><time>2026-05-02T00:56:06.009Z</time></trkpt>
      <trkpt lat="10.5926999" lon="104.1531363"><ele>0.9</ele><time>2026-05-02T00:56:07.009Z</time></trkpt>
      <trkpt lat="10.5926521" lon="104.1531313"><ele>0.9</ele><time>2026-05-02T00:56:08.008Z</time></trkpt>
      <trkpt lat="10.5926109" lon="104.1531287"><ele>0.9</ele><time>2026-05-02T00:56:09.009Z</time></trkpt>
      <trkpt lat="10.5925590" lon="104.1531189"><ele>0.9</ele><time>2026-05-02T00:56:10.009Z</time></trkpt>
      <trkpt lat="10.5925079" lon="104.1531140"><ele>0.9</ele><time>2026-05-02T00:56:11.009Z</time></trkpt>
      <trkpt lat="10.5924600" lon="104.1531122"><ele>0.9</ele><time>2026-05-02T00:56:12.010Z</time></trkpt>
      <trkpt lat="10.5924037" lon="104.1531081"><ele>0.9</ele><time>2026-05-02T00:56:13.008Z</time></trkpt>
      <trkpt lat="10.5923546" lon="104.1531008"><ele>0.9</ele><time>2026-05-02T00:56:14.008Z</time></trkpt>
      <trkpt lat="10.5923017" lon="104.1530944"><ele>0.9</ele><time>2026-05-02T00:56:15.009Z</time></trkpt>
      <trkpt lat="10.5922492" lon="104.1530914"><ele>0.9</ele><time>2026-05-02T00:56:16.009Z</time></trkpt>
      <trkpt lat="10.5921967" lon="104.1530821"><ele>0.9</ele><time>2026-05-02T00:56:17.009Z</time></trkpt>
      <trkpt lat="10.5921432" lon="104.1530765"><ele>0.9</ele><time>2026-05-02T00:56:18.008Z</time></trkpt>
      <trkpt lat="10.5920900" lon="104.1530757"><ele>0.9</ele><time>2026-05-02T00:56:19.009Z</time></trkpt>
      <trkpt lat="10.5920396" lon="104.1530726"><ele>0.9</ele><time>2026-05-02T00:56:20.008Z</time></trkpt>
      <trkpt lat="10.5919950" lon="104.1530693"><ele>0.9</ele><time>2026-05-02T00:56:21.009Z</time></trkpt>
      <trkpt lat="10.5919495" lon="104.1530710"><ele>0.9</ele><time>2026-05-02T00:56:22.010Z</time></trkpt>
      <trkpt lat="10.5918960" lon="104.1530663"><ele>0.9</ele><time>2026-05-02T00:56:23.008Z</time></trkpt>
      <trkpt lat="10.5918495" lon="104.1530658"><ele>0.9</ele><time>2026-05-02T00:56:24.008Z</time></trkpt>
      <trkpt lat="10.5918004" lon="104.1530620"><ele>0.9</ele><time>2026-05-02T00:56:25.009Z</time></trkpt>
      <trkpt lat="10.5917488" lon="104.1530613"><ele>0.9</ele><time>2026-05-02T00:56:26.008Z</time></trkpt>
      <trkpt lat="10.5916995" lon="104.1530589"><ele>0.9</ele><time>2026-05-02T00:56:27.007Z</time></trkpt>
      <trkpt lat="10.5916508" lon="104.1530510"><ele>0.9</ele><time>2026-05-02T00:56:28.009Z</time></trkpt>
      <trkpt lat="10.5916072" lon="104.1530327"><ele>0.9</ele><time>2026-05-02T00:56:29.008Z</time></trkpt>
      <trkpt lat="10.5915664" lon="104.1530085"><ele>0.9</ele><time>2026-05-02T00:56:30.008Z</time></trkpt>
      <trkpt lat="10.5915218" lon="104.1529945"><ele>0.9</ele><time>2026-05-02T00:56:31.009Z</time></trkpt>
      <trkpt lat="10.5914783" lon="104.1529855"><ele>0.9</ele><time>2026-05-02T00:56:32.009Z</time></trkpt>
      <trkpt lat="10.5914313" lon="104.1529798"><ele>0.9</ele><time>2026-05-02T00:56:33.008Z</time></trkpt>
      <trkpt lat="10.5913858" lon="104.1529685"><ele>0.9</ele><time>2026-05-02T00:56:34.009Z</time></trkpt>
      <trkpt lat="10.5913451" lon="104.1529566"><ele>0.9</ele><time>2026-05-02T00:56:35.009Z</time></trkpt>
      <trkpt lat="10.5913041" lon="104.1529463"><ele>0.9</ele><time>2026-05-02T00:56:36.010Z</time></trkpt>
      <trkpt lat="10.5912546" lon="104.1529413"><ele>0.9</ele><time>2026-05-02T00:56:37.009Z</time></trkpt>
      <trkpt lat="10.5912042" lon="104.1529291"><ele>0.9</ele><time>2026-05-02T00:56:38.009Z</time></trkpt>
      <trkpt lat="10.5911547" lon="104.1529164"><ele>0.9</ele><time>2026-05-02T00:56:39.009Z</time></trkpt>
      <trkpt lat="10.5911091" lon="104.1529038"><ele>1.4</ele><time>2026-05-02T00:56:40.008Z</time></trkpt>
      <trkpt lat="10.5910622" lon="104.1528897"><ele>1.9</ele><time>2026-05-02T00:56:41.010Z</time></trkpt>
      <trkpt lat="10.5910148" lon="104.1528812"><ele>2.5</ele><time>2026-05-02T00:56:42.008Z</time></trkpt>
      <trkpt lat="10.5909668" lon="104.1528802"><ele>2.7</ele><time>2026-05-02T00:56:43.009Z</time></trkpt>
      <trkpt lat="10.5909218" lon="104.1528728"><ele>2.9</ele><time>2026-05-02T00:56:44.007Z</time></trkpt>
      <trkpt lat="10.5908765" lon="104.1528647"><ele>2.8</ele><time>2026-05-02T00:56:45.007Z</time></trkpt>
      <trkpt lat="10.5908319" lon="104.1528566"><ele>2.7</ele><time>2026-05-02T00:56:46.009Z</time></trkpt>
      <trkpt lat="10.5907873" lon="104.1528428"><ele>2.7</ele><time>2026-05-02T00:56:47.010Z</time></trkpt>
      <trkpt lat="10.5907426" lon="104.1528328"><ele>2.7</ele><time>2026-05-02T00:56:48.008Z</time></trkpt>
      <trkpt lat="10.5907039" lon="104.1528227"><ele>2.6</ele><time>2026-05-02T00:56:49.009Z</time></trkpt>
      <trkpt lat="10.5906587" lon="104.1528150"><ele>2.5</ele><time>2026-05-02T00:56:50.008Z</time></trkpt>
      <trkpt lat="10.5906154" lon="104.1528012"><ele>2.2</ele><time>2026-05-02T00:56:51.009Z</time></trkpt>
      <trkpt lat="10.5905702" lon="104.1527941"><ele>1.9</ele><time>2026-05-02T00:56:52.009Z</time></trkpt>
      <trkpt lat="10.5905249" lon="104.1527913"><ele>1.4</ele><time>2026-05-02T00:56:53.009Z</time></trkpt>
      <trkpt lat="10.5904747" lon="104.1527815"><ele>1.3</ele><time>2026-05-02T00:56:54.009Z</time></trkpt>
      <trkpt lat="10.5904303" lon="104.1527659"><ele>1.4</ele><time>2026-05-02T00:56:55.009Z</time></trkpt>
      <trkpt lat="10.5903853" lon="104.1527513"><ele>1.7</ele><time>2026-05-02T00:56:56.008Z</time></trkpt>
      <trkpt lat="10.5903439" lon="104.1527399"><ele>1.9</ele><time>2026-05-02T00:56:57.010Z</time></trkpt>
      <trkpt lat="10.5902982" lon="104.1527291"><ele>2.2</ele><time>2026-05-02T00:56:58.009Z</time></trkpt>
      <trkpt lat="10.5902529" lon="104.1527147"><ele>2.3</ele><time>2026-05-02T00:56:59.008Z</time></trkpt>
      <trkpt lat="10.5902117" lon="104.1527064"><ele>2.6</ele><time>2026-05-02T00:57:00.007Z</time></trkpt>
      <trkpt lat="10.5901718" lon="104.1526975"><ele>2.7</ele><time>2026-05-02T00:57:01.010Z</time></trkpt>
      <trkpt lat="10.5901265" lon="104.1526893"><ele>2.4</ele><time>2026-05-02T00:57:02.008Z</time></trkpt>
      <trkpt lat="10.5900881" lon="104.1526690"><ele>1.8</ele><time>2026-05-02T00:57:03.009Z</time></trkpt>
      <trkpt lat="10.5900497" lon="104.1526441"><ele>1.3</ele><time>2026-05-02T00:57:04.010Z</time></trkpt>
      <trkpt lat="10.5900099" lon="104.1526143"><ele>1.1</ele><time>2026-05-02T00:57:05.010Z</time></trkpt>
      <trkpt lat="10.5899701" lon="104.1525858"><ele>1.2</ele><time>2026-05-02T00:57:06.009Z</time></trkpt>
      <trkpt lat="10.5899344" lon="104.1525564"><ele>1.1</ele><time>2026-05-02T00:57:07.009Z</time></trkpt>
      <trkpt lat="10.5899021" lon="104.1525225"><ele>1.3</ele><time>2026-05-02T00:57:08.008Z</time></trkpt>
      <trkpt lat="10.5898694" lon="104.1524851"><ele>1.4</ele><time>2026-05-02T00:57:09.008Z</time></trkpt>
      <trkpt lat="10.5898343" lon="104.1524465"><ele>1.7</ele><time>2026-05-02T00:57:10.009Z</time></trkpt>
      <trkpt lat="10.5898005" lon="104.1524057"><ele>1.8</ele><time>2026-05-02T00:57:11.009Z</time></trkpt>
      <trkpt lat="10.5897680" lon="104.1523659"><ele>1.9</ele><time>2026-05-02T00:57:12.008Z</time></trkpt>
      <trkpt lat="10.5897347" lon="104.1523292"><ele>1.7</ele><time>2026-05-02T00:57:13.007Z</time></trkpt>
      <trkpt lat="10.5896993" lon="104.1522886"><ele>1.5</ele><time>2026-05-02T00:57:14.009Z</time></trkpt>
      <trkpt lat="10.5896637" lon="104.1522475"><ele>1.3</ele><time>2026-05-02T00:57:15.009Z</time></trkpt>
      <trkpt lat="10.5896268" lon="104.1522024"><ele>1.3</ele><time>2026-05-02T00:57:16.008Z</time></trkpt>
      <trkpt lat="10.5895905" lon="104.1521545"><ele>1.4</ele><time>2026-05-02T00:57:17.009Z</time></trkpt>
      <trkpt lat="10.5895554" lon="104.1521135"><ele>1.4</ele><time>2026-05-02T00:57:18.008Z</time></trkpt>
      <trkpt lat="10.5895186" lon="104.1520683"><ele>1.5</ele><time>2026-05-02T00:57:19.008Z</time></trkpt>
      <trkpt lat="10.5894822" lon="104.1520244"><ele>1.6</ele><time>2026-05-02T00:57:20.007Z</time></trkpt>
      <trkpt lat="10.5894434" lon="104.1519786"><ele>1.5</ele><time>2026-05-02T00:57:21.008Z</time></trkpt>
      <trkpt lat="10.5894031" lon="104.1519282"><ele>1.3</ele><time>2026-05-02T00:57:22.008Z</time></trkpt>
      <trkpt lat="10.5893639" lon="104.1518826"><ele>0.9</ele><time>2026-05-02T00:57:23.009Z</time></trkpt>
      <trkpt lat="10.5893205" lon="104.1518326"><ele>0.7</ele><time>2026-05-02T00:57:24.008Z</time></trkpt>
      <trkpt lat="10.5892838" lon="104.1517771"><ele>0.6</ele><time>2026-05-02T00:57:25.007Z</time></trkpt>
      <trkpt lat="10.5892429" lon="104.1517235"><ele>0.5</ele><time>2026-05-02T00:57:26.008Z</time></trkpt>
      <trkpt lat="10.5891998" lon="104.1516801"><ele>0.5</ele><time>2026-05-02T00:57:27.008Z</time></trkpt>
      <trkpt lat="10.5891578" lon="104.1516253"><ele>0.4</ele><time>2026-05-02T00:57:28.008Z</time></trkpt>
      <trkpt lat="10.5891122" lon="104.1515771"><ele>0.2</ele><time>2026-05-02T00:57:29.008Z</time></trkpt>
      <trkpt lat="10.5890642" lon="104.1515279"><ele>0.2</ele><time>2026-05-02T00:57:30.008Z</time></trkpt>
      <trkpt lat="10.5890201" lon="104.1514891"><ele>-0.0</ele><time>2026-05-02T00:57:31.009Z</time></trkpt>
      <trkpt lat="10.5889715" lon="104.1514528"><ele>-0.5</ele><time>2026-05-02T00:57:32.008Z</time></trkpt>
      <trkpt lat="10.5889209" lon="104.1514235"><ele>-1.3</ele><time>2026-05-02T00:57:33.008Z</time></trkpt>
      <trkpt lat="10.5888718" lon="104.1513902"><ele>-2.1</ele><time>2026-05-02T00:57:34.008Z</time></trkpt>
      <trkpt lat="10.5888256" lon="104.1513538"><ele>-2.4</ele><time>2026-05-02T00:57:35.008Z</time></trkpt>
      <trkpt lat="10.5887857" lon="104.1513110"><ele>-2.5</ele><time>2026-05-02T00:57:36.007Z</time></trkpt>
      <trkpt lat="10.5887455" lon="104.1512751"><ele>-2.5</ele><time>2026-05-02T00:57:37.009Z</time></trkpt>
      <trkpt lat="10.5887062" lon="104.1512343"><ele>-2.5</ele><time>2026-05-02T00:57:38.010Z</time></trkpt>
      <trkpt lat="10.5886713" lon="104.1511845"><ele>-2.3</ele><time>2026-05-02T00:57:39.009Z</time></trkpt>
      <trkpt lat="10.5886477" lon="104.1511313"><ele>-2.1</ele><time>2026-05-02T00:57:40.008Z</time></trkpt>
      <trkpt lat="10.5886292" lon="104.1510757"><ele>-1.7</ele><time>2026-05-02T00:57:41.009Z</time></trkpt>
      <trkpt lat="10.5886237" lon="104.1510187"><ele>-1.8</ele><time>2026-05-02T00:57:42.009Z</time></trkpt>
      <trkpt lat="10.5886148" lon="104.1509621"><ele>-1.7</ele><time>2026-05-02T00:57:43.009Z</time></trkpt>
      <trkpt lat="10.5886059" lon="104.1509084"><ele>-1.7</ele><time>2026-05-02T00:57:44.008Z</time></trkpt>
      <trkpt lat="10.5886019" lon="104.1508529"><ele>-1.4</ele><time>2026-05-02T00:57:45.009Z</time></trkpt>
      <trkpt lat="10.5886052" lon="104.1508088"><ele>-1.6</ele><time>2026-05-02T00:57:46.009Z</time></trkpt>
      <trkpt lat="10.5886132" lon="104.1507565"><ele>-1.8</ele><time>2026-05-02T00:57:47.009Z</time></trkpt>
      <trkpt lat="10.5886197" lon="104.1507012"><ele>-2.1</ele><time>2026-05-02T00:57:48.009Z</time></trkpt>
      <trkpt lat="10.5886306" lon="104.1506474"><ele>-2.1</ele><time>2026-05-02T00:57:49.008Z</time></trkpt>
      <trkpt lat="10.5886303" lon="104.1505942"><ele>-2.2</ele><time>2026-05-02T00:57:50.008Z</time></trkpt>
      <trkpt lat="10.5886277" lon="104.1505442"><ele>-2.0</ele><time>2026-05-02T00:57:51.008Z</time></trkpt>
      <trkpt lat="10.5886236" lon="104.1504963"><ele>-1.7</ele><time>2026-05-02T00:57:52.008Z</time></trkpt>
      <trkpt lat="10.5886122" lon="104.1504480"><ele>-1.4</ele><time>2026-05-02T00:57:53.009Z</time></trkpt>
      <trkpt lat="10.5886013" lon="104.1503984"><ele>-1.5</ele><time>2026-05-02T00:57:54.010Z</time></trkpt>
      <trkpt lat="10.5885804" lon="104.1503516"><ele>-1.6</ele><time>2026-05-02T00:57:55.008Z</time></trkpt>
      <trkpt lat="10.5885537" lon="104.1503060"><ele>-1.8</ele><time>2026-05-02T00:57:56.007Z</time></trkpt>
      <trkpt lat="10.5885254" lon="104.1502644"><ele>-1.6</ele><time>2026-05-02T00:57:57.007Z</time></trkpt>
      <trkpt lat="10.5884982" lon="104.1502167"><ele>-1.4</ele><time>2026-05-02T00:57:58.008Z</time></trkpt>
      <trkpt lat="10.5884754" lon="104.1501735"><ele>-1.3</ele><time>2026-05-02T00:57:59.008Z</time></trkpt>
      <trkpt lat="10.5884457" lon="104.1501339"><ele>-1.3</ele><time>2026-05-02T00:58:00.008Z</time></trkpt>
      <trkpt lat="10.5884257" lon="104.1500884"><ele>-1.4</ele><time>2026-05-02T00:58:01.008Z</time></trkpt>
      <trkpt lat="10.5883943" lon="104.1500461"><ele>-1.4</ele><time>2026-05-02T00:58:02.008Z</time></trkpt>
      <trkpt lat="10.5883625" lon="104.1500122"><ele>-1.7</ele><time>2026-05-02T00:58:03.009Z</time></trkpt>
      <trkpt lat="10.5883322" lon="104.1499684"><ele>-1.7</ele><time>2026-05-02T00:58:04.009Z</time></trkpt>
      <trkpt lat="10.5883070" lon="104.1499228"><ele>-1.7</ele><time>2026-05-02T00:58:05.008Z</time></trkpt>
      <trkpt lat="10.5882845" lon="104.1498796"><ele>-1.4</ele><time>2026-05-02T00:58:06.009Z</time></trkpt>
      <trkpt lat="10.5882612" lon="104.1498383"><ele>-1.4</ele><time>2026-05-02T00:58:07.008Z</time></trkpt>
      <trkpt lat="10.5882345" lon="104.1497955"><ele>-1.3</ele><time>2026-05-02T00:58:08.008Z</time></trkpt>
      <trkpt lat="10.5882141" lon="104.1497487"><ele>-1.4</ele><time>2026-05-02T00:58:09.008Z</time></trkpt>
      <trkpt lat="10.5882046" lon="104.1497095"><ele>-1.7</ele><time>2026-05-02T00:58:10.008Z</time></trkpt>
      <trkpt lat="10.5881808" lon="104.1496665"><ele>-2.0</ele><time>2026-05-02T00:58:11.007Z</time></trkpt>
      <trkpt lat="10.5881617" lon="104.1496264"><ele>-2.3</ele><time>2026-05-02T00:58:12.008Z</time></trkpt>
      <trkpt lat="10.5881379" lon="104.1495856"><ele>-2.2</ele><time>2026-05-02T00:58:13.009Z</time></trkpt>
      <trkpt lat="10.5881134" lon="104.1495431"><ele>-2.1</ele><time>2026-05-02T00:58:14.008Z</time></trkpt>
      <trkpt lat="10.5880937" lon="104.1495000"><ele>-1.8</ele><time>2026-05-02T00:58:15.008Z</time></trkpt>
      <trkpt lat="10.5880789" lon="104.1494547"><ele>-1.6</ele><time>2026-05-02T00:58:16.008Z</time></trkpt>
      <trkpt lat="10.5880642" lon="104.1494109"><ele>-1.4</ele><time>2026-05-02T00:58:17.008Z</time></trkpt>
      <trkpt lat="10.5880535" lon="104.1493743"><ele>-1.3</ele><time>2026-05-02T00:58:18.007Z</time></trkpt>
      <trkpt lat="10.5880382" lon="104.1493317"><ele>-1.2</ele><time>2026-05-02T00:58:19.008Z</time></trkpt>
      <trkpt lat="10.5880251" lon="104.1492905"><ele>-1.2</ele><time>2026-05-02T00:58:20.010Z</time></trkpt>
      <trkpt lat="10.5880102" lon="104.1492539"><ele>-1.3</ele><time>2026-05-02T00:58:21.008Z</time></trkpt>
      <trkpt lat="10.5879987" lon="104.1492162"><ele>-1.4</ele><time>2026-05-02T00:58:22.010Z</time></trkpt>
      <trkpt lat="10.5879862" lon="104.1491805"><ele>-1.2</ele><time>2026-05-02T00:58:23.008Z</time></trkpt>
      <trkpt lat="10.5879718" lon="104.1491472"><ele>-1.0</ele><time>2026-05-02T00:58:24.008Z</time></trkpt>
      <trkpt lat="10.5879584" lon="104.1491109"><ele>-0.7</ele><time>2026-05-02T00:58:25.008Z</time></trkpt>
      <trkpt lat="10.5879475" lon="104.1490779"><ele>-0.4</ele><time>2026-05-02T00:58:26.009Z</time></trkpt>
      <trkpt lat="10.5879404" lon="104.1490460"><ele>-0.2</ele><time>2026-05-02T00:58:27.008Z</time></trkpt>
      <trkpt lat="10.5879354" lon="104.1490165"><ele>-0.3</ele><time>2026-05-02T00:58:28.008Z</time></trkpt>
      <trkpt lat="10.5879279" lon="104.1489903"><ele>-0.2</ele><time>2026-05-02T00:58:29.008Z</time></trkpt>
      <trkpt lat="10.5879192" lon="104.1489638"><ele>-0.1</ele><time>2026-05-02T00:58:30.007Z</time></trkpt>
      <trkpt lat="10.5879125" lon="104.1489422"><ele>0.4</ele><time>2026-05-02T00:58:31.008Z</time></trkpt>
      <trkpt lat="10.5879091" lon="104.1489239"><ele>0.8</ele><time>2026-05-02T00:58:32.008Z</time></trkpt>
      <trkpt lat="10.5879091" lon="104.1489073"><ele>1.0</ele><time>2026-05-02T00:58:33.008Z</time></trkpt>
      <trkpt lat="10.5879107" lon="104.1488930"><ele>0.7</ele><time>2026-05-02T00:58:34.009Z</time></trkpt>
      <trkpt lat="10.5879112" lon="104.1488820"><ele>0.4</ele><time>2026-05-02T00:58:35.008Z</time></trkpt>
      <trkpt lat="10.5879114" lon="104.1488731"><ele>0.2</ele><time>2026-05-02T00:58:36.009Z</time></trkpt>
      <trkpt lat="10.5879092" lon="104.1488675"><ele>-0.4</ele><time>2026-05-02T00:58:37.008Z</time></trkpt>
      <trkpt lat="10.5879075" lon="104.1488630"><ele>-0.9</ele><time>2026-05-02T00:58:38.008Z</time></trkpt>
      <trkpt lat="10.5879054" lon="104.1488624"><ele>-1.4</ele><time>2026-05-02T00:59:34.009Z</time></trkpt>
      <trkpt lat="10.5879008" lon="104.1488530"><ele>-0.7</ele><time>2026-05-02T00:59:57.008Z</time></trkpt>
      <trkpt lat="10.5878997" lon="104.1488414"><ele>-0.7</ele><time>2026-05-02T00:59:58.009Z</time></trkpt>
      <trkpt lat="10.5878985" lon="104.1488265"><ele>-0.7</ele><time>2026-05-02T00:59:59.007Z</time></trkpt>
      <trkpt lat="10.5878956" lon="104.1488116"><ele>-0.9</ele><time>2026-05-02T01:00:00.008Z</time></trkpt>
      <trkpt lat="10.5878908" lon="104.1487969"><ele>-1.2</ele><time>2026-05-02T01:00:01.008Z</time></trkpt>
      <trkpt lat="10.5878883" lon="104.1487799"><ele>-1.4</ele><time>2026-05-02T01:00:02.009Z</time></trkpt>
      <trkpt lat="10.5878828" lon="104.1487601"><ele>-1.4</ele><time>2026-05-02T01:00:03.008Z</time></trkpt>
      <trkpt lat="10.5878738" lon="104.1487389"><ele>-1.4</ele><time>2026-05-02T01:00:04.007Z</time></trkpt>
      <trkpt lat="10.5878643" lon="104.1487156"><ele>-1.4</ele><time>2026-05-02T01:00:05.007Z</time></trkpt>
      <trkpt lat="10.5878521" lon="104.1486912"><ele>-1.4</ele><time>2026-05-02T01:00:06.008Z</time></trkpt>
      <trkpt lat="10.5878363" lon="104.1486677"><ele>-1.4</ele><time>2026-05-02T01:00:07.008Z</time></trkpt>
      <trkpt lat="10.5878153" lon="104.1486461"><ele>-1.4</ele><time>2026-05-02T01:00:08.008Z</time></trkpt>
      <trkpt lat="10.5877930" lon="104.1486246"><ele>-1.4</ele><time>2026-05-02T01:00:09.008Z</time></trkpt>
      <trkpt lat="10.5877723" lon="104.1486013"><ele>-1.4</ele><time>2026-05-02T01:00:10.008Z</time></trkpt>
      <trkpt lat="10.5877470" lon="104.1485827"><ele>-1.4</ele><time>2026-05-02T01:00:11.008Z</time></trkpt>
      <trkpt lat="10.5877207" lon="104.1485680"><ele>-1.4</ele><time>2026-05-02T01:00:12.007Z</time></trkpt>
      <trkpt lat="10.5876921" lon="104.1485558"><ele>-1.4</ele><time>2026-05-02T01:00:13.008Z</time></trkpt>
      <trkpt lat="10.5876588" lon="104.1485402"><ele>-1.4</ele><time>2026-05-02T01:00:14.008Z</time></trkpt>
      <trkpt lat="10.5876222" lon="104.1485242"><ele>-1.4</ele><time>2026-05-02T01:00:15.009Z</time></trkpt>
      <trkpt lat="10.5875868" lon="104.1485063"><ele>-1.4</ele><time>2026-05-02T01:00:16.008Z</time></trkpt>
      <trkpt lat="10.5875494" lon="104.1484867"><ele>-1.4</ele><time>2026-05-02T01:00:17.008Z</time></trkpt>
      <trkpt lat="10.5875112" lon="104.1484696"><ele>-1.4</ele><time>2026-05-02T01:00:18.009Z</time></trkpt>
      <trkpt lat="10.5874721" lon="104.1484577"><ele>-1.4</ele><time>2026-05-02T01:00:19.008Z</time></trkpt>
      <trkpt lat="10.5874331" lon="104.1484515"><ele>-1.4</ele><time>2026-05-02T01:00:20.008Z</time></trkpt>
      <trkpt lat="10.5873926" lon="104.1484463"><ele>-1.4</ele><time>2026-05-02T01:00:21.007Z</time></trkpt>
      <trkpt lat="10.5873514" lon="104.1484416"><ele>-1.4</ele><time>2026-05-02T01:00:22.007Z</time></trkpt>
      <trkpt lat="10.5873134" lon="104.1484351"><ele>-1.4</ele><time>2026-05-02T01:00:23.007Z</time></trkpt>
      <trkpt lat="10.5872748" lon="104.1484233"><ele>-1.4</ele><time>2026-05-02T01:00:24.007Z</time></trkpt>
      <trkpt lat="10.5872404" lon="104.1484121"><ele>-1.4</ele><time>2026-05-02T01:00:25.008Z</time></trkpt>
      <trkpt lat="10.5872067" lon="104.1483987"><ele>-1.4</ele><time>2026-05-02T01:00:26.008Z</time></trkpt>
      <trkpt lat="10.5871741" lon="104.1483848"><ele>-1.4</ele><time>2026-05-02T01:00:27.008Z</time></trkpt>
      <trkpt lat="10.5871409" lon="104.1483714"><ele>-1.4</ele><time>2026-05-02T01:00:28.007Z</time></trkpt>
      <trkpt lat="10.5871078" lon="104.1483562"><ele>-1.4</ele><time>2026-05-02T01:00:29.008Z</time></trkpt>
      <trkpt lat="10.5870746" lon="104.1483433"><ele>-1.4</ele><time>2026-05-02T01:00:30.008Z</time></trkpt>
      <trkpt lat="10.5870421" lon="104.1483334"><ele>-1.4</ele><time>2026-05-02T01:00:31.009Z</time></trkpt>
      <trkpt lat="10.5870107" lon="104.1483218"><ele>-1.4</ele><time>2026-05-02T01:00:32.008Z</time></trkpt>
      <trkpt lat="10.5869783" lon="104.1483079"><ele>-1.4</ele><time>2026-05-02T01:00:33.009Z</time></trkpt>
      <trkpt lat="10.5869449" lon="104.1482929"><ele>-1.4</ele><time>2026-05-02T01:00:34.009Z</time></trkpt>
      <trkpt lat="10.5869130" lon="104.1482802"><ele>-1.4</ele><time>2026-05-02T01:00:35.008Z</time></trkpt>
      <trkpt lat="10.5868810" lon="104.1482659"><ele>-1.4</ele><time>2026-05-02T01:00:36.009Z</time></trkpt>
      <trkpt lat="10.5868493" lon="104.1482534"><ele>-1.4</ele><time>2026-05-02T01:00:37.008Z</time></trkpt>
      <trkpt lat="10.5868172" lon="104.1482429"><ele>-1.4</ele><time>2026-05-02T01:00:38.008Z</time></trkpt>
      <trkpt lat="10.5867868" lon="104.1482280"><ele>-1.4</ele><time>2026-05-02T01:00:39.009Z</time></trkpt>
      <trkpt lat="10.5867591" lon="104.1482105"><ele>-1.4</ele><time>2026-05-02T01:00:40.007Z</time></trkpt>
      <trkpt lat="10.5867319" lon="104.1481923"><ele>-1.4</ele><time>2026-05-02T01:00:41.009Z</time></trkpt>
      <trkpt lat="10.5867048" lon="104.1481698"><ele>-1.4</ele><time>2026-05-02T01:00:42.008Z</time></trkpt>
      <trkpt lat="10.5866835" lon="104.1481419"><ele>-1.4</ele><time>2026-05-02T01:00:43.008Z</time></trkpt>
      <trkpt lat="10.5866630" lon="104.1481119"><ele>-1.4</ele><time>2026-05-02T01:00:44.006Z</time></trkpt>
      <trkpt lat="10.5866419" lon="104.1480831"><ele>-1.4</ele><time>2026-05-02T01:00:45.007Z</time></trkpt>
      <trkpt lat="10.5866256" lon="104.1480497"><ele>-1.4</ele><time>2026-05-02T01:00:46.008Z</time></trkpt>
      <trkpt lat="10.5866180" lon="104.1480126"><ele>-1.4</ele><time>2026-05-02T01:00:47.007Z</time></trkpt>
      <trkpt lat="10.5866147" lon="104.1479769"><ele>-1.4</ele><time>2026-05-02T01:00:48.008Z</time></trkpt>
      <trkpt lat="10.5866144" lon="104.1479391"><ele>-1.4</ele><time>2026-05-02T01:00:49.008Z</time></trkpt>
      <trkpt lat="10.5866144" lon="104.1478991"><ele>-1.4</ele><time>2026-05-02T01:00:50.007Z</time></trkpt>
      <trkpt lat="10.5866143" lon="104.1478577"><ele>-1.4</ele><time>2026-05-02T01:00:51.007Z</time></trkpt>
      <trkpt lat="10.5866150" lon="104.1478169"><ele>-1.4</ele><time>2026-05-02T01:00:52.007Z</time></trkpt>
      <trkpt lat="10.5866145" lon="104.1477769"><ele>-1.4</ele><time>2026-05-02T01:00:53.008Z</time></trkpt>
      <trkpt lat="10.5866121" lon="104.1477384"><ele>-1.4</ele><time>2026-05-02T01:00:54.007Z</time></trkpt>
      <trkpt lat="10.5866087" lon="104.1476998"><ele>-1.4</ele><time>2026-05-02T01:00:55.007Z</time></trkpt>
      <trkpt lat="10.5866031" lon="104.1476622"><ele>-1.4</ele><time>2026-05-02T01:00:56.008Z</time></trkpt>
      <trkpt lat="10.5865937" lon="104.1476247"><ele>-1.4</ele><time>2026-05-02T01:00:57.008Z</time></trkpt>
      <trkpt lat="10.5865994" lon="104.1475882"><ele>-1.4</ele><time>2026-05-02T01:00:58.008Z</time></trkpt>
      <trkpt lat="10.5866073" lon="104.1475514"><ele>-1.4</ele><time>2026-05-02T01:00:59.008Z</time></trkpt>
      <trkpt lat="10.5866094" lon="104.1475118"><ele>-1.4</ele><time>2026-05-02T01:01:00.008Z</time></trkpt>
      <trkpt lat="10.5866086" lon="104.1474721"><ele>-1.4</ele><time>2026-05-02T01:01:01.008Z</time></trkpt>
      <trkpt lat="10.5866082" lon="104.1474317"><ele>-1.4</ele><time>2026-05-02T01:01:02.008Z</time></trkpt>
      <trkpt lat="10.5866073" lon="104.1473902"><ele>-1.4</ele><time>2026-05-02T01:01:03.007Z</time></trkpt>
      <trkpt lat="10.5866070" lon="104.1473489"><ele>-1.4</ele><time>2026-05-02T01:01:04.009Z</time></trkpt>
      <trkpt lat="10.5866070" lon="104.1473095"><ele>-1.4</ele><time>2026-05-02T01:01:05.008Z</time></trkpt>
      <trkpt lat="10.5866077" lon="104.1472690"><ele>-1.4</ele><time>2026-05-02T01:01:06.008Z</time></trkpt>
      <trkpt lat="10.5866098" lon="104.1472281"><ele>-1.4</ele><time>2026-05-02T01:01:07.007Z</time></trkpt>
      <trkpt lat="10.5866103" lon="104.1471865"><ele>-1.4</ele><time>2026-05-02T01:01:08.007Z</time></trkpt>
      <trkpt lat="10.5866084" lon="104.1471464"><ele>-1.4</ele><time>2026-05-02T01:01:09.008Z</time></trkpt>
      <trkpt lat="10.5866034" lon="104.1471104"><ele>-1.4</ele><time>2026-05-02T01:01:10.009Z</time></trkpt>
      <trkpt lat="10.5865995" lon="104.1470750"><ele>-1.4</ele><time>2026-05-02T01:01:11.009Z</time></trkpt>
      <trkpt lat="10.5865975" lon="104.1470391"><ele>-1.4</ele><time>2026-05-02T01:01:12.007Z</time></trkpt>
      <trkpt lat="10.5865975" lon="104.1470024"><ele>-1.4</ele><time>2026-05-02T01:01:13.008Z</time></trkpt>
      <trkpt lat="10.5866015" lon="104.1469642"><ele>-1.4</ele><time>2026-05-02T01:01:14.008Z</time></trkpt>
      <trkpt lat="10.5866077" lon="104.1469276"><ele>-1.4</ele><time>2026-05-02T01:01:15.010Z</time></trkpt>
      <trkpt lat="10.5866120" lon="104.1468922"><ele>-1.4</ele><time>2026-05-02T01:01:16.008Z</time></trkpt>
      <trkpt lat="10.5866173" lon="104.1468590"><ele>-1.4</ele><time>2026-05-02T01:01:17.007Z</time></trkpt>
      <trkpt lat="10.5866264" lon="104.1468235"><ele>-1.4</ele><time>2026-05-02T01:01:18.008Z</time></trkpt>
      <trkpt lat="10.5866346" lon="104.1467915"><ele>-1.4</ele><time>2026-05-02T01:01:19.007Z</time></trkpt>
      <trkpt lat="10.5866388" lon="104.1467587"><ele>-1.4</ele><time>2026-05-02T01:01:20.008Z</time></trkpt>
      <trkpt lat="10.5866383" lon="104.1467235"><ele>-1.4</ele><time>2026-05-02T01:01:21.007Z</time></trkpt>
      <trkpt lat="10.5866370" lon="104.1466870"><ele>-1.4</ele><time>2026-05-02T01:01:22.008Z</time></trkpt>
      <trkpt lat="10.5866356" lon="104.1466506"><ele>-1.4</ele><time>2026-05-02T01:01:23.007Z</time></trkpt>
      <trkpt lat="10.5866333" lon="104.1466155"><ele>-0.9</ele><time>2026-05-02T01:01:24.007Z</time></trkpt>
      <trkpt lat="10.5866327" lon="104.1465809"><ele>-0.5</ele><time>2026-05-02T01:01:25.008Z</time></trkpt>
      <trkpt lat="10.5866344" lon="104.1465456"><ele>-0.1</ele><time>2026-05-02T01:01:26.009Z</time></trkpt>
      <trkpt lat="10.5866386" lon="104.1465111"><ele>-0.2</ele><time>2026-05-02T01:01:27.008Z</time></trkpt>
      <trkpt lat="10.5866467" lon="104.1464790"><ele>-0.0</ele><time>2026-05-02T01:01:28.009Z</time></trkpt>
      <trkpt lat="10.5866544" lon="104.1464455"><ele>0.0</ele><time>2026-05-02T01:01:29.009Z</time></trkpt>
      <trkpt lat="10.5866589" lon="104.1464127"><ele>-0.1</ele><time>2026-05-02T01:01:30.009Z</time></trkpt>
      <trkpt lat="10.5866628" lon="104.1463797"><ele>-0.3</ele><time>2026-05-02T01:01:31.008Z</time></trkpt>
      <trkpt lat="10.5866626" lon="104.1463452"><ele>-0.2</ele><time>2026-05-02T01:01:32.007Z</time></trkpt>
      <trkpt lat="10.5866667" lon="104.1463103"><ele>0.1</ele><time>2026-05-02T01:01:33.007Z</time></trkpt>
      <trkpt lat="10.5866699" lon="104.1462745"><ele>0.0</ele><time>2026-05-02T01:01:34.009Z</time></trkpt>
      <trkpt lat="10.5866735" lon="104.1462348"><ele>-0.3</ele><time>2026-05-02T01:01:35.009Z</time></trkpt>
      <trkpt lat="10.5866824" lon="104.1461944"><ele>-0.6</ele><time>2026-05-02T01:01:36.009Z</time></trkpt>
      <trkpt lat="10.5866911" lon="104.1461556"><ele>-0.6</ele><time>2026-05-02T01:01:37.008Z</time></trkpt>
      <trkpt lat="10.5866968" lon="104.1461169"><ele>-0.6</ele><time>2026-05-02T01:01:38.008Z</time></trkpt>
      <trkpt lat="10.5867024" lon="104.1460791"><ele>-0.7</ele><time>2026-05-02T01:01:39.008Z</time></trkpt>
      <trkpt lat="10.5867047" lon="104.1460420"><ele>-0.7</ele><time>2026-05-02T01:01:40.008Z</time></trkpt>
      <trkpt lat="10.5867016" lon="104.1460056"><ele>-0.7</ele><time>2026-05-02T01:01:41.008Z</time></trkpt>
      <trkpt lat="10.5867016" lon="104.1459683"><ele>1.0</ele><time>2026-05-02T01:01:42.009Z</time></trkpt>
      <trkpt lat="10.5867111" lon="104.1459326"><ele>1.9</ele><time>2026-05-02T01:01:43.009Z</time></trkpt>
      <trkpt lat="10.5867211" lon="104.1458977"><ele>1.9</ele><time>2026-05-02T01:01:44.008Z</time></trkpt>
      <trkpt lat="10.5867277" lon="104.1458613"><ele>1.9</ele><time>2026-05-02T01:01:45.009Z</time></trkpt>
      <trkpt lat="10.5867312" lon="104.1458238"><ele>1.9</ele><time>2026-05-02T01:01:46.008Z</time></trkpt>
      <trkpt lat="10.5867324" lon="104.1457863"><ele>1.9</ele><time>2026-05-02T01:01:47.008Z</time></trkpt>
      <trkpt lat="10.5867332" lon="104.1457489"><ele>1.9</ele><time>2026-05-02T01:01:48.008Z</time></trkpt>
      <trkpt lat="10.5867314" lon="104.1457106"><ele>1.9</ele><time>2026-05-02T01:01:49.008Z</time></trkpt>
      <trkpt lat="10.5867298" lon="104.1456714"><ele>1.9</ele><time>2026-05-02T01:01:50.009Z</time></trkpt>
      <trkpt lat="10.5867321" lon="104.1456318"><ele>1.9</ele><time>2026-05-02T01:01:51.008Z</time></trkpt>
      <trkpt lat="10.5867359" lon="104.1455899"><ele>1.9</ele><time>2026-05-02T01:01:52.008Z</time></trkpt>
      <trkpt lat="10.5867405" lon="104.1455477"><ele>1.9</ele><time>2026-05-02T01:01:53.008Z</time></trkpt>
      <trkpt lat="10.5867455" lon="104.1455057"><ele>1.9</ele><time>2026-05-02T01:01:54.008Z</time></trkpt>
      <trkpt lat="10.5867516" lon="104.1454639"><ele>1.9</ele><time>2026-05-02T01:01:55.007Z</time></trkpt>
      <trkpt lat="10.5867582" lon="104.1454225"><ele>1.9</ele><time>2026-05-02T01:01:56.007Z</time></trkpt>
      <trkpt lat="10.5867642" lon="104.1453812"><ele>1.8</ele><time>2026-05-02T01:01:57.007Z</time></trkpt>
      <trkpt lat="10.5867697" lon="104.1453401"><ele>1.8</ele><time>2026-05-02T01:01:58.007Z</time></trkpt>
      <trkpt lat="10.5867763" lon="104.1452970"><ele>1.8</ele><time>2026-05-02T01:01:59.007Z</time></trkpt>
      <trkpt lat="10.5867811" lon="104.1452572"><ele>1.8</ele><time>2026-05-02T01:02:00.007Z</time></trkpt>
      <trkpt lat="10.5867849" lon="104.1452170"><ele>1.8</ele><time>2026-05-02T01:02:01.008Z</time></trkpt>
      <trkpt lat="10.5867900" lon="104.1451778"><ele>1.8</ele><time>2026-05-02T01:02:02.006Z</time></trkpt>
      <trkpt lat="10.5867955" lon="104.1451376"><ele>1.8</ele><time>2026-05-02T01:02:03.008Z</time></trkpt>
      <trkpt lat="10.5867999" lon="104.1450965"><ele>1.8</ele><time>2026-05-02T01:02:04.007Z</time></trkpt>
      <trkpt lat="10.5868036" lon="104.1450570"><ele>1.8</ele><time>2026-05-02T01:02:05.007Z</time></trkpt>
      <trkpt lat="10.5868059" lon="104.1450159"><ele>1.8</ele><time>2026-05-02T01:02:06.007Z</time></trkpt>
      <trkpt lat="10.5868101" lon="104.1449747"><ele>1.8</ele><time>2026-05-02T01:02:07.006Z</time></trkpt>
      <trkpt lat="10.5868162" lon="104.1449333"><ele>1.8</ele><time>2026-05-02T01:02:08.007Z</time></trkpt>
      <trkpt lat="10.5868211" lon="104.1448914"><ele>1.9</ele><time>2026-05-02T01:02:09.006Z</time></trkpt>
      <trkpt lat="10.5868240" lon="104.1448512"><ele>1.9</ele><time>2026-05-02T01:02:10.007Z</time></trkpt>
      <trkpt lat="10.5868302" lon="104.1448109"><ele>1.9</ele><time>2026-05-02T01:02:11.008Z</time></trkpt>
      <trkpt lat="10.5868349" lon="104.1447703"><ele>1.9</ele><time>2026-05-02T01:02:12.007Z</time></trkpt>
      <trkpt lat="10.5868392" lon="104.1447291"><ele>1.9</ele><time>2026-05-02T01:02:13.007Z</time></trkpt>
      <trkpt lat="10.5868428" lon="104.1446885"><ele>1.9</ele><time>2026-05-02T01:02:14.008Z</time></trkpt>
      <trkpt lat="10.5868457" lon="104.1446493"><ele>1.9</ele><time>2026-05-02T01:02:15.008Z</time></trkpt>
      <trkpt lat="10.5868506" lon="104.1446109"><ele>1.9</ele><time>2026-05-02T01:02:16.008Z</time></trkpt>
      <trkpt lat="10.5868565" lon="104.1445747"><ele>1.9</ele><time>2026-05-02T01:02:17.008Z</time></trkpt>
      <trkpt lat="10.5868659" lon="104.1445381"><ele>1.9</ele><time>2026-05-02T01:02:18.007Z</time></trkpt>
      <trkpt lat="10.5868745" lon="104.1445003"><ele>1.9</ele><time>2026-05-02T01:02:19.007Z</time></trkpt>
      <trkpt lat="10.5868791" lon="104.1444653"><ele>1.9</ele><time>2026-05-02T01:02:20.009Z</time></trkpt>
      <trkpt lat="10.5868808" lon="104.1444308"><ele>1.9</ele><time>2026-05-02T01:02:21.007Z</time></trkpt>
      <trkpt lat="10.5868838" lon="104.1443961"><ele>1.9</ele><time>2026-05-02T01:02:22.008Z</time></trkpt>
      <trkpt lat="10.5868936" lon="104.1443613"><ele>1.9</ele><time>2026-05-02T01:02:23.007Z</time></trkpt>
      <trkpt lat="10.5869027" lon="104.1443266"><ele>1.9</ele><time>2026-05-02T01:02:24.008Z</time></trkpt>
      <trkpt lat="10.5869164" lon="104.1442920"><ele>1.9</ele><time>2026-05-02T01:02:25.006Z</time></trkpt>
      <trkpt lat="10.5869248" lon="104.1442562"><ele>1.9</ele><time>2026-05-02T01:02:26.008Z</time></trkpt>
      <trkpt lat="10.5869323" lon="104.1442178"><ele>1.9</ele><time>2026-05-02T01:02:27.009Z</time></trkpt>
      <trkpt lat="10.5869359" lon="104.1441772"><ele>1.9</ele><time>2026-05-02T01:02:28.007Z</time></trkpt>
      <trkpt lat="10.5869424" lon="104.1441364"><ele>1.9</ele><time>2026-05-02T01:02:29.009Z</time></trkpt>
      <trkpt lat="10.5869482" lon="104.1440982"><ele>1.9</ele><time>2026-05-02T01:02:30.007Z</time></trkpt>
      <trkpt lat="10.5869560" lon="104.1440590"><ele>1.9</ele><time>2026-05-02T01:02:31.007Z</time></trkpt>
      <trkpt lat="10.5869613" lon="104.1440198"><ele>2.6</ele><time>2026-05-02T01:02:32.008Z</time></trkpt>
      <trkpt lat="10.5869665" lon="104.1439809"><ele>3.3</ele><time>2026-05-02T01:02:33.008Z</time></trkpt>
      <trkpt lat="10.5869711" lon="104.1439420"><ele>4.0</ele><time>2026-05-02T01:02:34.007Z</time></trkpt>
      <trkpt lat="10.5869741" lon="104.1439038"><ele>4.1</ele><time>2026-05-02T01:02:35.007Z</time></trkpt>
      <trkpt lat="10.5869784" lon="104.1438654"><ele>4.3</ele><time>2026-05-02T01:02:36.008Z</time></trkpt>
      <trkpt lat="10.5869813" lon="104.1438252"><ele>4.8</ele><time>2026-05-02T01:02:37.009Z</time></trkpt>
      <trkpt lat="10.5869858" lon="104.1437847"><ele>5.2</ele><time>2026-05-02T01:02:38.008Z</time></trkpt>
      <trkpt lat="10.5869916" lon="104.1437439"><ele>5.6</ele><time>2026-05-02T01:02:39.008Z</time></trkpt>
      <trkpt lat="10.5869968" lon="104.1437023"><ele>5.6</ele><time>2026-05-02T01:02:40.008Z</time></trkpt>
      <trkpt lat="10.5869984" lon="104.1436599"><ele>5.6</ele><time>2026-05-02T01:02:41.007Z</time></trkpt>
      <trkpt lat="10.5870014" lon="104.1436169"><ele>5.3</ele><time>2026-05-02T01:02:42.008Z</time></trkpt>
      <trkpt lat="10.5870073" lon="104.1435753"><ele>5.0</ele><time>2026-05-02T01:02:43.008Z</time></trkpt>
      <trkpt lat="10.5870134" lon="104.1435343"><ele>4.9</ele><time>2026-05-02T01:02:44.007Z</time></trkpt>
      <trkpt lat="10.5870188" lon="104.1434929"><ele>4.8</ele><time>2026-05-02T01:02:45.007Z</time></trkpt>
      <trkpt lat="10.5870250" lon="104.1434520"><ele>4.9</ele><time>2026-05-02T01:02:46.007Z</time></trkpt>
      <trkpt lat="10.5870318" lon="104.1434109"><ele>4.6</ele><time>2026-05-02T01:02:47.007Z</time></trkpt>
      <trkpt lat="10.5870379" lon="104.1433690"><ele>4.5</ele><time>2026-05-02T01:02:48.008Z</time></trkpt>
      <trkpt lat="10.5870438" lon="104.1433289"><ele>4.4</ele><time>2026-05-02T01:02:49.007Z</time></trkpt>
      <trkpt lat="10.5870501" lon="104.1432893"><ele>4.6</ele><time>2026-05-02T01:02:50.006Z</time></trkpt>
      <trkpt lat="10.5870549" lon="104.1432468"><ele>4.6</ele><time>2026-05-02T01:02:51.008Z</time></trkpt>
      <trkpt lat="10.5870606" lon="104.1432037"><ele>4.6</ele><time>2026-05-02T01:02:52.008Z</time></trkpt>
      <trkpt lat="10.5870667" lon="104.1431605"><ele>4.7</ele><time>2026-05-02T01:02:53.008Z</time></trkpt>
      <trkpt lat="10.5870711" lon="104.1431178"><ele>4.7</ele><time>2026-05-02T01:02:54.007Z</time></trkpt>
      <trkpt lat="10.5870765" lon="104.1430750"><ele>4.5</ele><time>2026-05-02T01:02:55.008Z</time></trkpt>
      <trkpt lat="10.5870812" lon="104.1430319"><ele>4.5</ele><time>2026-05-02T01:02:56.007Z</time></trkpt>
      <trkpt lat="10.5870881" lon="104.1429892"><ele>4.4</ele><time>2026-05-02T01:02:57.007Z</time></trkpt>
      <trkpt lat="10.5870944" lon="104.1429465"><ele>4.4</ele><time>2026-05-02T01:02:58.008Z</time></trkpt>
      <trkpt lat="10.5871014" lon="104.1429052"><ele>4.1</ele><time>2026-05-02T01:02:59.007Z</time></trkpt>
      <trkpt lat="10.5871067" lon="104.1428613"><ele>3.9</ele><time>2026-05-02T01:03:00.007Z</time></trkpt>
      <trkpt lat="10.5871151" lon="104.1428184"><ele>3.7</ele><time>2026-05-02T01:03:01.008Z</time></trkpt>
      <trkpt lat="10.5871236" lon="104.1427764"><ele>3.7</ele><time>2026-05-02T01:03:02.007Z</time></trkpt>
      <trkpt lat="10.5871285" lon="104.1427323"><ele>3.7</ele><time>2026-05-02T01:03:03.008Z</time></trkpt>
      <trkpt lat="10.5871349" lon="104.1426899"><ele>3.6</ele><time>2026-05-02T01:03:04.007Z</time></trkpt>
      <trkpt lat="10.5871393" lon="104.1426459"><ele>3.6</ele><time>2026-05-02T01:03:05.008Z</time></trkpt>
      <trkpt lat="10.5871423" lon="104.1426026"><ele>3.4</ele><time>2026-05-02T01:03:06.008Z</time></trkpt>
      <trkpt lat="10.5871494" lon="104.1425585"><ele>3.3</ele><time>2026-05-02T01:03:07.008Z</time></trkpt>
      <trkpt lat="10.5871586" lon="104.1425155"><ele>3.3</ele><time>2026-05-02T01:03:08.007Z</time></trkpt>
      <trkpt lat="10.5871650" lon="104.1424714"><ele>3.4</ele><time>2026-05-02T01:03:09.008Z</time></trkpt>
      <trkpt lat="10.5871667" lon="104.1424276"><ele>3.5</ele><time>2026-05-02T01:03:10.008Z</time></trkpt>
      <trkpt lat="10.5871633" lon="104.1423822"><ele>3.4</ele><time>2026-05-02T01:03:11.007Z</time></trkpt>
      <trkpt lat="10.5871632" lon="104.1423329"><ele>3.3</ele><time>2026-05-02T01:03:12.009Z</time></trkpt>
      <trkpt lat="10.5871662" lon="104.1422869"><ele>3.5</ele><time>2026-05-02T01:03:13.007Z</time></trkpt>
      <trkpt lat="10.5871697" lon="104.1422381"><ele>3.8</ele><time>2026-05-02T01:03:14.007Z</time></trkpt>
      <trkpt lat="10.5871763" lon="104.1421859"><ele>4.3</ele><time>2026-05-02T01:03:15.007Z</time></trkpt>
      <trkpt lat="10.5871853" lon="104.1421353"><ele>4.4</ele><time>2026-05-02T01:03:16.008Z</time></trkpt>
      <trkpt lat="10.5871910" lon="104.1420842"><ele>4.5</ele><time>2026-05-02T01:03:17.008Z</time></trkpt>
      <trkpt lat="10.5871955" lon="104.1420429"><ele>4.4</ele><time>2026-05-02T01:03:18.007Z</time></trkpt>
      <trkpt lat="10.5871839" lon="104.1419937"><ele>4.2</ele><time>2026-05-02T01:03:19.007Z</time></trkpt>
      <trkpt lat="10.5871609" lon="104.1419498"><ele>4.1</ele><time>2026-05-02T01:03:20.008Z</time></trkpt>
      <trkpt lat="10.5871292" lon="104.1419213"><ele>4.1</ele><time>2026-05-02T01:03:21.008Z</time></trkpt>
      <trkpt lat="10.5870951" lon="104.1419045"><ele>4.1</ele><time>2026-05-02T01:03:22.008Z</time></trkpt>
      <trkpt lat="10.5870530" lon="104.1418981"><ele>4.0</ele><time>2026-05-02T01:03:23.007Z</time></trkpt>
      <trkpt lat="10.5870079" lon="104.1418989"><ele>4.0</ele><time>2026-05-02T01:03:24.008Z</time></trkpt>
      <trkpt lat="10.5869683" lon="104.1418934"><ele>4.1</ele><time>2026-05-02T01:03:25.009Z</time></trkpt>
      <trkpt lat="10.5869211" lon="104.1418840"><ele>4.3</ele><time>2026-05-02T01:03:26.007Z</time></trkpt>
      <trkpt lat="10.5868737" lon="104.1418756"><ele>4.3</ele><time>2026-05-02T01:03:27.007Z</time></trkpt>
      <trkpt lat="10.5868250" lon="104.1418692"><ele>4.2</ele><time>2026-05-02T01:03:28.008Z</time></trkpt>
      <trkpt lat="10.5867790" lon="104.1418604"><ele>4.3</ele><time>2026-05-02T01:03:29.007Z</time></trkpt>
      <trkpt lat="10.5867265" lon="104.1418546"><ele>4.6</ele><time>2026-05-02T01:03:30.008Z</time></trkpt>
      <trkpt lat="10.5866802" lon="104.1418442"><ele>4.8</ele><time>2026-05-02T01:03:31.006Z</time></trkpt>
      <trkpt lat="10.5866302" lon="104.1418383"><ele>4.8</ele><time>2026-05-02T01:03:32.007Z</time></trkpt>
      <trkpt lat="10.5865926" lon="104.1418284"><ele>4.4</ele><time>2026-05-02T01:03:33.008Z</time></trkpt>
      <trkpt lat="10.5865460" lon="104.1418230"><ele>3.9</ele><time>2026-05-02T01:03:34.007Z</time></trkpt>
      <trkpt lat="10.5864945" lon="104.1418148"><ele>3.5</ele><time>2026-05-02T01:03:35.008Z</time></trkpt>
      <trkpt lat="10.5864432" lon="104.1418087"><ele>3.4</ele><time>2026-05-02T01:03:36.008Z</time></trkpt>
      <trkpt lat="10.5863974" lon="104.1418010"><ele>3.3</ele><time>2026-05-02T01:03:37.007Z</time></trkpt>
      <trkpt lat="10.5863513" lon="104.1417941"><ele>3.1</ele><time>2026-05-02T01:03:38.008Z</time></trkpt>
      <trkpt lat="10.5862976" lon="104.1417907"><ele>2.7</ele><time>2026-05-02T01:03:39.008Z</time></trkpt>
      <trkpt lat="10.5862446" lon="104.1417816"><ele>2.4</ele><time>2026-05-02T01:03:40.008Z</time></trkpt>
      <trkpt lat="10.5861910" lon="104.1417759"><ele>2.1</ele><time>2026-05-02T01:03:41.008Z</time></trkpt>
      <trkpt lat="10.5861314" lon="104.1417700"><ele>1.8</ele><time>2026-05-02T01:03:42.008Z</time></trkpt>
      <trkpt lat="10.5860788" lon="104.1417612"><ele>1.4</ele><time>2026-05-02T01:03:43.007Z</time></trkpt>
      <trkpt lat="10.5860244" lon="104.1417544"><ele>0.9</ele><time>2026-05-02T01:03:44.009Z</time></trkpt>
      <trkpt lat="10.5859728" lon="104.1417497"><ele>0.7</ele><time>2026-05-02T01:03:45.007Z</time></trkpt>
      <trkpt lat="10.5859240" lon="104.1417493"><ele>0.3</ele><time>2026-05-02T01:03:46.008Z</time></trkpt>
      <trkpt lat="10.5858705" lon="104.1417477"><ele>0.3</ele><time>2026-05-02T01:03:47.007Z</time></trkpt>
      <trkpt lat="10.5858157" lon="104.1417418"><ele>0.2</ele><time>2026-05-02T01:03:48.007Z</time></trkpt>
      <trkpt lat="10.5857631" lon="104.1417370"><ele>0.4</ele><time>2026-05-02T01:03:49.008Z</time></trkpt>
      <trkpt lat="10.5857126" lon="104.1417334"><ele>0.7</ele><time>2026-05-02T01:03:50.007Z</time></trkpt>
      <trkpt lat="10.5856686" lon="104.1417260"><ele>0.9</ele><time>2026-05-02T01:03:51.008Z</time></trkpt>
      <trkpt lat="10.5856189" lon="104.1417199"><ele>1.1</ele><time>2026-05-02T01:03:52.007Z</time></trkpt>
      <trkpt lat="10.5855655" lon="104.1417090"><ele>1.0</ele><time>2026-05-02T01:03:53.007Z</time></trkpt>
      <trkpt lat="10.5855155" lon="104.1417037"><ele>1.0</ele><time>2026-05-02T01:03:54.006Z</time></trkpt>
      <trkpt lat="10.5854618" lon="104.1416974"><ele>1.0</ele><time>2026-05-02T01:03:55.008Z</time></trkpt>
      <trkpt lat="10.5854134" lon="104.1416910"><ele>1.1</ele><time>2026-05-02T01:03:56.008Z</time></trkpt>
      <trkpt lat="10.5853677" lon="104.1416787"><ele>1.3</ele><time>2026-05-02T01:03:57.007Z</time></trkpt>
      <trkpt lat="10.5853251" lon="104.1416725"><ele>1.3</ele><time>2026-05-02T01:03:58.007Z</time></trkpt>
      <trkpt lat="10.5852744" lon="104.1416681"><ele>1.2</ele><time>2026-05-02T01:03:59.007Z</time></trkpt>
      <trkpt lat="10.5852256" lon="104.1416608"><ele>0.9</ele><time>2026-05-02T01:04:00.008Z</time></trkpt>
      <trkpt lat="10.5851774" lon="104.1416551"><ele>0.8</ele><time>2026-05-02T01:04:01.008Z</time></trkpt>
      <trkpt lat="10.5851305" lon="104.1416503"><ele>0.8</ele><time>2026-05-02T01:04:02.008Z</time></trkpt>
      <trkpt lat="10.5850827" lon="104.1416440"><ele>0.9</ele><time>2026-05-02T01:04:03.007Z</time></trkpt>
      <trkpt lat="10.5850452" lon="104.1416397"><ele>0.9</ele><time>2026-05-02T01:04:04.007Z</time></trkpt>
      <trkpt lat="10.5849996" lon="104.1416330"><ele>0.9</ele><time>2026-05-02T01:04:05.007Z</time></trkpt>
      <trkpt lat="10.5849487" lon="104.1416266"><ele>0.9</ele><time>2026-05-02T01:04:06.007Z</time></trkpt>
      <trkpt lat="10.5849021" lon="104.1416198"><ele>0.8</ele><time>2026-05-02T01:04:07.007Z</time></trkpt>
      <trkpt lat="10.5848506" lon="104.1416162"><ele>0.7</ele><time>2026-05-02T01:04:08.008Z</time></trkpt>
      <trkpt lat="10.5848004" lon="104.1416136"><ele>0.6</ele><time>2026-05-02T01:04:09.007Z</time></trkpt>
      <trkpt lat="10.5847601" lon="104.1416103"><ele>0.4</ele><time>2026-05-02T01:04:10.008Z</time></trkpt>
      <trkpt lat="10.5847056" lon="104.1416100"><ele>0.3</ele><time>2026-05-02T01:04:11.008Z</time></trkpt>
      <trkpt lat="10.5846522" lon="104.1416049"><ele>0.3</ele><time>2026-05-02T01:04:12.008Z</time></trkpt>
      <trkpt lat="10.5846003" lon="104.1416076"><ele>0.4</ele><time>2026-05-02T01:04:13.008Z</time></trkpt>
      <trkpt lat="10.5845534" lon="104.1416054"><ele>0.3</ele><time>2026-05-02T01:04:14.008Z</time></trkpt>
      <trkpt lat="10.5845035" lon="104.1415972"><ele>0.3</ele><time>2026-05-02T01:04:15.007Z</time></trkpt>
      <trkpt lat="10.5844542" lon="104.1415872"><ele>0.3</ele><time>2026-05-02T01:04:16.008Z</time></trkpt>
      <trkpt lat="10.5844023" lon="104.1415814"><ele>0.4</ele><time>2026-05-02T01:04:17.008Z</time></trkpt>
      <trkpt lat="10.5843494" lon="104.1415807"><ele>0.5</ele><time>2026-05-02T01:04:18.007Z</time></trkpt>
      <trkpt lat="10.5842989" lon="104.1415768"><ele>0.5</ele><time>2026-05-02T01:04:19.007Z</time></trkpt>
      <trkpt lat="10.5842481" lon="104.1415665"><ele>0.6</ele><time>2026-05-02T01:04:20.007Z</time></trkpt>
      <trkpt lat="10.5841919" lon="104.1415604"><ele>0.8</ele><time>2026-05-02T01:04:21.008Z</time></trkpt>
      <trkpt lat="10.5841410" lon="104.1415503"><ele>1.3</ele><time>2026-05-02T01:04:22.007Z</time></trkpt>
      <trkpt lat="10.5840880" lon="104.1415470"><ele>1.6</ele><time>2026-05-02T01:04:23.007Z</time></trkpt>
      <trkpt lat="10.5840316" lon="104.1415432"><ele>1.8</ele><time>2026-05-02T01:04:24.007Z</time></trkpt>
      <trkpt lat="10.5839779" lon="104.1415323"><ele>2.0</ele><time>2026-05-02T01:04:25.007Z</time></trkpt>
      <trkpt lat="10.5839250" lon="104.1415211"><ele>2.4</ele><time>2026-05-02T01:04:26.007Z</time></trkpt>
      <trkpt lat="10.5838746" lon="104.1415170"><ele>2.8</ele><time>2026-05-02T01:04:27.007Z</time></trkpt>
      <trkpt lat="10.5838297" lon="104.1415117"><ele>2.7</ele><time>2026-05-02T01:04:28.007Z</time></trkpt>
      <trkpt lat="10.5837803" lon="104.1415058"><ele>2.4</ele><time>2026-05-02T01:04:29.007Z</time></trkpt>
      <trkpt lat="10.5837287" lon="104.1415038"><ele>2.0</ele><time>2026-05-02T01:04:30.007Z</time></trkpt>
      <trkpt lat="10.5836784" lon="104.1414983"><ele>1.9</ele><time>2026-05-02T01:04:31.008Z</time></trkpt>
      <trkpt lat="10.5836330" lon="104.1414920"><ele>1.9</ele><time>2026-05-02T01:04:32.007Z</time></trkpt>
      <trkpt lat="10.5835879" lon="104.1414864"><ele>1.7</ele><time>2026-05-02T01:04:33.008Z</time></trkpt>
      <trkpt lat="10.5835383" lon="104.1414792"><ele>1.7</ele><time>2026-05-02T01:04:34.007Z</time></trkpt>
      <trkpt lat="10.5834900" lon="104.1414778"><ele>1.8</ele><time>2026-05-02T01:04:35.007Z</time></trkpt>
      <trkpt lat="10.5834442" lon="104.1414725"><ele>2.0</ele><time>2026-05-02T01:04:36.008Z</time></trkpt>
      <trkpt lat="10.5833944" lon="104.1414700"><ele>2.1</ele><time>2026-05-02T01:04:37.007Z</time></trkpt>
      <trkpt lat="10.5833442" lon="104.1414631"><ele>2.3</ele><time>2026-05-02T01:04:38.008Z</time></trkpt>
      <trkpt lat="10.5832939" lon="104.1414557"><ele>2.5</ele><time>2026-05-02T01:04:39.007Z</time></trkpt>
      <trkpt lat="10.5832484" lon="104.1414505"><ele>2.7</ele><time>2026-05-02T01:04:40.007Z</time></trkpt>
      <trkpt lat="10.5831979" lon="104.1414461"><ele>2.7</ele><time>2026-05-02T01:04:41.007Z</time></trkpt>
      <trkpt lat="10.5831479" lon="104.1414433"><ele>2.1</ele><time>2026-05-02T01:04:42.007Z</time></trkpt>
      <trkpt lat="10.5830937" lon="104.1414424"><ele>1.6</ele><time>2026-05-02T01:04:43.007Z</time></trkpt>
      <trkpt lat="10.5830437" lon="104.1414318"><ele>1.4</ele><time>2026-05-02T01:04:44.008Z</time></trkpt>
      <trkpt lat="10.5829916" lon="104.1414241"><ele>1.5</ele><time>2026-05-02T01:04:45.008Z</time></trkpt>
      <trkpt lat="10.5829413" lon="104.1414138"><ele>1.5</ele><time>2026-05-02T01:04:46.007Z</time></trkpt>
      <trkpt lat="10.5828897" lon="104.1414082"><ele>1.5</ele><time>2026-05-02T01:04:47.006Z</time></trkpt>
      <trkpt lat="10.5828406" lon="104.1414027"><ele>1.7</ele><time>2026-05-02T01:04:48.008Z</time></trkpt>
      <trkpt lat="10.5827924" lon="104.1413942"><ele>1.9</ele><time>2026-05-02T01:04:49.007Z</time></trkpt>
      <trkpt lat="10.5827445" lon="104.1413893"><ele>2.1</ele><time>2026-05-02T01:04:50.007Z</time></trkpt>
      <trkpt lat="10.5826931" lon="104.1413838"><ele>2.0</ele><time>2026-05-02T01:04:51.007Z</time></trkpt>
      <trkpt lat="10.5826411" lon="104.1413848"><ele>2.0</ele><time>2026-05-02T01:04:52.008Z</time></trkpt>
      <trkpt lat="10.5825909" lon="104.1413812"><ele>1.9</ele><time>2026-05-02T01:04:53.007Z</time></trkpt>
      <trkpt lat="10.5825406" lon="104.1413750"><ele>2.0</ele><time>2026-05-02T01:04:54.007Z</time></trkpt>
      <trkpt lat="10.5824995" lon="104.1413693"><ele>1.6</ele><time>2026-05-02T01:04:55.008Z</time></trkpt>
      <trkpt lat="10.5824539" lon="104.1413614"><ele>1.3</ele><time>2026-05-02T01:04:56.008Z</time></trkpt>
      <trkpt lat="10.5824037" lon="104.1413553"><ele>0.8</ele><time>2026-05-02T01:04:57.007Z</time></trkpt>
      <trkpt lat="10.5823521" lon="104.1413477"><ele>1.0</ele><time>2026-05-02T01:04:58.007Z</time></trkpt>
      <trkpt lat="10.5822985" lon="104.1413369"><ele>1.3</ele><time>2026-05-02T01:04:59.006Z</time></trkpt>
      <trkpt lat="10.5822525" lon="104.1413307"><ele>1.8</ele><time>2026-05-02T01:05:00.008Z</time></trkpt>
      <trkpt lat="10.5822038" lon="104.1413250"><ele>2.1</ele><time>2026-05-02T01:05:01.008Z</time></trkpt>
      <trkpt lat="10.5821587" lon="104.1413186"><ele>2.2</ele><time>2026-05-02T01:05:02.007Z</time></trkpt>
      <trkpt lat="10.5821080" lon="104.1413104"><ele>2.0</ele><time>2026-05-02T01:05:03.008Z</time></trkpt>
      <trkpt lat="10.5820579" lon="104.1413094"><ele>1.9</ele><time>2026-05-02T01:05:04.007Z</time></trkpt>
      <trkpt lat="10.5820055" lon="104.1413018"><ele>1.7</ele><time>2026-05-02T01:05:05.006Z</time></trkpt>
      <trkpt lat="10.5819547" lon="104.1412914"><ele>1.7</ele><time>2026-05-02T01:05:06.007Z</time></trkpt>
      <trkpt lat="10.5819009" lon="104.1412861"><ele>1.5</ele><time>2026-05-02T01:05:07.008Z</time></trkpt>
      <trkpt lat="10.5818496" lon="104.1412793"><ele>1.5</ele><time>2026-05-02T01:05:08.007Z</time></trkpt>
      <trkpt lat="10.5817984" lon="104.1412717"><ele>1.4</ele><time>2026-05-02T01:05:09.007Z</time></trkpt>
      <trkpt lat="10.5817507" lon="104.1412698"><ele>1.2</ele><time>2026-05-02T01:05:10.007Z</time></trkpt>
      <trkpt lat="10.5816985" lon="104.1412624"><ele>1.1</ele><time>2026-05-02T01:05:11.008Z</time></trkpt>
      <trkpt lat="10.5816435" lon="104.1412574"><ele>1.2</ele><time>2026-05-02T01:05:12.007Z</time></trkpt>
      <trkpt lat="10.5815914" lon="104.1412541"><ele>1.5</ele><time>2026-05-02T01:05:13.007Z</time></trkpt>
      <trkpt lat="10.5815401" lon="104.1412519"><ele>1.8</ele><time>2026-05-02T01:05:14.007Z</time></trkpt>
      <trkpt lat="10.5814897" lon="104.1412523"><ele>1.7</ele><time>2026-05-02T01:05:15.006Z</time></trkpt>
      <trkpt lat="10.5814400" lon="104.1412476"><ele>1.7</ele><time>2026-05-02T01:05:16.008Z</time></trkpt>
      <trkpt lat="10.5813946" lon="104.1412452"><ele>1.6</ele><time>2026-05-02T01:05:17.007Z</time></trkpt>
      <trkpt lat="10.5813419" lon="104.1412413"><ele>1.5</ele><time>2026-05-02T01:05:18.007Z</time></trkpt>
      <trkpt lat="10.5812916" lon="104.1412364"><ele>1.6</ele><time>2026-05-02T01:05:19.007Z</time></trkpt>
      <trkpt lat="10.5812394" lon="104.1412309"><ele>1.7</ele><time>2026-05-02T01:05:20.008Z</time></trkpt>
      <trkpt lat="10.5811924" lon="104.1412178"><ele>1.9</ele><time>2026-05-02T01:05:21.007Z</time></trkpt>
      <trkpt lat="10.5811444" lon="104.1412209"><ele>2.0</ele><time>2026-05-02T01:05:22.007Z</time></trkpt>
      <trkpt lat="10.5810973" lon="104.1412168"><ele>2.0</ele><time>2026-05-02T01:05:23.007Z</time></trkpt>
      <trkpt lat="10.5810475" lon="104.1412114"><ele>2.2</ele><time>2026-05-02T01:05:24.006Z</time></trkpt>
      <trkpt lat="10.5809946" lon="104.1412078"><ele>2.5</ele><time>2026-05-02T01:05:25.007Z</time></trkpt>
      <trkpt lat="10.5809429" lon="104.1412004"><ele>2.9</ele><time>2026-05-02T01:05:26.007Z</time></trkpt>
      <trkpt lat="10.5808894" lon="104.1411987"><ele>3.1</ele><time>2026-05-02T01:05:27.008Z</time></trkpt>
      <trkpt lat="10.5808414" lon="104.1411939"><ele>3.2</ele><time>2026-05-02T01:05:28.007Z</time></trkpt>
      <trkpt lat="10.5807913" lon="104.1411859"><ele>3.0</ele><time>2026-05-02T01:05:29.007Z</time></trkpt>
      <trkpt lat="10.5807391" lon="104.1411809"><ele>2.8</ele><time>2026-05-02T01:05:30.007Z</time></trkpt>
      <trkpt lat="10.5806912" lon="104.1411825"><ele>2.5</ele><time>2026-05-02T01:05:31.007Z</time></trkpt>
      <trkpt lat="10.5806403" lon="104.1411759"><ele>2.3</ele><time>2026-05-02T01:05:32.007Z</time></trkpt>
      <trkpt lat="10.5805879" lon="104.1411724"><ele>2.3</ele><time>2026-05-02T01:05:33.007Z</time></trkpt>
      <trkpt lat="10.5805371" lon="104.1411683"><ele>2.4</ele><time>2026-05-02T01:05:34.007Z</time></trkpt>
      <trkpt lat="10.5804810" lon="104.1411634"><ele>2.4</ele><time>2026-05-02T01:05:35.007Z</time></trkpt>
      <trkpt lat="10.5804323" lon="104.1411551"><ele>2.4</ele><time>2026-05-02T01:05:36.007Z</time></trkpt>
      <trkpt lat="10.5803773" lon="104.1411539"><ele>2.2</ele><time>2026-05-02T01:05:37.008Z</time></trkpt>
      <trkpt lat="10.5803287" lon="104.1411438"><ele>2.2</ele><time>2026-05-02T01:05:38.008Z</time></trkpt>
      <trkpt lat="10.5802792" lon="104.1411350"><ele>2.2</ele><time>2026-05-02T01:05:39.008Z</time></trkpt>
      <trkpt lat="10.5802252" lon="104.1411326"><ele>2.3</ele><time>2026-05-02T01:05:40.008Z</time></trkpt>
      <trkpt lat="10.5801754" lon="104.1411279"><ele>2.3</ele><time>2026-05-02T01:05:41.007Z</time></trkpt>
      <trkpt lat="10.5801217" lon="104.1411194"><ele>2.0</ele><time>2026-05-02T01:05:42.007Z</time></trkpt>
      <trkpt lat="10.5800677" lon="104.1411158"><ele>1.9</ele><time>2026-05-02T01:05:43.007Z</time></trkpt>
      <trkpt lat="10.5800161" lon="104.1411092"><ele>1.8</ele><time>2026-05-02T01:05:44.007Z</time></trkpt>
      <trkpt lat="10.5799665" lon="104.1411073"><ele>1.7</ele><time>2026-05-02T01:05:45.007Z</time></trkpt>
      <trkpt lat="10.5799132" lon="104.1411076"><ele>1.7</ele><time>2026-05-02T01:05:46.007Z</time></trkpt>
      <trkpt lat="10.5798603" lon="104.1411042"><ele>1.8</ele><time>2026-05-02T01:05:47.007Z</time></trkpt>
      <trkpt lat="10.5798074" lon="104.1411003"><ele>2.0</ele><time>2026-05-02T01:05:48.007Z</time></trkpt>
      <trkpt lat="10.5797550" lon="104.1410981"><ele>2.3</ele><time>2026-05-02T01:05:49.008Z</time></trkpt>
      <trkpt lat="10.5797000" lon="104.1411027"><ele>2.5</ele><time>2026-05-02T01:05:50.007Z</time></trkpt>
      <trkpt lat="10.5796490" lon="104.1411027"><ele>2.6</ele><time>2026-05-02T01:05:51.007Z</time></trkpt>
      <trkpt lat="10.5795935" lon="104.1410964"><ele>2.7</ele><time>2026-05-02T01:05:52.007Z</time></trkpt>
      <trkpt lat="10.5795430" lon="104.1410917"><ele>2.8</ele><time>2026-05-02T01:05:53.008Z</time></trkpt>
      <trkpt lat="10.5794935" lon="104.1410879"><ele>3.0</ele><time>2026-05-02T01:05:54.008Z</time></trkpt>
      <trkpt lat="10.5794419" lon="104.1410873"><ele>3.3</ele><time>2026-05-02T01:05:55.007Z</time></trkpt>
      <trkpt lat="10.5793929" lon="104.1410828"><ele>3.6</ele><time>2026-05-02T01:05:56.008Z</time></trkpt>
      <trkpt lat="10.5793409" lon="104.1410848"><ele>3.6</ele><time>2026-05-02T01:05:57.007Z</time></trkpt>
      <trkpt lat="10.5792870" lon="104.1410826"><ele>3.7</ele><time>2026-05-02T01:05:58.007Z</time></trkpt>
      <trkpt lat="10.5792385" lon="104.1410846"><ele>3.5</ele><time>2026-05-02T01:05:59.007Z</time></trkpt>
      <trkpt lat="10.5791871" lon="104.1410842"><ele>3.5</ele><time>2026-05-02T01:06:00.007Z</time></trkpt>
      <trkpt lat="10.5791377" lon="104.1410868"><ele>3.3</ele><time>2026-05-02T01:06:01.007Z</time></trkpt>
      <trkpt lat="10.5790890" lon="104.1410889"><ele>3.2</ele><time>2026-05-02T01:06:02.007Z</time></trkpt>
      <trkpt lat="10.5790333" lon="104.1410865"><ele>3.1</ele><time>2026-05-02T01:06:03.007Z</time></trkpt>
      <trkpt lat="10.5789839" lon="104.1410928"><ele>3.0</ele><time>2026-05-02T01:06:04.007Z</time></trkpt>
      <trkpt lat="10.5789305" lon="104.1411003"><ele>3.0</ele><time>2026-05-02T01:06:05.007Z</time></trkpt>
      <trkpt lat="10.5788783" lon="104.1411007"><ele>2.9</ele><time>2026-05-02T01:06:06.007Z</time></trkpt>
      <trkpt lat="10.5788267" lon="104.1410998"><ele>2.9</ele><time>2026-05-02T01:06:07.008Z</time></trkpt>
      <trkpt lat="10.5787830" lon="104.1410983"><ele>2.9</ele><time>2026-05-02T01:06:08.007Z</time></trkpt>
      <trkpt lat="10.5787325" lon="104.1410977"><ele>2.9</ele><time>2026-05-02T01:06:09.008Z</time></trkpt>
      <trkpt lat="10.5786858" lon="104.1410951"><ele>2.8</ele><time>2026-05-02T01:06:10.007Z</time></trkpt>
      <trkpt lat="10.5786405" lon="104.1410960"><ele>2.7</ele><time>2026-05-02T01:06:11.007Z</time></trkpt>
      <trkpt lat="10.5785877" lon="104.1410985"><ele>2.4</ele><time>2026-05-02T01:06:12.007Z</time></trkpt>
      <trkpt lat="10.5785360" lon="104.1410976"><ele>2.5</ele><time>2026-05-02T01:06:13.007Z</time></trkpt>
      <trkpt lat="10.5784842" lon="104.1410977"><ele>2.7</ele><time>2026-05-02T01:06:14.007Z</time></trkpt>
      <trkpt lat="10.5784399" lon="104.1411002"><ele>2.7</ele><time>2026-05-02T01:06:15.008Z</time></trkpt>
      <trkpt lat="10.5783879" lon="104.1411034"><ele>2.4</ele><time>2026-05-02T01:06:16.007Z</time></trkpt>
      <trkpt lat="10.5783387" lon="104.1411023"><ele>2.3</ele><time>2026-05-02T01:06:17.007Z</time></trkpt>
      <trkpt lat="10.5782827" lon="104.1411029"><ele>2.3</ele><time>2026-05-02T01:06:18.007Z</time></trkpt>
      <trkpt lat="10.5782316" lon="104.1411025"><ele>2.4</ele><time>2026-05-02T01:06:19.007Z</time></trkpt>
      <trkpt lat="10.5781859" lon="104.1411001"><ele>2.3</ele><time>2026-05-02T01:06:20.007Z</time></trkpt>
      <trkpt lat="10.5781382" lon="104.1411073"><ele>2.2</ele><time>2026-05-02T01:06:21.008Z</time></trkpt>
      <trkpt lat="10.5780956" lon="104.1411116"><ele>2.1</ele><time>2026-05-02T01:06:22.007Z</time></trkpt>
      <trkpt lat="10.5780495" lon="104.1411090"><ele>2.0</ele><time>2026-05-02T01:06:23.007Z</time></trkpt>
      <trkpt lat="10.5780087" lon="104.1411059"><ele>1.8</ele><time>2026-05-02T01:06:24.007Z</time></trkpt>
      <trkpt lat="10.5779700" lon="104.1411064"><ele>1.8</ele><time>2026-05-02T01:06:25.008Z</time></trkpt>
      <trkpt lat="10.5779276" lon="104.1411065"><ele>1.8</ele><time>2026-05-02T01:06:26.007Z</time></trkpt>
      <trkpt lat="10.5778860" lon="104.1411053"><ele>1.8</ele><time>2026-05-02T01:06:27.008Z</time></trkpt>
      <trkpt lat="10.5778455" lon="104.1411045"><ele>1.7</ele><time>2026-05-02T01:06:28.007Z</time></trkpt>
      <trkpt lat="10.5778043" lon="104.1411035"><ele>1.6</ele><time>2026-05-02T01:06:29.007Z</time></trkpt>
      <trkpt lat="10.5777650" lon="104.1411020"><ele>1.7</ele><time>2026-05-02T01:06:30.006Z</time></trkpt>
      <trkpt lat="10.5777245" lon="104.1411020"><ele>2.0</ele><time>2026-05-02T01:06:31.007Z</time></trkpt>
      <trkpt lat="10.5776810" lon="104.1411071"><ele>2.1</ele><time>2026-05-02T01:06:32.008Z</time></trkpt>
      <trkpt lat="10.5776370" lon="104.1411136"><ele>2.0</ele><time>2026-05-02T01:06:33.007Z</time></trkpt>
      <trkpt lat="10.5775922" lon="104.1411140"><ele>1.9</ele><time>2026-05-02T01:06:34.007Z</time></trkpt>
      <trkpt lat="10.5775506" lon="104.1411168"><ele>1.6</ele><time>2026-05-02T01:06:35.008Z</time></trkpt>
      <trkpt lat="10.5775066" lon="104.1411091"><ele>1.6</ele><time>2026-05-02T01:06:36.008Z</time></trkpt>
      <trkpt lat="10.5774532" lon="104.1411042"><ele>1.5</ele><time>2026-05-02T01:06:37.007Z</time></trkpt>
      <trkpt lat="10.5774050" lon="104.1410990"><ele>1.7</ele><time>2026-05-02T01:06:38.007Z</time></trkpt>
      <trkpt lat="10.5773520" lon="104.1410990"><ele>1.8</ele><time>2026-05-02T01:06:39.007Z</time></trkpt>
      <trkpt lat="10.5773015" lon="104.1410965"><ele>2.1</ele><time>2026-05-02T01:06:40.007Z</time></trkpt>
      <trkpt lat="10.5772495" lon="104.1410893"><ele>2.2</ele><time>2026-05-02T01:06:41.005Z</time></trkpt>
      <trkpt lat="10.5771991" lon="104.1410847"><ele>2.3</ele><time>2026-05-02T01:06:42.007Z</time></trkpt>
      <trkpt lat="10.5771482" lon="104.1410784"><ele>2.0</ele><time>2026-05-02T01:06:43.007Z</time></trkpt>
      <trkpt lat="10.5770977" lon="104.1410747"><ele>1.7</ele><time>2026-05-02T01:06:44.007Z</time></trkpt>
      <trkpt lat="10.5770455" lon="104.1410637"><ele>1.3</ele><time>2026-05-02T01:06:45.006Z</time></trkpt>
      <trkpt lat="10.5769894" lon="104.1410554"><ele>0.9</ele><time>2026-05-02T01:06:46.006Z</time></trkpt>
      <trkpt lat="10.5769371" lon="104.1410458"><ele>0.1</ele><time>2026-05-02T01:06:47.006Z</time></trkpt>
      <trkpt lat="10.5768750" lon="104.1410399"><ele>-0.4</ele><time>2026-05-02T01:06:48.007Z</time></trkpt>
      <trkpt lat="10.5768230" lon="104.1410402"><ele>-1.0</ele><time>2026-05-02T01:06:49.007Z</time></trkpt>
      <trkpt lat="10.5767627" lon="104.1410384"><ele>-1.2</ele><time>2026-05-02T01:06:50.007Z</time></trkpt>
      <trkpt lat="10.5767058" lon="104.1410472"><ele>-1.4</ele><time>2026-05-02T01:06:51.007Z</time></trkpt>
      <trkpt lat="10.5766523" lon="104.1410642"><ele>-1.4</ele><time>2026-05-02T01:06:52.007Z</time></trkpt>
      <trkpt lat="10.5766022" lon="104.1410889"><ele>-1.3</ele><time>2026-05-02T01:06:53.007Z</time></trkpt>
      <trkpt lat="10.5765473" lon="104.1411139"><ele>-1.2</ele><time>2026-05-02T01:06:54.008Z</time></trkpt>
      <trkpt lat="10.5764973" lon="104.1411435"><ele>-1.1</ele><time>2026-05-02T01:06:55.007Z</time></trkpt>
      <trkpt lat="10.5764436" lon="104.1411760"><ele>-1.0</ele><time>2026-05-02T01:06:56.007Z</time></trkpt>
      <trkpt lat="10.5763850" lon="104.1412107"><ele>-1.0</ele><time>2026-05-02T01:06:57.007Z</time></trkpt>
      <trkpt lat="10.5763250" lon="104.1412386"><ele>-0.7</ele><time>2026-05-02T01:06:58.007Z</time></trkpt>
      <trkpt lat="10.5762649" lon="104.1412599"><ele>-0.6</ele><time>2026-05-02T01:06:59.006Z</time></trkpt>
      <trkpt lat="10.5762036" lon="104.1412818"><ele>-0.8</ele><time>2026-05-02T01:07:00.007Z</time></trkpt>
      <trkpt lat="10.5761414" lon="104.1413001"><ele>-1.1</ele><time>2026-05-02T01:07:01.006Z</time></trkpt>
      <trkpt lat="10.5760740" lon="104.1413138"><ele>-1.6</ele><time>2026-05-02T01:07:02.007Z</time></trkpt>
      <trkpt lat="10.5760080" lon="104.1413176"><ele>-1.7</ele><time>2026-05-02T01:07:03.006Z</time></trkpt>
      <trkpt lat="10.5759428" lon="104.1413108"><ele>-1.7</ele><time>2026-05-02T01:07:04.006Z</time></trkpt>
      <trkpt lat="10.5758755" lon="104.1412989"><ele>-1.8</ele><time>2026-05-02T01:07:05.008Z</time></trkpt>
      <trkpt lat="10.5758101" lon="104.1412880"><ele>-2.0</ele><time>2026-05-02T01:07:06.008Z</time></trkpt>
      <trkpt lat="10.5757429" lon="104.1412841"><ele>-2.4</ele><time>2026-05-02T01:07:07.007Z</time></trkpt>
      <trkpt lat="10.5756670" lon="104.1412784"><ele>-2.7</ele><time>2026-05-02T01:07:08.007Z</time></trkpt>
      <trkpt lat="10.5756010" lon="104.1412738"><ele>-2.8</ele><time>2026-05-02T01:07:09.007Z</time></trkpt>
      <trkpt lat="10.5755378" lon="104.1412765"><ele>-2.9</ele><time>2026-05-02T01:07:10.007Z</time></trkpt>
      <trkpt lat="10.5754805" lon="104.1412852"><ele>-2.9</ele><time>2026-05-02T01:07:11.007Z</time></trkpt>
      <trkpt lat="10.5754175" lon="104.1412963"><ele>-3.0</ele><time>2026-05-02T01:07:12.007Z</time></trkpt>
      <trkpt lat="10.5753626" lon="104.1413113"><ele>-3.1</ele><time>2026-05-02T01:07:13.007Z</time></trkpt>
      <trkpt lat="10.5753041" lon="104.1413221"><ele>-3.1</ele><time>2026-05-02T01:07:14.007Z</time></trkpt>
      <trkpt lat="10.5752476" lon="104.1413350"><ele>-3.0</ele><time>2026-05-02T01:07:15.007Z</time></trkpt>
      <trkpt lat="10.5751975" lon="104.1413441"><ele>-2.9</ele><time>2026-05-02T01:07:16.007Z</time></trkpt>
      <trkpt lat="10.5751470" lon="104.1413557"><ele>-2.7</ele><time>2026-05-02T01:07:17.007Z</time></trkpt>
      <trkpt lat="10.5750993" lon="104.1413698"><ele>-2.6</ele><time>2026-05-02T01:07:18.007Z</time></trkpt>
      <trkpt lat="10.5750511" lon="104.1413780"><ele>-2.4</ele><time>2026-05-02T01:07:19.007Z</time></trkpt>
      <trkpt lat="10.5750074" lon="104.1413897"><ele>-2.2</ele><time>2026-05-02T01:07:20.006Z</time></trkpt>
      <trkpt lat="10.5749648" lon="104.1414062"><ele>-2.0</ele><time>2026-05-02T01:07:21.008Z</time></trkpt>
      <trkpt lat="10.5749294" lon="104.1414233"><ele>-1.8</ele><time>2026-05-02T01:07:22.007Z</time></trkpt>
      <trkpt lat="10.5748999" lon="104.1414355"><ele>-1.4</ele><time>2026-05-02T01:07:23.007Z</time></trkpt>
      <trkpt lat="10.5748756" lon="104.1414422"><ele>-1.1</ele><time>2026-05-02T01:07:24.007Z</time></trkpt>
      <trkpt lat="10.5748540" lon="104.1414524"><ele>-0.7</ele><time>2026-05-02T01:07:25.006Z</time></trkpt>
      <trkpt lat="10.5748355" lon="104.1414585"><ele>-0.8</ele><time>2026-05-02T01:07:26.007Z</time></trkpt>
      <trkpt lat="10.5748145" lon="104.1414666"><ele>-0.9</ele><time>2026-05-02T01:07:27.006Z</time></trkpt>
      <trkpt lat="10.5747935" lon="104.1414775"><ele>-0.9</ele><time>2026-05-02T01:07:28.007Z</time></trkpt>
      <trkpt lat="10.5747675" lon="104.1414906"><ele>-0.5</ele><time>2026-05-02T01:07:29.005Z</time></trkpt>
      <trkpt lat="10.5747369" lon="104.1415032"><ele>-0.1</ele><time>2026-05-02T01:07:30.007Z</time></trkpt>
      <trkpt lat="10.5747033" lon="104.1415147"><ele>0.0</ele><time>2026-05-02T01:07:31.007Z</time></trkpt>
      <trkpt lat="10.5746636" lon="104.1415271"><ele>0.3</ele><time>2026-05-02T01:07:32.006Z</time></trkpt>
      <trkpt lat="10.5746230" lon="104.1415388"><ele>0.7</ele><time>2026-05-02T01:07:33.007Z</time></trkpt>
      <trkpt lat="10.5745801" lon="104.1415496"><ele>1.0</ele><time>2026-05-02T01:07:34.007Z</time></trkpt>
      <trkpt lat="10.5745379" lon="104.1415591"><ele>1.3</ele><time>2026-05-02T01:07:35.007Z</time></trkpt>
      <trkpt lat="10.5744995" lon="104.1415730"><ele>1.1</ele><time>2026-05-02T01:07:36.007Z</time></trkpt>
      <trkpt lat="10.5744588" lon="104.1415889"><ele>0.6</ele><time>2026-05-02T01:07:37.006Z</time></trkpt>
      <trkpt lat="10.5744186" lon="104.1416035"><ele>-0.1</ele><time>2026-05-02T01:07:38.007Z</time></trkpt>
      <trkpt lat="10.5743776" lon="104.1416183"><ele>-0.5</ele><time>2026-05-02T01:07:39.008Z</time></trkpt>
      <trkpt lat="10.5743362" lon="104.1416344"><ele>-0.5</ele><time>2026-05-02T01:07:40.007Z</time></trkpt>
      <trkpt lat="10.5742939" lon="104.1416518"><ele>-0.3</ele><time>2026-05-02T01:07:41.007Z</time></trkpt>
      <trkpt lat="10.5742556" lon="104.1416694"><ele>-0.2</ele><time>2026-05-02T01:07:42.006Z</time></trkpt>
      <trkpt lat="10.5742121" lon="104.1416822"><ele>-0.2</ele><time>2026-05-02T01:07:43.007Z</time></trkpt>
      <trkpt lat="10.5741635" lon="104.1416962"><ele>-0.2</ele><time>2026-05-02T01:07:44.007Z</time></trkpt>
      <trkpt lat="10.5741264" lon="104.1417173"><ele>-0.1</ele><time>2026-05-02T01:07:45.006Z</time></trkpt>
      <trkpt lat="10.5740847" lon="104.1417303"><ele>-0.1</ele><time>2026-05-02T01:07:46.006Z</time></trkpt>
      <trkpt lat="10.5740423" lon="104.1417409"><ele>-0.3</ele><time>2026-05-02T01:07:47.007Z</time></trkpt>
      <trkpt lat="10.5739962" lon="104.1417508"><ele>-0.4</ele><time>2026-05-02T01:07:48.007Z</time></trkpt>
      <trkpt lat="10.5739499" lon="104.1417710"><ele>-0.4</ele><time>2026-05-02T01:07:49.007Z</time></trkpt>
      <trkpt lat="10.5739038" lon="104.1417846"><ele>-0.6</ele><time>2026-05-02T01:07:50.007Z</time></trkpt>
      <trkpt lat="10.5738625" lon="104.1417990"><ele>-0.9</ele><time>2026-05-02T01:07:51.007Z</time></trkpt>
      <trkpt lat="10.5738193" lon="104.1418125"><ele>-1.3</ele><time>2026-05-02T01:07:52.007Z</time></trkpt>
      <trkpt lat="10.5737734" lon="104.1418248"><ele>-2.5</ele><time>2026-05-02T01:07:53.005Z</time></trkpt>
      <trkpt lat="10.5737254" lon="104.1418324"><ele>-3.1</ele><time>2026-05-02T01:07:54.007Z</time></trkpt>
      <trkpt lat="10.5736800" lon="104.1418401"><ele>-3.1</ele><time>2026-05-02T01:07:55.006Z</time></trkpt>
      <trkpt lat="10.5736310" lon="104.1418510"><ele>-3.1</ele><time>2026-05-02T01:07:56.007Z</time></trkpt>
      <trkpt lat="10.5735799" lon="104.1418520"><ele>-3.1</ele><time>2026-05-02T01:07:57.006Z</time></trkpt>
      <trkpt lat="10.5735239" lon="104.1418582"><ele>-3.1</ele><time>2026-05-02T01:07:58.007Z</time></trkpt>
      <trkpt lat="10.5734699" lon="104.1418589"><ele>-3.1</ele><time>2026-05-02T01:07:59.006Z</time></trkpt>
      <trkpt lat="10.5734170" lon="104.1418647"><ele>-3.1</ele><time>2026-05-02T01:08:00.007Z</time></trkpt>
      <trkpt lat="10.5733574" lon="104.1418752"><ele>-3.1</ele><time>2026-05-02T01:08:01.007Z</time></trkpt>
      <trkpt lat="10.5733026" lon="104.1418724"><ele>-3.1</ele><time>2026-05-02T01:08:02.007Z</time></trkpt>
      <trkpt lat="10.5732489" lon="104.1418723"><ele>-3.1</ele><time>2026-05-02T01:08:03.006Z</time></trkpt>
      <trkpt lat="10.5732058" lon="104.1418683"><ele>-3.1</ele><time>2026-05-02T01:08:04.006Z</time></trkpt>
      <trkpt lat="10.5731513" lon="104.1418660"><ele>-3.1</ele><time>2026-05-02T01:08:05.007Z</time></trkpt>
      <trkpt lat="10.5730996" lon="104.1418688"><ele>-3.1</ele><time>2026-05-02T01:08:06.007Z</time></trkpt>
      <trkpt lat="10.5730484" lon="104.1418695"><ele>-3.1</ele><time>2026-05-02T01:08:07.007Z</time></trkpt>
      <trkpt lat="10.5730020" lon="104.1418674"><ele>-3.1</ele><time>2026-05-02T01:08:08.007Z</time></trkpt>
      <trkpt lat="10.5729554" lon="104.1418705"><ele>-3.1</ele><time>2026-05-02T01:08:09.006Z</time></trkpt>
      <trkpt lat="10.5729079" lon="104.1418724"><ele>-3.1</ele><time>2026-05-02T01:08:10.007Z</time></trkpt>
      <trkpt lat="10.5728633" lon="104.1418741"><ele>-3.1</ele><time>2026-05-02T01:08:11.008Z</time></trkpt>
      <trkpt lat="10.5728237" lon="104.1418836"><ele>-3.1</ele><time>2026-05-02T01:08:12.007Z</time></trkpt>
      <trkpt lat="10.5727894" lon="104.1418821"><ele>-3.1</ele><time>2026-05-02T01:08:13.007Z</time></trkpt>
      <trkpt lat="10.5727511" lon="104.1418862"><ele>-3.3</ele><time>2026-05-02T01:08:14.007Z</time></trkpt>
      <trkpt lat="10.5727162" lon="104.1418927"><ele>-3.5</ele><time>2026-05-02T01:08:15.006Z</time></trkpt>
      <trkpt lat="10.5726953" lon="104.1418699"><ele>-3.7</ele><time>2026-05-02T01:08:16.007Z</time></trkpt>
      <trkpt lat="10.5726737" lon="104.1418458"><ele>-3.7</ele><time>2026-05-02T01:08:17.007Z</time></trkpt>
      <trkpt lat="10.5726533" lon="104.1418171"><ele>-3.7</ele><time>2026-05-02T01:08:18.007Z</time></trkpt>
      <trkpt lat="10.5726365" lon="104.1417826"><ele>-3.7</ele><time>2026-05-02T01:08:19.006Z</time></trkpt>
      <trkpt lat="10.5726211" lon="104.1417429"><ele>-3.7</ele><time>2026-05-02T01:08:20.006Z</time></trkpt>
      <trkpt lat="10.5726064" lon="104.1417019"><ele>-3.7</ele><time>2026-05-02T01:08:21.007Z</time></trkpt>
      <trkpt lat="10.5725919" lon="104.1416594"><ele>-3.7</ele><time>2026-05-02T01:08:22.007Z</time></trkpt>
      <trkpt lat="10.5725785" lon="104.1416147"><ele>-3.7</ele><time>2026-05-02T01:08:23.005Z</time></trkpt>
      <trkpt lat="10.5725762" lon="104.1415691"><ele>-3.7</ele><time>2026-05-02T01:08:24.006Z</time></trkpt>
      <trkpt lat="10.5725668" lon="104.1415197"><ele>-3.7</ele><time>2026-05-02T01:08:25.007Z</time></trkpt>
      <trkpt lat="10.5725557" lon="104.1414712"><ele>-3.7</ele><time>2026-05-02T01:08:26.007Z</time></trkpt>
      <trkpt lat="10.5725424" lon="104.1414194"><ele>-3.7</ele><time>2026-05-02T01:08:27.007Z</time></trkpt>
      <trkpt lat="10.5725260" lon="104.1413666"><ele>-3.7</ele><time>2026-05-02T01:08:28.007Z</time></trkpt>
      <trkpt lat="10.5725141" lon="104.1413130"><ele>-3.7</ele><time>2026-05-02T01:08:29.008Z</time></trkpt>
      <trkpt lat="10.5725068" lon="104.1412618"><ele>-3.7</ele><time>2026-05-02T01:08:30.008Z</time></trkpt>
      <trkpt lat="10.5724972" lon="104.1412098"><ele>-3.7</ele><time>2026-05-02T01:08:31.007Z</time></trkpt>
      <trkpt lat="10.5724847" lon="104.1411601"><ele>-3.7</ele><time>2026-05-02T01:08:32.007Z</time></trkpt>
      <trkpt lat="10.5724747" lon="104.1411073"><ele>-3.7</ele><time>2026-05-02T01:08:33.007Z</time></trkpt>
      <trkpt lat="10.5724593" lon="104.1410540"><ele>-3.7</ele><time>2026-05-02T01:08:34.007Z</time></trkpt>
      <trkpt lat="10.5724436" lon="104.1410032"><ele>-3.7</ele><time>2026-05-02T01:08:35.007Z</time></trkpt>
      <trkpt lat="10.5724309" lon="104.1409526"><ele>-3.7</ele><time>2026-05-02T01:08:36.006Z</time></trkpt>
      <trkpt lat="10.5724225" lon="104.1409013"><ele>-3.7</ele><time>2026-05-02T01:08:37.008Z</time></trkpt>
      <trkpt lat="10.5724056" lon="104.1408488"><ele>-3.7</ele><time>2026-05-02T01:08:38.007Z</time></trkpt>
      <trkpt lat="10.5723927" lon="104.1407951"><ele>-3.7</ele><time>2026-05-02T01:08:39.006Z</time></trkpt>
      <trkpt lat="10.5723760" lon="104.1407428"><ele>-3.7</ele><time>2026-05-02T01:08:40.006Z</time></trkpt>
      <trkpt lat="10.5723598" lon="104.1406851"><ele>-3.7</ele><time>2026-05-02T01:08:41.007Z</time></trkpt>
      <trkpt lat="10.5723456" lon="104.1406281"><ele>-3.7</ele><time>2026-05-02T01:08:42.006Z</time></trkpt>
      <trkpt lat="10.5723306" lon="104.1405668"><ele>-3.7</ele><time>2026-05-02T01:08:43.006Z</time></trkpt>
      <trkpt lat="10.5723145" lon="104.1405082"><ele>-3.7</ele><time>2026-05-02T01:08:44.008Z</time></trkpt>
      <trkpt lat="10.5722996" lon="104.1404490"><ele>-3.7</ele><time>2026-05-02T01:08:45.005Z</time></trkpt>
      <trkpt lat="10.5722827" lon="104.1403931"><ele>-3.7</ele><time>2026-05-02T01:08:46.007Z</time></trkpt>
      <trkpt lat="10.5722689" lon="104.1403347"><ele>-3.7</ele><time>2026-05-02T01:08:47.007Z</time></trkpt>
      <trkpt lat="10.5722568" lon="104.1402781"><ele>-3.7</ele><time>2026-05-02T01:08:48.007Z</time></trkpt>
      <trkpt lat="10.5722414" lon="104.1402234"><ele>-3.7</ele><time>2026-05-02T01:08:49.007Z</time></trkpt>
      <trkpt lat="10.5722234" lon="104.1401673"><ele>-3.7</ele><time>2026-05-02T01:08:50.006Z</time></trkpt>
      <trkpt lat="10.5722058" lon="104.1401128"><ele>-3.7</ele><time>2026-05-02T01:08:51.006Z</time></trkpt>
      <trkpt lat="10.5721896" lon="104.1400591"><ele>-3.7</ele><time>2026-05-02T01:08:52.007Z</time></trkpt>
      <trkpt lat="10.5721699" lon="104.1400028"><ele>-3.7</ele><time>2026-05-02T01:08:53.007Z</time></trkpt>
      <trkpt lat="10.5721560" lon="104.1399516"><ele>-3.7</ele><time>2026-05-02T01:08:54.006Z</time></trkpt>
      <trkpt lat="10.5721431" lon="104.1398954"><ele>-3.7</ele><time>2026-05-02T01:08:55.007Z</time></trkpt>
      <trkpt lat="10.5721294" lon="104.1398420"><ele>-3.7</ele><time>2026-05-02T01:08:56.007Z</time></trkpt>
      <trkpt lat="10.5721110" lon="104.1397878"><ele>-3.7</ele><time>2026-05-02T01:08:57.007Z</time></trkpt>
      <trkpt lat="10.5720954" lon="104.1397293"><ele>-3.7</ele><time>2026-05-02T01:08:58.007Z</time></trkpt>
      <trkpt lat="10.5720793" lon="104.1396747"><ele>-3.7</ele><time>2026-05-02T01:08:59.007Z</time></trkpt>
      <trkpt lat="10.5720598" lon="104.1396219"><ele>-3.7</ele><time>2026-05-02T01:09:00.006Z</time></trkpt>
      <trkpt lat="10.5720380" lon="104.1395652"><ele>-3.7</ele><time>2026-05-02T01:09:01.007Z</time></trkpt>
      <trkpt lat="10.5720194" lon="104.1395082"><ele>-3.7</ele><time>2026-05-02T01:09:02.006Z</time></trkpt>
      <trkpt lat="10.5719968" lon="104.1394532"><ele>-3.7</ele><time>2026-05-02T01:09:03.006Z</time></trkpt>
      <trkpt lat="10.5719789" lon="104.1393946"><ele>-3.7</ele><time>2026-05-02T01:09:04.008Z</time></trkpt>
      <trkpt lat="10.5719613" lon="104.1393382"><ele>-3.7</ele><time>2026-05-02T01:09:05.009Z</time></trkpt>
      <trkpt lat="10.5719442" lon="104.1392813"><ele>-3.7</ele><time>2026-05-02T01:09:06.006Z</time></trkpt>
      <trkpt lat="10.5719263" lon="104.1392227"><ele>-3.7</ele><time>2026-05-02T01:09:07.006Z</time></trkpt>
      <trkpt lat="10.5719065" lon="104.1391682"><ele>-3.7</ele><time>2026-05-02T01:09:08.006Z</time></trkpt>
      <trkpt lat="10.5718867" lon="104.1391137"><ele>-3.7</ele><time>2026-05-02T01:09:09.005Z</time></trkpt>
      <trkpt lat="10.5718662" lon="104.1390636"><ele>-3.7</ele><time>2026-05-02T01:09:10.007Z</time></trkpt>
      <trkpt lat="10.5718405" lon="104.1390091"><ele>-3.7</ele><time>2026-05-02T01:09:11.008Z</time></trkpt>
      <trkpt lat="10.5718140" lon="104.1389537"><ele>-3.7</ele><time>2026-05-02T01:09:12.007Z</time></trkpt>
      <trkpt lat="10.5717885" lon="104.1388945"><ele>-3.7</ele><time>2026-05-02T01:09:13.008Z</time></trkpt>
      <trkpt lat="10.5717650" lon="104.1388368"><ele>-3.7</ele><time>2026-05-02T01:09:14.006Z</time></trkpt>
      <trkpt lat="10.5717420" lon="104.1387724"><ele>-3.7</ele><time>2026-05-02T01:09:15.007Z</time></trkpt>
      <trkpt lat="10.5717185" lon="104.1387066"><ele>-3.7</ele><time>2026-05-02T01:09:16.007Z</time></trkpt>
      <trkpt lat="10.5716895" lon="104.1386477"><ele>-3.7</ele><time>2026-05-02T01:09:17.006Z</time></trkpt>
      <trkpt lat="10.5716634" lon="104.1385786"><ele>-3.7</ele><time>2026-05-02T01:09:18.007Z</time></trkpt>
      <trkpt lat="10.5716392" lon="104.1385166"><ele>-3.7</ele><time>2026-05-02T01:09:19.006Z</time></trkpt>
      <trkpt lat="10.5716129" lon="104.1384489"><ele>-3.7</ele><time>2026-05-02T01:09:20.007Z</time></trkpt>
      <trkpt lat="10.5715886" lon="104.1383863"><ele>-3.7</ele><time>2026-05-02T01:09:21.007Z</time></trkpt>
      <trkpt lat="10.5715601" lon="104.1383221"><ele>-3.7</ele><time>2026-05-02T01:09:22.007Z</time></trkpt>
      <trkpt lat="10.5715307" lon="104.1382553"><ele>-3.7</ele><time>2026-05-02T01:09:23.007Z</time></trkpt>
      <trkpt lat="10.5715018" lon="104.1381900"><ele>-3.7</ele><time>2026-05-02T01:09:24.007Z</time></trkpt>
      <trkpt lat="10.5714752" lon="104.1381228"><ele>-3.7</ele><time>2026-05-02T01:09:25.008Z</time></trkpt>
      <trkpt lat="10.5714463" lon="104.1380564"><ele>-3.7</ele><time>2026-05-02T01:09:26.006Z</time></trkpt>
      <trkpt lat="10.5714209" lon="104.1379889"><ele>-3.7</ele><time>2026-05-02T01:09:27.005Z</time></trkpt>
      <trkpt lat="10.5713928" lon="104.1379240"><ele>-3.7</ele><time>2026-05-02T01:09:28.007Z</time></trkpt>
      <trkpt lat="10.5713642" lon="104.1378551"><ele>-3.7</ele><time>2026-05-02T01:09:29.007Z</time></trkpt>
      <trkpt lat="10.5713356" lon="104.1377893"><ele>-3.7</ele><time>2026-05-02T01:09:30.006Z</time></trkpt>
      <trkpt lat="10.5713141" lon="104.1377257"><ele>-3.7</ele><time>2026-05-02T01:09:31.006Z</time></trkpt>
      <trkpt lat="10.5712893" lon="104.1376610"><ele>-3.7</ele><time>2026-05-02T01:09:32.008Z</time></trkpt>
      <trkpt lat="10.5712632" lon="104.1375886"><ele>-3.7</ele><time>2026-05-02T01:09:33.006Z</time></trkpt>
      <trkpt lat="10.5712394" lon="104.1375205"><ele>-3.7</ele><time>2026-05-02T01:09:34.006Z</time></trkpt>
      <trkpt lat="10.5712119" lon="104.1374507"><ele>-3.7</ele><time>2026-05-02T01:09:35.005Z</time></trkpt>
      <trkpt lat="10.5711867" lon="104.1373799"><ele>-3.7</ele><time>2026-05-02T01:09:36.006Z</time></trkpt>
      <trkpt lat="10.5711586" lon="104.1373110"><ele>-3.7</ele><time>2026-05-02T01:09:37.007Z</time></trkpt>
      <trkpt lat="10.5711304" lon="104.1372468"><ele>-3.7</ele><time>2026-05-02T01:09:38.007Z</time></trkpt>
      <trkpt lat="10.5711051" lon="104.1371804"><ele>-3.7</ele><time>2026-05-02T01:09:39.008Z</time></trkpt>
      <trkpt lat="10.5710782" lon="104.1371096"><ele>-3.7</ele><time>2026-05-02T01:09:40.007Z</time></trkpt>
      <trkpt lat="10.5710476" lon="104.1370415"><ele>-3.7</ele><time>2026-05-02T01:09:41.006Z</time></trkpt>
      <trkpt lat="10.5710208" lon="104.1369720"><ele>-2.0</ele><time>2026-05-02T01:09:42.007Z</time></trkpt>
      <trkpt lat="10.5709925" lon="104.1369087"><ele>-0.3</ele><time>2026-05-02T01:09:43.007Z</time></trkpt>
      <trkpt lat="10.5709709" lon="104.1368360"><ele>1.3</ele><time>2026-05-02T01:09:44.007Z</time></trkpt>
      <trkpt lat="10.5709400" lon="104.1367678"><ele>1.2</ele><time>2026-05-02T01:09:45.008Z</time></trkpt>
      <trkpt lat="10.5709145" lon="104.1366985"><ele>1.2</ele><time>2026-05-02T01:09:46.007Z</time></trkpt>
      <trkpt lat="10.5708935" lon="104.1366249"><ele>1.2</ele><time>2026-05-02T01:09:47.007Z</time></trkpt>
      <trkpt lat="10.5708679" lon="104.1365596"><ele>0.9</ele><time>2026-05-02T01:09:48.006Z</time></trkpt>
      <trkpt lat="10.5708422" lon="104.1364829"><ele>0.6</ele><time>2026-05-02T01:09:49.006Z</time></trkpt>
      <trkpt lat="10.5708186" lon="104.1364104"><ele>0.3</ele><time>2026-05-02T01:09:50.008Z</time></trkpt>
      <trkpt lat="10.5707975" lon="104.1363281"><ele>0.3</ele><time>2026-05-02T01:09:51.006Z</time></trkpt>
      <trkpt lat="10.5707717" lon="104.1362505"><ele>0.5</ele><time>2026-05-02T01:09:52.007Z</time></trkpt>
      <trkpt lat="10.5707460" lon="104.1361695"><ele>0.7</ele><time>2026-05-02T01:09:53.007Z</time></trkpt>
      <trkpt lat="10.5707211" lon="104.1360930"><ele>0.9</ele><time>2026-05-02T01:09:54.006Z</time></trkpt>
      <trkpt lat="10.5706978" lon="104.1360191"><ele>0.9</ele><time>2026-05-02T01:09:55.007Z</time></trkpt>
      <trkpt lat="10.5706810" lon="104.1359428"><ele>1.0</ele><time>2026-05-02T01:09:56.007Z</time></trkpt>
      <trkpt lat="10.5706642" lon="104.1358667"><ele>1.2</ele><time>2026-05-02T01:09:57.006Z</time></trkpt>
      <trkpt lat="10.5706503" lon="104.1357952"><ele>1.4</ele><time>2026-05-02T01:09:58.006Z</time></trkpt>
      <trkpt lat="10.5706355" lon="104.1357178"><ele>1.7</ele><time>2026-05-02T01:09:59.005Z</time></trkpt>
      <trkpt lat="10.5706197" lon="104.1356473"><ele>1.8</ele><time>2026-05-02T01:10:00.006Z</time></trkpt>
      <trkpt lat="10.5706036" lon="104.1355691"><ele>1.8</ele><time>2026-05-02T01:10:01.007Z</time></trkpt>
      <trkpt lat="10.5705870" lon="104.1354958"><ele>1.7</ele><time>2026-05-02T01:10:02.006Z</time></trkpt>
      <trkpt lat="10.5705732" lon="104.1354175"><ele>1.7</ele><time>2026-05-02T01:10:03.008Z</time></trkpt>
      <trkpt lat="10.5705603" lon="104.1353457"><ele>1.7</ele><time>2026-05-02T01:10:04.007Z</time></trkpt>
      <trkpt lat="10.5705521" lon="104.1352678"><ele>1.5</ele><time>2026-05-02T01:10:05.006Z</time></trkpt>
      <trkpt lat="10.5705332" lon="104.1351929"><ele>1.1</ele><time>2026-05-02T01:10:06.006Z</time></trkpt>
      <trkpt lat="10.5705187" lon="104.1351209"><ele>0.8</ele><time>2026-05-02T01:10:07.007Z</time></trkpt>
      <trkpt lat="10.5705075" lon="104.1350415"><ele>0.7</ele><time>2026-05-02T01:10:08.007Z</time></trkpt>
      <trkpt lat="10.5704892" lon="104.1349649"><ele>0.5</ele><time>2026-05-02T01:10:09.006Z</time></trkpt>
      <trkpt lat="10.5704721" lon="104.1348931"><ele>0.4</ele><time>2026-05-02T01:10:10.007Z</time></trkpt>
      <trkpt lat="10.5704547" lon="104.1348186"><ele>0.1</ele><time>2026-05-02T01:10:11.007Z</time></trkpt>
      <trkpt lat="10.5704349" lon="104.1347426"><ele>0.0</ele><time>2026-05-02T01:10:12.007Z</time></trkpt>
      <trkpt lat="10.5704133" lon="104.1346680"><ele>-0.2</ele><time>2026-05-02T01:10:13.006Z</time></trkpt>
      <trkpt lat="10.5703876" lon="104.1345933"><ele>-0.3</ele><time>2026-05-02T01:10:14.006Z</time></trkpt>
      <trkpt lat="10.5703589" lon="104.1345204"><ele>-0.3</ele><time>2026-05-02T01:10:15.006Z</time></trkpt>
      <trkpt lat="10.5703316" lon="104.1344459"><ele>-0.1</ele><time>2026-05-02T01:10:16.007Z</time></trkpt>
      <trkpt lat="10.5703071" lon="104.1343778"><ele>0.0</ele><time>2026-05-02T01:10:17.006Z</time></trkpt>
      <trkpt lat="10.5702786" lon="104.1343055"><ele>0.1</ele><time>2026-05-02T01:10:18.008Z</time></trkpt>
      <trkpt lat="10.5702510" lon="104.1342388"><ele>0.1</ele><time>2026-05-02T01:10:19.006Z</time></trkpt>
      <trkpt lat="10.5702163" lon="104.1341733"><ele>0.1</ele><time>2026-05-02T01:10:20.006Z</time></trkpt>
      <trkpt lat="10.5701856" lon="104.1341040"><ele>0.0</ele><time>2026-05-02T01:10:21.008Z</time></trkpt>
      <trkpt lat="10.5701569" lon="104.1340323"><ele>-0.0</ele><time>2026-05-02T01:10:22.006Z</time></trkpt>
      <trkpt lat="10.5701279" lon="104.1339624"><ele>-0.0</ele><time>2026-05-02T01:10:23.007Z</time></trkpt>
      <trkpt lat="10.5700986" lon="104.1338930"><ele>0.2</ele><time>2026-05-02T01:10:24.006Z</time></trkpt>
      <trkpt lat="10.5700692" lon="104.1338292"><ele>0.5</ele><time>2026-05-02T01:10:25.006Z</time></trkpt>
      <trkpt lat="10.5700349" lon="104.1337605"><ele>0.7</ele><time>2026-05-02T01:10:26.007Z</time></trkpt>
      <trkpt lat="10.5700012" lon="104.1336984"><ele>0.9</ele><time>2026-05-02T01:10:27.007Z</time></trkpt>
      <trkpt lat="10.5699678" lon="104.1336399"><ele>0.8</ele><time>2026-05-02T01:10:28.007Z</time></trkpt>
      <trkpt lat="10.5699440" lon="104.1335725"><ele>0.7</ele><time>2026-05-02T01:10:29.006Z</time></trkpt>
      <trkpt lat="10.5699101" lon="104.1335147"><ele>0.4</ele><time>2026-05-02T01:10:30.006Z</time></trkpt>
      <trkpt lat="10.5698724" lon="104.1334609"><ele>0.1</ele><time>2026-05-02T01:10:31.006Z</time></trkpt>
      <trkpt lat="10.5698391" lon="104.1333974"><ele>-0.2</ele><time>2026-05-02T01:10:32.006Z</time></trkpt>
      <trkpt lat="10.5698115" lon="104.1333321"><ele>-0.0</ele><time>2026-05-02T01:10:33.008Z</time></trkpt>
      <trkpt lat="10.5697870" lon="104.1332722"><ele>0.2</ele><time>2026-05-02T01:10:34.008Z</time></trkpt>
      <trkpt lat="10.5697587" lon="104.1332090"><ele>0.3</ele><time>2026-05-02T01:10:35.007Z</time></trkpt>
      <trkpt lat="10.5697311" lon="104.1331451"><ele>0.5</ele><time>2026-05-02T01:10:36.006Z</time></trkpt>
      <trkpt lat="10.5697007" lon="104.1330881"><ele>0.6</ele><time>2026-05-02T01:10:37.008Z</time></trkpt>
      <trkpt lat="10.5696665" lon="104.1330304"><ele>0.7</ele><time>2026-05-02T01:10:38.007Z</time></trkpt>
      <trkpt lat="10.5696362" lon="104.1329736"><ele>0.5</ele><time>2026-05-02T01:10:39.007Z</time></trkpt>
      <trkpt lat="10.5696072" lon="104.1329122"><ele>0.3</ele><time>2026-05-02T01:10:40.007Z</time></trkpt>
      <trkpt lat="10.5695813" lon="104.1328501"><ele>0.2</ele><time>2026-05-02T01:10:41.007Z</time></trkpt>
      <trkpt lat="10.5695476" lon="104.1327872"><ele>0.2</ele><time>2026-05-02T01:10:42.007Z</time></trkpt>
      <trkpt lat="10.5695208" lon="104.1327266"><ele>0.2</ele><time>2026-05-02T01:10:43.007Z</time></trkpt>
      <trkpt lat="10.5694919" lon="104.1326648"><ele>0.2</ele><time>2026-05-02T01:10:44.006Z</time></trkpt>
      <trkpt lat="10.5694622" lon="104.1326033"><ele>0.2</ele><time>2026-05-02T01:10:45.006Z</time></trkpt>
      <trkpt lat="10.5694297" lon="104.1325370"><ele>0.3</ele><time>2026-05-02T01:10:46.007Z</time></trkpt>
      <trkpt lat="10.5693969" lon="104.1324741"><ele>0.4</ele><time>2026-05-02T01:10:47.007Z</time></trkpt>
      <trkpt lat="10.5693616" lon="104.1324134"><ele>0.5</ele><time>2026-05-02T01:10:48.005Z</time></trkpt>
      <trkpt lat="10.5693266" lon="104.1323469"><ele>0.6</ele><time>2026-05-02T01:10:49.008Z</time></trkpt>
      <trkpt lat="10.5693004" lon="104.1322785"><ele>0.5</ele><time>2026-05-02T01:10:50.006Z</time></trkpt>
      <trkpt lat="10.5692688" lon="104.1322120"><ele>0.5</ele><time>2026-05-02T01:10:51.006Z</time></trkpt>
      <trkpt lat="10.5692375" lon="104.1321411"><ele>0.3</ele><time>2026-05-02T01:10:52.007Z</time></trkpt>
      <trkpt lat="10.5692062" lon="104.1320666"><ele>0.3</ele><time>2026-05-02T01:10:53.006Z</time></trkpt>
      <trkpt lat="10.5691677" lon="104.1319968"><ele>0.3</ele><time>2026-05-02T01:10:54.007Z</time></trkpt>
      <trkpt lat="10.5691287" lon="104.1319266"><ele>0.3</ele><time>2026-05-02T01:10:55.007Z</time></trkpt>
      <trkpt lat="10.5690945" lon="104.1318532"><ele>0.2</ele><time>2026-05-02T01:10:56.007Z</time></trkpt>
      <trkpt lat="10.5690607" lon="104.1317789"><ele>0.2</ele><time>2026-05-02T01:10:57.006Z</time></trkpt>
      <trkpt lat="10.5690239" lon="104.1317067"><ele>0.2</ele><time>2026-05-02T01:10:58.005Z</time></trkpt>
      <trkpt lat="10.5689891" lon="104.1316326"><ele>0.3</ele><time>2026-05-02T01:10:59.007Z</time></trkpt>
      <trkpt lat="10.5689527" lon="104.1315599"><ele>0.4</ele><time>2026-05-02T01:11:00.006Z</time></trkpt>
      <trkpt lat="10.5689173" lon="104.1314830"><ele>0.3</ele><time>2026-05-02T01:11:01.007Z</time></trkpt>
      <trkpt lat="10.5688787" lon="104.1314063"><ele>0.2</ele><time>2026-05-02T01:11:02.006Z</time></trkpt>
      <trkpt lat="10.5688433" lon="104.1313358"><ele>-0.1</ele><time>2026-05-02T01:11:03.007Z</time></trkpt>
      <trkpt lat="10.5688098" lon="104.1312565"><ele>-0.1</ele><time>2026-05-02T01:11:04.007Z</time></trkpt>
      <trkpt lat="10.5687715" lon="104.1311828"><ele>-0.3</ele><time>2026-05-02T01:11:05.007Z</time></trkpt>
      <trkpt lat="10.5687316" lon="104.1311076"><ele>-0.5</ele><time>2026-05-02T01:11:06.007Z</time></trkpt>
      <trkpt lat="10.5686970" lon="104.1310332"><ele>-0.6</ele><time>2026-05-02T01:11:07.006Z</time></trkpt>
      <trkpt lat="10.5686612" lon="104.1309544"><ele>-0.6</ele><time>2026-05-02T01:11:08.006Z</time></trkpt>
      <trkpt lat="10.5686213" lon="104.1308793"><ele>-0.7</ele><time>2026-05-02T01:11:09.006Z</time></trkpt>
      <trkpt lat="10.5685840" lon="104.1308082"><ele>-1.0</ele><time>2026-05-02T01:11:10.006Z</time></trkpt>
      <trkpt lat="10.5685506" lon="104.1307339"><ele>-1.3</ele><time>2026-05-02T01:11:11.007Z</time></trkpt>
      <trkpt lat="10.5685124" lon="104.1306600"><ele>-1.6</ele><time>2026-05-02T01:11:12.006Z</time></trkpt>
      <trkpt lat="10.5684742" lon="104.1305833"><ele>-1.6</ele><time>2026-05-02T01:11:13.007Z</time></trkpt>
      <trkpt lat="10.5684359" lon="104.1305106"><ele>-1.6</ele><time>2026-05-02T01:11:14.006Z</time></trkpt>
      <trkpt lat="10.5684051" lon="104.1304401"><ele>-1.7</ele><time>2026-05-02T01:11:15.007Z</time></trkpt>
      <trkpt lat="10.5683667" lon="104.1303666"><ele>-1.7</ele><time>2026-05-02T01:11:16.008Z</time></trkpt>
      <trkpt lat="10.5683254" lon="104.1302938"><ele>-1.8</ele><time>2026-05-02T01:11:17.006Z</time></trkpt>
      <trkpt lat="10.5682864" lon="104.1302244"><ele>-1.8</ele><time>2026-05-02T01:11:18.006Z</time></trkpt>
      <trkpt lat="10.5682563" lon="104.1301571"><ele>-1.7</ele><time>2026-05-02T01:11:19.006Z</time></trkpt>
      <trkpt lat="10.5682246" lon="104.1300894"><ele>-1.7</ele><time>2026-05-02T01:11:20.005Z</time></trkpt>
      <trkpt lat="10.5681920" lon="104.1300230"><ele>-1.6</ele><time>2026-05-02T01:11:21.006Z</time></trkpt>
      <trkpt lat="10.5681673" lon="104.1299597"><ele>-1.5</ele><time>2026-05-02T01:11:22.006Z</time></trkpt>
      <trkpt lat="10.5681383" lon="104.1298975"><ele>-1.4</ele><time>2026-05-02T01:11:23.007Z</time></trkpt>
      <trkpt lat="10.5681095" lon="104.1298359"><ele>-1.2</ele><time>2026-05-02T01:11:24.006Z</time></trkpt>
      <trkpt lat="10.5680831" lon="104.1297779"><ele>-1.0</ele><time>2026-05-02T01:11:25.006Z</time></trkpt>
      <trkpt lat="10.5680527" lon="104.1297179"><ele>-0.9</ele><time>2026-05-02T01:11:26.008Z</time></trkpt>
      <trkpt lat="10.5680245" lon="104.1296595"><ele>-0.9</ele><time>2026-05-02T01:11:27.006Z</time></trkpt>
      <trkpt lat="10.5679973" lon="104.1296025"><ele>-0.7</ele><time>2026-05-02T01:11:28.006Z</time></trkpt>
      <trkpt lat="10.5679689" lon="104.1295445"><ele>-0.4</ele><time>2026-05-02T01:11:29.006Z</time></trkpt>
      <trkpt lat="10.5679375" lon="104.1294894"><ele>-0.1</ele><time>2026-05-02T01:11:30.006Z</time></trkpt>
      <trkpt lat="10.5679012" lon="104.1294427"><ele>-0.0</ele><time>2026-05-02T01:11:31.005Z</time></trkpt>
      <trkpt lat="10.5678739" lon="104.1293827"><ele>-0.1</ele><time>2026-05-02T01:11:32.006Z</time></trkpt>
      <trkpt lat="10.5678517" lon="104.1293240"><ele>0.0</ele><time>2026-05-02T01:11:33.006Z</time></trkpt>
      <trkpt lat="10.5678257" lon="104.1292717"><ele>0.2</ele><time>2026-05-02T01:11:34.005Z</time></trkpt>
      <trkpt lat="10.5678023" lon="104.1292221"><ele>0.4</ele><time>2026-05-02T01:11:35.007Z</time></trkpt>
      <trkpt lat="10.5677791" lon="104.1291694"><ele>0.6</ele><time>2026-05-02T01:11:36.007Z</time></trkpt>
      <trkpt lat="10.5677536" lon="104.1291209"><ele>1.1</ele><time>2026-05-02T01:11:37.008Z</time></trkpt>
      <trkpt lat="10.5677262" lon="104.1290726"><ele>1.6</ele><time>2026-05-02T01:11:38.006Z</time></trkpt>
      <trkpt lat="10.5676982" lon="104.1290248"><ele>2.1</ele><time>2026-05-02T01:11:39.006Z</time></trkpt>
      <trkpt lat="10.5676776" lon="104.1289817"><ele>2.2</ele><time>2026-05-02T01:11:40.006Z</time></trkpt>
      <trkpt lat="10.5676503" lon="104.1289362"><ele>2.4</ele><time>2026-05-02T01:11:41.006Z</time></trkpt>
      <trkpt lat="10.5676295" lon="104.1288892"><ele>2.4</ele><time>2026-05-02T01:11:42.006Z</time></trkpt>
      <trkpt lat="10.5676078" lon="104.1288448"><ele>2.3</ele><time>2026-05-02T01:11:43.006Z</time></trkpt>
      <trkpt lat="10.5675841" lon="104.1287982"><ele>2.2</ele><time>2026-05-02T01:11:44.006Z</time></trkpt>
      <trkpt lat="10.5675607" lon="104.1287507"><ele>2.2</ele><time>2026-05-02T01:11:45.006Z</time></trkpt>
      <trkpt lat="10.5675393" lon="104.1286992"><ele>2.3</ele><time>2026-05-02T01:11:46.007Z</time></trkpt>
      <trkpt lat="10.5675192" lon="104.1286520"><ele>2.4</ele><time>2026-05-02T01:11:47.006Z</time></trkpt>
      <trkpt lat="10.5674923" lon="104.1286073"><ele>2.5</ele><time>2026-05-02T01:11:48.006Z</time></trkpt>
      <trkpt lat="10.5674649" lon="104.1285670"><ele>2.4</ele><time>2026-05-02T01:11:49.008Z</time></trkpt>
      <trkpt lat="10.5674441" lon="104.1285192"><ele>2.6</ele><time>2026-05-02T01:11:50.006Z</time></trkpt>
      <trkpt lat="10.5674222" lon="104.1284754"><ele>2.8</ele><time>2026-05-02T01:11:51.006Z</time></trkpt>
      <trkpt lat="10.5674061" lon="104.1284315"><ele>3.1</ele><time>2026-05-02T01:11:52.006Z</time></trkpt>
      <trkpt lat="10.5673848" lon="104.1283876"><ele>3.2</ele><time>2026-05-02T01:11:53.005Z</time></trkpt>
      <trkpt lat="10.5673610" lon="104.1283421"><ele>3.2</ele><time>2026-05-02T01:11:54.006Z</time></trkpt>
      <trkpt lat="10.5673378" lon="104.1282991"><ele>3.2</ele><time>2026-05-02T01:11:55.007Z</time></trkpt>
      <trkpt lat="10.5673154" lon="104.1282531"><ele>3.2</ele><time>2026-05-02T01:11:56.005Z</time></trkpt>
      <trkpt lat="10.5672924" lon="104.1282077"><ele>3.3</ele><time>2026-05-02T01:11:57.007Z</time></trkpt>
      <trkpt lat="10.5672713" lon="104.1281700"><ele>3.5</ele><time>2026-05-02T01:11:58.007Z</time></trkpt>
      <trkpt lat="10.5672540" lon="104.1281264"><ele>3.7</ele><time>2026-05-02T01:11:59.007Z</time></trkpt>
      <trkpt lat="10.5672329" lon="104.1280797"><ele>3.8</ele><time>2026-05-02T01:12:00.007Z</time></trkpt>
      <trkpt lat="10.5672108" lon="104.1280346"><ele>3.8</ele><time>2026-05-02T01:12:01.006Z</time></trkpt>
      <trkpt lat="10.5671880" lon="104.1279925"><ele>3.8</ele><time>2026-05-02T01:12:02.006Z</time></trkpt>
      <trkpt lat="10.5671679" lon="104.1279501"><ele>3.7</ele><time>2026-05-02T01:12:03.007Z</time></trkpt>
      <trkpt lat="10.5671450" lon="104.1279092"><ele>3.6</ele><time>2026-05-02T01:12:04.006Z</time></trkpt>
      <trkpt lat="10.5671287" lon="104.1278687"><ele>3.5</ele><time>2026-05-02T01:12:05.006Z</time></trkpt>
      <trkpt lat="10.5671067" lon="104.1278309"><ele>3.6</ele><time>2026-05-02T01:12:06.006Z</time></trkpt>
      <trkpt lat="10.5670895" lon="104.1277879"><ele>3.4</ele><time>2026-05-02T01:12:07.007Z</time></trkpt>
      <trkpt lat="10.5670696" lon="104.1277465"><ele>3.3</ele><time>2026-05-02T01:12:08.007Z</time></trkpt>
      <trkpt lat="10.5670503" lon="104.1277044"><ele>3.3</ele><time>2026-05-02T01:12:09.007Z</time></trkpt>
      <trkpt lat="10.5670352" lon="104.1276617"><ele>3.5</ele><time>2026-05-02T01:12:10.006Z</time></trkpt>
      <trkpt lat="10.5670169" lon="104.1276204"><ele>3.6</ele><time>2026-05-02T01:12:11.007Z</time></trkpt>
      <trkpt lat="10.5670029" lon="104.1275790"><ele>3.7</ele><time>2026-05-02T01:12:12.005Z</time></trkpt>
      <trkpt lat="10.5669913" lon="104.1275388"><ele>3.9</ele><time>2026-05-02T01:12:13.006Z</time></trkpt>
      <trkpt lat="10.5669803" lon="104.1275003"><ele>4.2</ele><time>2026-05-02T01:12:14.006Z</time></trkpt>
      <trkpt lat="10.5669709" lon="104.1274652"><ele>4.2</ele><time>2026-05-02T01:12:15.006Z</time></trkpt>
      <trkpt lat="10.5669643" lon="104.1274313"><ele>4.1</ele><time>2026-05-02T01:12:16.006Z</time></trkpt>
      <trkpt lat="10.5669611" lon="104.1274016"><ele>4.0</ele><time>2026-05-02T01:12:17.006Z</time></trkpt>
      <trkpt lat="10.5669643" lon="104.1273755"><ele>4.1</ele><time>2026-05-02T01:12:18.007Z</time></trkpt>
      <trkpt lat="10.5669726" lon="104.1273533"><ele>4.2</ele><time>2026-05-02T01:12:19.006Z</time></trkpt>
      <trkpt lat="10.5669854" lon="104.1273348"><ele>4.2</ele><time>2026-05-02T01:12:20.007Z</time></trkpt>
      <trkpt lat="10.5669983" lon="104.1273193"><ele>4.3</ele><time>2026-05-02T01:12:21.006Z</time></trkpt>
      <trkpt lat="10.5670128" lon="104.1273086"><ele>4.4</ele><time>2026-05-02T01:12:22.007Z</time></trkpt>
      <trkpt lat="10.5670283" lon="104.1273009"><ele>4.6</ele><time>2026-05-02T01:12:23.006Z</time></trkpt>
      <trkpt lat="10.5670438" lon="104.1272951"><ele>4.8</ele><time>2026-05-02T01:12:24.007Z</time></trkpt>
      <trkpt lat="10.5670622" lon="104.1272899"><ele>4.8</ele><time>2026-05-02T01:12:25.006Z</time></trkpt>
      <trkpt lat="10.5670810" lon="104.1272806"><ele>4.7</ele><time>2026-05-02T01:12:26.006Z</time></trkpt>
      <trkpt lat="10.5671017" lon="104.1272716"><ele>4.6</ele><time>2026-05-02T01:12:27.007Z</time></trkpt>
      <trkpt lat="10.5671238" lon="104.1272591"><ele>4.6</ele><time>2026-05-02T01:12:28.006Z</time></trkpt>
      <trkpt lat="10.5671450" lon="104.1272443"><ele>4.8</ele><time>2026-05-02T01:12:29.006Z</time></trkpt>
      <trkpt lat="10.5671677" lon="104.1272318"><ele>5.0</ele><time>2026-05-02T01:12:30.005Z</time></trkpt>
      <trkpt lat="10.5671916" lon="104.1272176"><ele>5.1</ele><time>2026-05-02T01:12:31.007Z</time></trkpt>
      <trkpt lat="10.5672189" lon="104.1272057"><ele>5.0</ele><time>2026-05-02T01:12:32.007Z</time></trkpt>
      <trkpt lat="10.5672466" lon="104.1271937"><ele>5.0</ele><time>2026-05-02T01:12:33.006Z</time></trkpt>
      <trkpt lat="10.5672771" lon="104.1271819"><ele>4.9</ele><time>2026-05-02T01:12:34.006Z</time></trkpt>
      <trkpt lat="10.5673081" lon="104.1271693"><ele>4.9</ele><time>2026-05-02T01:12:35.006Z</time></trkpt>
      <trkpt lat="10.5673425" lon="104.1271575"><ele>4.8</ele><time>2026-05-02T01:12:36.007Z</time></trkpt>
      <trkpt lat="10.5673805" lon="104.1271497"><ele>4.9</ele><time>2026-05-02T01:12:37.006Z</time></trkpt>
      <trkpt lat="10.5674204" lon="104.1271419"><ele>4.9</ele><time>2026-05-02T01:12:38.006Z</time></trkpt>
      <trkpt lat="10.5674598" lon="104.1271293"><ele>4.9</ele><time>2026-05-02T01:12:39.006Z</time></trkpt>
      <trkpt lat="10.5674996" lon="104.1271120"><ele>4.8</ele><time>2026-05-02T01:12:40.006Z</time></trkpt>
      <trkpt lat="10.5675366" lon="104.1270919"><ele>4.9</ele><time>2026-05-02T01:12:41.006Z</time></trkpt>
      <trkpt lat="10.5675722" lon="104.1270713"><ele>5.2</ele><time>2026-05-02T01:12:42.006Z</time></trkpt>
      <trkpt lat="10.5676086" lon="104.1270497"><ele>5.7</ele><time>2026-05-02T01:12:43.006Z</time></trkpt>
      <trkpt lat="10.5676462" lon="104.1270271"><ele>6.1</ele><time>2026-05-02T01:12:44.006Z</time></trkpt>
      <trkpt lat="10.5676851" lon="104.1270066"><ele>6.4</ele><time>2026-05-02T01:12:45.007Z</time></trkpt>
      <trkpt lat="10.5677238" lon="104.1269850"><ele>6.5</ele><time>2026-05-02T01:12:46.006Z</time></trkpt>
      <trkpt lat="10.5677649" lon="104.1269660"><ele>6.6</ele><time>2026-05-02T01:12:47.006Z</time></trkpt>
      <trkpt lat="10.5678069" lon="104.1269500"><ele>6.7</ele><time>2026-05-02T01:12:48.006Z</time></trkpt>
      <trkpt lat="10.5678490" lon="104.1269350"><ele>6.6</ele><time>2026-05-02T01:12:49.006Z</time></trkpt>
      <trkpt lat="10.5678879" lon="104.1269163"><ele>6.4</ele><time>2026-05-02T01:12:50.007Z</time></trkpt>
      <trkpt lat="10.5679233" lon="104.1268981"><ele>6.1</ele><time>2026-05-02T01:12:51.006Z</time></trkpt>
      <trkpt lat="10.5679612" lon="104.1268810"><ele>6.0</ele><time>2026-05-02T01:12:52.007Z</time></trkpt>
      <trkpt lat="10.5679982" lon="104.1268562"><ele>6.1</ele><time>2026-05-02T01:12:53.007Z</time></trkpt>
      <trkpt lat="10.5680359" lon="104.1268307"><ele>6.3</ele><time>2026-05-02T01:12:54.006Z</time></trkpt>
      <trkpt lat="10.5680758" lon="104.1268007"><ele>6.3</ele><time>2026-05-02T01:12:55.005Z</time></trkpt>
      <trkpt lat="10.5681113" lon="104.1267789"><ele>6.2</ele><time>2026-05-02T01:12:56.007Z</time></trkpt>
      <trkpt lat="10.5681498" lon="104.1267501"><ele>6.3</ele><time>2026-05-02T01:12:57.006Z</time></trkpt>
      <trkpt lat="10.5681834" lon="104.1267194"><ele>6.3</ele><time>2026-05-02T01:12:58.006Z</time></trkpt>
      <trkpt lat="10.5682248" lon="104.1266917"><ele>6.3</ele><time>2026-05-02T01:12:59.007Z</time></trkpt>
      <trkpt lat="10.5682677" lon="104.1266591"><ele>6.1</ele><time>2026-05-02T01:13:00.006Z</time></trkpt>
      <trkpt lat="10.5683096" lon="104.1266356"><ele>5.7</ele><time>2026-05-02T01:13:01.006Z</time></trkpt>
      <trkpt lat="10.5683502" lon="104.1266094"><ele>5.5</ele><time>2026-05-02T01:13:02.007Z</time></trkpt>
      <trkpt lat="10.5683931" lon="104.1265923"><ele>5.3</ele><time>2026-05-02T01:13:03.006Z</time></trkpt>
      <trkpt lat="10.5684368" lon="104.1265635"><ele>5.2</ele><time>2026-05-02T01:13:04.007Z</time></trkpt>
      <trkpt lat="10.5684855" lon="104.1265414"><ele>5.0</ele><time>2026-05-02T01:13:05.006Z</time></trkpt>
      <trkpt lat="10.5685323" lon="104.1265155"><ele>5.0</ele><time>2026-05-02T01:13:06.006Z</time></trkpt>
      <trkpt lat="10.5685746" lon="104.1264907"><ele>4.8</ele><time>2026-05-02T01:13:07.006Z</time></trkpt>
      <trkpt lat="10.5686201" lon="104.1264657"><ele>4.7</ele><time>2026-05-02T01:13:08.006Z</time></trkpt>
      <trkpt lat="10.5686661" lon="104.1264370"><ele>4.7</ele><time>2026-05-02T01:13:09.007Z</time></trkpt>
      <trkpt lat="10.5687146" lon="104.1264161"><ele>4.9</ele><time>2026-05-02T01:13:10.007Z</time></trkpt>
      <trkpt lat="10.5687605" lon="104.1263887"><ele>5.0</ele><time>2026-05-02T01:13:11.006Z</time></trkpt>
      <trkpt lat="10.5688046" lon="104.1263616"><ele>5.1</ele><time>2026-05-02T01:13:12.007Z</time></trkpt>
      <trkpt lat="10.5688504" lon="104.1263327"><ele>5.1</ele><time>2026-05-02T01:13:13.007Z</time></trkpt>
      <trkpt lat="10.5688982" lon="104.1263193"><ele>4.8</ele><time>2026-05-02T01:13:14.006Z</time></trkpt>
      <trkpt lat="10.5689479" lon="104.1262938"><ele>4.5</ele><time>2026-05-02T01:13:15.006Z</time></trkpt>
      <trkpt lat="10.5689972" lon="104.1262681"><ele>4.2</ele><time>2026-05-02T01:13:16.006Z</time></trkpt>
      <trkpt lat="10.5690437" lon="104.1262402"><ele>4.3</ele><time>2026-05-02T01:13:17.007Z</time></trkpt>
      <trkpt lat="10.5690950" lon="104.1262179"><ele>4.2</ele><time>2026-05-02T01:13:18.006Z</time></trkpt>
      <trkpt lat="10.5691421" lon="104.1261899"><ele>4.1</ele><time>2026-05-02T01:13:19.006Z</time></trkpt>
      <trkpt lat="10.5691844" lon="104.1261651"><ele>4.2</ele><time>2026-05-02T01:13:20.006Z</time></trkpt>
      <trkpt lat="10.5692303" lon="104.1261379"><ele>4.4</ele><time>2026-05-02T01:13:21.006Z</time></trkpt>
      <trkpt lat="10.5692764" lon="104.1261096"><ele>4.7</ele><time>2026-05-02T01:13:22.007Z</time></trkpt>
      <trkpt lat="10.5693228" lon="104.1260836"><ele>4.9</ele><time>2026-05-02T01:13:23.006Z</time></trkpt>
      <trkpt lat="10.5693708" lon="104.1260592"><ele>5.1</ele><time>2026-05-02T01:13:24.007Z</time></trkpt>
      <trkpt lat="10.5694216" lon="104.1260338"><ele>5.1</ele><time>2026-05-02T01:13:25.006Z</time></trkpt>
      <trkpt lat="10.5694729" lon="104.1260115"><ele>4.9</ele><time>2026-05-02T01:13:26.005Z</time></trkpt>
      <trkpt lat="10.5695201" lon="104.1259876"><ele>4.7</ele><time>2026-05-02T01:13:27.005Z</time></trkpt>
      <trkpt lat="10.5695690" lon="104.1259611"><ele>4.5</ele><time>2026-05-02T01:13:28.005Z</time></trkpt>
      <trkpt lat="10.5696089" lon="104.1259327"><ele>4.5</ele><time>2026-05-02T01:13:29.006Z</time></trkpt>
      <trkpt lat="10.5696543" lon="104.1259076"><ele>4.4</ele><time>2026-05-02T01:13:30.006Z</time></trkpt>
      <trkpt lat="10.5697027" lon="104.1258838"><ele>4.4</ele><time>2026-05-02T01:13:31.005Z</time></trkpt>
      <trkpt lat="10.5697478" lon="104.1258620"><ele>4.3</ele><time>2026-05-02T01:13:32.005Z</time></trkpt>
      <trkpt lat="10.5697954" lon="104.1258410"><ele>4.2</ele><time>2026-05-02T01:13:33.006Z</time></trkpt>
      <trkpt lat="10.5698448" lon="104.1258148"><ele>4.0</ele><time>2026-05-02T01:13:34.006Z</time></trkpt>
      <trkpt lat="10.5698904" lon="104.1257944"><ele>3.9</ele><time>2026-05-02T01:13:35.007Z</time></trkpt>
      <trkpt lat="10.5699375" lon="104.1257651"><ele>3.8</ele><time>2026-05-02T01:13:36.006Z</time></trkpt>
      <trkpt lat="10.5699848" lon="104.1257419"><ele>3.8</ele><time>2026-05-02T01:13:37.006Z</time></trkpt>
      <trkpt lat="10.5700370" lon="104.1257176"><ele>3.9</ele><time>2026-05-02T01:13:38.006Z</time></trkpt>
      <trkpt lat="10.5700841" lon="104.1256913"><ele>3.9</ele><time>2026-05-02T01:13:39.007Z</time></trkpt>
      <trkpt lat="10.5701333" lon="104.1256654"><ele>4.0</ele><time>2026-05-02T01:13:40.006Z</time></trkpt>
      <trkpt lat="10.5701816" lon="104.1256367"><ele>4.0</ele><time>2026-05-02T01:13:41.006Z</time></trkpt>
      <trkpt lat="10.5702267" lon="104.1256087"><ele>3.9</ele><time>2026-05-02T01:13:42.007Z</time></trkpt>
      <trkpt lat="10.5702730" lon="104.1255804"><ele>3.9</ele><time>2026-05-02T01:13:43.007Z</time></trkpt>
      <trkpt lat="10.5703231" lon="104.1255550"><ele>3.9</ele><time>2026-05-02T01:13:44.006Z</time></trkpt>
      <trkpt lat="10.5703717" lon="104.1255267"><ele>4.0</ele><time>2026-05-02T01:13:45.007Z</time></trkpt>
      <trkpt lat="10.5704202" lon="104.1255003"><ele>4.0</ele><time>2026-05-02T01:13:46.006Z</time></trkpt>
      <trkpt lat="10.5704712" lon="104.1254798"><ele>3.8</ele><time>2026-05-02T01:13:47.005Z</time></trkpt>
      <trkpt lat="10.5705186" lon="104.1254509"><ele>3.9</ele><time>2026-05-02T01:13:48.006Z</time></trkpt>
      <trkpt lat="10.5705654" lon="104.1254248"><ele>4.0</ele><time>2026-05-02T01:13:49.007Z</time></trkpt>
      <trkpt lat="10.5706118" lon="104.1253993"><ele>4.3</ele><time>2026-05-02T01:13:50.006Z</time></trkpt>
      <trkpt lat="10.5706620" lon="104.1253694"><ele>4.3</ele><time>2026-05-02T01:13:51.004Z</time></trkpt>
      <trkpt lat="10.5707113" lon="104.1253498"><ele>4.3</ele><time>2026-05-02T01:13:52.007Z</time></trkpt>
      <trkpt lat="10.5707626" lon="104.1253206"><ele>4.0</ele><time>2026-05-02T01:13:53.006Z</time></trkpt>
      <trkpt lat="10.5708120" lon="104.1252910"><ele>3.7</ele><time>2026-05-02T01:13:54.006Z</time></trkpt>
      <trkpt lat="10.5708629" lon="104.1252660"><ele>3.5</ele><time>2026-05-02T01:13:55.006Z</time></trkpt>
      <trkpt lat="10.5709103" lon="104.1252362"><ele>3.3</ele><time>2026-05-02T01:13:56.006Z</time></trkpt>
      <trkpt lat="10.5709601" lon="104.1252084"><ele>3.2</ele><time>2026-05-02T01:13:57.007Z</time></trkpt>
      <trkpt lat="10.5710087" lon="104.1251828"><ele>3.3</ele><time>2026-05-02T01:13:58.006Z</time></trkpt>
      <trkpt lat="10.5710623" lon="104.1251591"><ele>3.4</ele><time>2026-05-02T01:13:59.006Z</time></trkpt>
      <trkpt lat="10.5711156" lon="104.1251330"><ele>3.4</ele><time>2026-05-02T01:14:00.007Z</time></trkpt>
      <trkpt lat="10.5711671" lon="104.1251063"><ele>3.4</ele><time>2026-05-02T01:14:01.006Z</time></trkpt>
      <trkpt lat="10.5712156" lon="104.1250776"><ele>3.3</ele><time>2026-05-02T01:14:02.007Z</time></trkpt>
      <trkpt lat="10.5712626" lon="104.1250469"><ele>3.4</ele><time>2026-05-02T01:14:03.006Z</time></trkpt>
      <trkpt lat="10.5713120" lon="104.1250234"><ele>3.4</ele><time>2026-05-02T01:14:04.006Z</time></trkpt>
      <trkpt lat="10.5713638" lon="104.1249959"><ele>3.6</ele><time>2026-05-02T01:14:05.006Z</time></trkpt>
      <trkpt lat="10.5714164" lon="104.1249712"><ele>3.7</ele><time>2026-05-02T01:14:06.006Z</time></trkpt>
      <trkpt lat="10.5714686" lon="104.1249435"><ele>3.9</ele><time>2026-05-02T01:14:07.006Z</time></trkpt>
      <trkpt lat="10.5715205" lon="104.1249122"><ele>4.0</ele><time>2026-05-02T01:14:08.006Z</time></trkpt>
      <trkpt lat="10.5715689" lon="104.1248838"><ele>4.2</ele><time>2026-05-02T01:14:09.006Z</time></trkpt>
      <trkpt lat="10.5716172" lon="104.1248546"><ele>4.4</ele><time>2026-05-02T01:14:10.005Z</time></trkpt>
      <trkpt lat="10.5716640" lon="104.1248281"><ele>4.5</ele><time>2026-05-02T01:14:11.006Z</time></trkpt>
      <trkpt lat="10.5717112" lon="104.1248050"><ele>4.8</ele><time>2026-05-02T01:14:12.005Z</time></trkpt>
      <trkpt lat="10.5717566" lon="104.1247893"><ele>4.9</ele><time>2026-05-02T01:14:13.007Z</time></trkpt>
      <trkpt lat="10.5717975" lon="104.1247732"><ele>4.9</ele><time>2026-05-02T01:14:14.006Z</time></trkpt>
      <trkpt lat="10.5718416" lon="104.1247497"><ele>4.8</ele><time>2026-05-02T01:14:15.006Z</time></trkpt>
      <trkpt lat="10.5718865" lon="104.1247274"><ele>4.6</ele><time>2026-05-02T01:14:16.007Z</time></trkpt>
      <trkpt lat="10.5719276" lon="104.1247039"><ele>4.7</ele><time>2026-05-02T01:14:17.006Z</time></trkpt>
      <trkpt lat="10.5719668" lon="104.1246767"><ele>4.8</ele><time>2026-05-02T01:14:18.006Z</time></trkpt>
      <trkpt lat="10.5720070" lon="104.1246506"><ele>4.9</ele><time>2026-05-02T01:14:19.006Z</time></trkpt>
      <trkpt lat="10.5720431" lon="104.1246310"><ele>5.0</ele><time>2026-05-02T01:14:20.006Z</time></trkpt>
      <trkpt lat="10.5720800" lon="104.1246061"><ele>5.2</ele><time>2026-05-02T01:14:21.006Z</time></trkpt>
      <trkpt lat="10.5721208" lon="104.1245839"><ele>5.2</ele><time>2026-05-02T01:14:22.006Z</time></trkpt>
      <trkpt lat="10.5721637" lon="104.1245677"><ele>5.0</ele><time>2026-05-02T01:14:23.005Z</time></trkpt>
      <trkpt lat="10.5722045" lon="104.1245501"><ele>5.0</ele><time>2026-05-02T01:14:24.005Z</time></trkpt>
      <trkpt lat="10.5722485" lon="104.1245285"><ele>5.0</ele><time>2026-05-02T01:14:25.006Z</time></trkpt>
      <trkpt lat="10.5722901" lon="104.1245077"><ele>5.1</ele><time>2026-05-02T01:14:26.006Z</time></trkpt>
      <trkpt lat="10.5723295" lon="104.1244852"><ele>5.0</ele><time>2026-05-02T01:14:27.006Z</time></trkpt>
      <trkpt lat="10.5723683" lon="104.1244634"><ele>5.1</ele><time>2026-05-02T01:14:28.004Z</time></trkpt>
      <trkpt lat="10.5724057" lon="104.1244447"><ele>4.8</ele><time>2026-05-02T01:14:29.005Z</time></trkpt>
      <trkpt lat="10.5724404" lon="104.1244235"><ele>4.6</ele><time>2026-05-02T01:14:30.006Z</time></trkpt>
      <trkpt lat="10.5724782" lon="104.1243995"><ele>4.2</ele><time>2026-05-02T01:14:31.006Z</time></trkpt>
      <trkpt lat="10.5725201" lon="104.1243844"><ele>4.2</ele><time>2026-05-02T01:14:32.006Z</time></trkpt>
      <trkpt lat="10.5725585" lon="104.1243658"><ele>4.3</ele><time>2026-05-02T01:14:33.006Z</time></trkpt>
      <trkpt lat="10.5725958" lon="104.1243451"><ele>4.9</ele><time>2026-05-02T01:14:34.007Z</time></trkpt>
      <trkpt lat="10.5726353" lon="104.1243256"><ele>5.4</ele><time>2026-05-02T01:14:35.005Z</time></trkpt>
      <trkpt lat="10.5726754" lon="104.1243067"><ele>5.6</ele><time>2026-05-02T01:14:36.006Z</time></trkpt>
      <trkpt lat="10.5727139" lon="104.1242867"><ele>5.7</ele><time>2026-05-02T01:14:37.004Z</time></trkpt>
      <trkpt lat="10.5727535" lon="104.1242672"><ele>5.8</ele><time>2026-05-02T01:14:38.006Z</time></trkpt>
      <trkpt lat="10.5727934" lon="104.1242478"><ele>6.0</ele><time>2026-05-02T01:14:39.006Z</time></trkpt>
      <trkpt lat="10.5728317" lon="104.1242267"><ele>6.2</ele><time>2026-05-02T01:14:40.006Z</time></trkpt>
      <trkpt lat="10.5728705" lon="104.1242055"><ele>6.4</ele><time>2026-05-02T01:14:41.005Z</time></trkpt>
      <trkpt lat="10.5729085" lon="104.1241846"><ele>6.5</ele><time>2026-05-02T01:14:42.006Z</time></trkpt>
      <trkpt lat="10.5729471" lon="104.1241652"><ele>6.6</ele><time>2026-05-02T01:14:43.004Z</time></trkpt>
      <trkpt lat="10.5729841" lon="104.1241442"><ele>6.8</ele><time>2026-05-02T01:14:44.006Z</time></trkpt>
      <trkpt lat="10.5730225" lon="104.1241239"><ele>6.9</ele><time>2026-05-02T01:14:45.007Z</time></trkpt>
      <trkpt lat="10.5730598" lon="104.1241023"><ele>7.1</ele><time>2026-05-02T01:14:46.006Z</time></trkpt>
      <trkpt lat="10.5730981" lon="104.1240819"><ele>7.3</ele><time>2026-05-02T01:14:47.006Z</time></trkpt>
      <trkpt lat="10.5731351" lon="104.1240598"><ele>7.6</ele><time>2026-05-02T01:14:48.005Z</time></trkpt>
      <trkpt lat="10.5731728" lon="104.1240372"><ele>7.7</ele><time>2026-05-02T01:14:49.006Z</time></trkpt>
      <trkpt lat="10.5732112" lon="104.1240160"><ele>7.8</ele><time>2026-05-02T01:14:50.006Z</time></trkpt>
      <trkpt lat="10.5732474" lon="104.1239941"><ele>7.7</ele><time>2026-05-02T01:14:51.004Z</time></trkpt>
      <trkpt lat="10.5732854" lon="104.1239733"><ele>7.8</ele><time>2026-05-02T01:14:52.007Z</time></trkpt>
      <trkpt lat="10.5733240" lon="104.1239525"><ele>8.0</ele><time>2026-05-02T01:14:53.006Z</time></trkpt>
      <trkpt lat="10.5733643" lon="104.1239301"><ele>8.1</ele><time>2026-05-02T01:14:54.006Z</time></trkpt>
      <trkpt lat="10.5734039" lon="104.1239083"><ele>8.1</ele><time>2026-05-02T01:14:55.006Z</time></trkpt>
      <trkpt lat="10.5734426" lon="104.1238871"><ele>8.2</ele><time>2026-05-02T01:14:56.005Z</time></trkpt>
      <trkpt lat="10.5734788" lon="104.1238691"><ele>8.3</ele><time>2026-05-02T01:14:57.006Z</time></trkpt>
      <trkpt lat="10.5735153" lon="104.1238502"><ele>8.6</ele><time>2026-05-02T01:14:58.007Z</time></trkpt>
      <trkpt lat="10.5735509" lon="104.1238292"><ele>8.5</ele><time>2026-05-02T01:14:59.005Z</time></trkpt>
      <trkpt lat="10.5735871" lon="104.1238080"><ele>8.6</ele><time>2026-05-02T01:15:00.006Z</time></trkpt>
      <trkpt lat="10.5736243" lon="104.1237882"><ele>8.7</ele><time>2026-05-02T01:15:01.005Z</time></trkpt>
      <trkpt lat="10.5736619" lon="104.1237690"><ele>8.8</ele><time>2026-05-02T01:15:02.006Z</time></trkpt>
      <trkpt lat="10.5736990" lon="104.1237465"><ele>9.1</ele><time>2026-05-02T01:15:03.007Z</time></trkpt>
      <trkpt lat="10.5737164" lon="104.1237385"><ele>9.4</ele><time>2026-05-02T01:15:03.302Z</time></trkpt>
      <trkpt lat="10.5737395" lon="104.1237260"><ele>9.6</ele><time>2026-05-02T01:15:03.946Z</time></trkpt>
      <trkpt lat="10.5737650" lon="104.1237128"><ele>9.6</ele><time>2026-05-02T01:15:04.639Z</time></trkpt>
      <trkpt lat="10.5737783" lon="104.1237058"><ele>9.6</ele><time>2026-05-02T01:15:05.005Z</time></trkpt>
      <trkpt lat="10.5737852" lon="104.1237022"><ele>9.5</ele><time>2026-05-02T01:15:05.182Z</time></trkpt>
      <trkpt lat="10.5738064" lon="104.1236923"><ele>9.5</ele><time>2026-05-02T01:15:05.745Z</time></trkpt>
      <trkpt lat="10.5738156" lon="104.1236864"><ele>9.5</ele><time>2026-05-02T01:15:06.006Z</time></trkpt>
      <trkpt lat="10.5738258" lon="104.1236803"><ele>9.6</ele><time>2026-05-02T01:15:06.277Z</time></trkpt>
      <trkpt lat="10.5738462" lon="104.1236685"><ele>9.6</ele><time>2026-05-02T01:15:06.839Z</time></trkpt>
      <trkpt lat="10.5738521" lon="104.1236640"><ele>9.6</ele><time>2026-05-02T01:15:07.006Z</time></trkpt>
      <trkpt lat="10.5738755" lon="104.1236494"><ele>9.6</ele><time>2026-05-02T01:15:07.663Z</time></trkpt>
      <trkpt lat="10.5738879" lon="104.1236412"><ele>9.5</ele><time>2026-05-02T01:15:08.007Z</time></trkpt>
      <trkpt lat="10.5738989" lon="104.1236344"><ele>9.5</ele><time>2026-05-02T01:15:08.319Z</time></trkpt>
      <trkpt lat="10.5739238" lon="104.1236200"><ele>9.5</ele><time>2026-05-02T01:15:09.000Z</time></trkpt>
      <trkpt lat="10.5739522" lon="104.1236048"><ele>9.6</ele><time>2026-05-02T01:15:09.744Z</time></trkpt>
      <trkpt lat="10.5739624" lon="104.1235990"><ele>9.7</ele><time>2026-05-02T01:15:10.005Z</time></trkpt>
      <trkpt lat="10.5739778" lon="104.1235902"><ele>9.8</ele><time>2026-05-02T01:15:10.418Z</time></trkpt>
      <trkpt lat="10.5739995" lon="104.1235782"><ele>10.0</ele><time>2026-05-02T01:15:11.006Z</time></trkpt>
      <trkpt lat="10.5740166" lon="104.1235686"><ele>10.1</ele><time>2026-05-02T01:15:11.462Z</time></trkpt>
      <trkpt lat="10.5740369" lon="104.1235580"><ele>10.3</ele><time>2026-05-02T01:15:12.006Z</time></trkpt>
      <trkpt lat="10.5740553" lon="104.1235481"><ele>10.3</ele><time>2026-05-02T01:15:12.496Z</time></trkpt>
      <trkpt lat="10.5740739" lon="104.1235372"><ele>10.5</ele><time>2026-05-02T01:15:13.005Z</time></trkpt>
      <trkpt lat="10.5741090" lon="104.1235162"><ele>10.6</ele><time>2026-05-02T01:15:14.005Z</time></trkpt>
      <trkpt lat="10.5741471" lon="104.1234954"><ele>10.7</ele><time>2026-05-02T01:15:15.006Z</time></trkpt>
      <trkpt lat="10.5741855" lon="104.1234767"><ele>10.7</ele><time>2026-05-02T01:15:16.005Z</time></trkpt>
      <trkpt lat="10.5742253" lon="104.1234572"><ele>10.6</ele><time>2026-05-02T01:15:17.007Z</time></trkpt>
      <trkpt lat="10.5742644" lon="104.1234366"><ele>10.7</ele><time>2026-05-02T01:15:18.005Z</time></trkpt>
      <trkpt lat="10.5743035" lon="104.1234155"><ele>10.8</ele><time>2026-05-02T01:15:19.007Z</time></trkpt>
      <trkpt lat="10.5743442" lon="104.1233964"><ele>10.8</ele><time>2026-05-02T01:15:20.004Z</time></trkpt>
      <trkpt lat="10.5743833" lon="104.1233762"><ele>10.8</ele><time>2026-05-02T01:15:21.006Z</time></trkpt>
      <trkpt lat="10.5744223" lon="104.1233565"><ele>10.8</ele><time>2026-05-02T01:15:22.005Z</time></trkpt>
      <trkpt lat="10.5744594" lon="104.1233348"><ele>11.0</ele><time>2026-05-02T01:15:23.007Z</time></trkpt>
      <trkpt lat="10.5744969" lon="104.1233129"><ele>11.1</ele><time>2026-05-02T01:15:24.006Z</time></trkpt>
      <trkpt lat="10.5745360" lon="104.1232930"><ele>11.3</ele><time>2026-05-02T01:15:25.007Z</time></trkpt>
      <trkpt lat="10.5745724" lon="104.1232738"><ele>11.3</ele><time>2026-05-02T01:15:26.006Z</time></trkpt>
      <trkpt lat="10.5746095" lon="104.1232528"><ele>11.2</ele><time>2026-05-02T01:15:27.006Z</time></trkpt>
      <trkpt lat="10.5746451" lon="104.1232290"><ele>11.0</ele><time>2026-05-02T01:15:28.005Z</time></trkpt>
      <trkpt lat="10.5746821" lon="104.1232086"><ele>10.9</ele><time>2026-05-02T01:15:29.005Z</time></trkpt>
      <trkpt lat="10.5747212" lon="104.1231938"><ele>10.8</ele><time>2026-05-02T01:15:30.006Z</time></trkpt>
      <trkpt lat="10.5747602" lon="104.1231770"><ele>10.8</ele><time>2026-05-02T01:15:31.005Z</time></trkpt>
      <trkpt lat="10.5747992" lon="104.1231579"><ele>10.8</ele><time>2026-05-02T01:15:32.006Z</time></trkpt>
      <trkpt lat="10.5748378" lon="104.1231389"><ele>10.7</ele><time>2026-05-02T01:15:33.006Z</time></trkpt>
      <trkpt lat="10.5748755" lon="104.1231187"><ele>10.8</ele><time>2026-05-02T01:15:34.005Z</time></trkpt>
      <trkpt lat="10.5749127" lon="104.1230971"><ele>10.9</ele><time>2026-05-02T01:15:35.005Z</time></trkpt>
      <trkpt lat="10.5749501" lon="104.1230755"><ele>11.2</ele><time>2026-05-02T01:15:36.006Z</time></trkpt>
      <trkpt lat="10.5749872" lon="104.1230549"><ele>11.4</ele><time>2026-05-02T01:15:37.006Z</time></trkpt>
      <trkpt lat="10.5750229" lon="104.1230354"><ele>11.5</ele><time>2026-05-02T01:15:38.004Z</time></trkpt>
      <trkpt lat="10.5750586" lon="104.1230152"><ele>11.6</ele><time>2026-05-02T01:15:39.005Z</time></trkpt>
      <trkpt lat="10.5750935" lon="104.1229982"><ele>11.5</ele><time>2026-05-02T01:15:40.006Z</time></trkpt>
      <trkpt lat="10.5751303" lon="104.1229811"><ele>11.3</ele><time>2026-05-02T01:15:41.007Z</time></trkpt>
      <trkpt lat="10.5751672" lon="104.1229628"><ele>11.2</ele><time>2026-05-02T01:15:42.006Z</time></trkpt>
      <trkpt lat="10.5752051" lon="104.1229446"><ele>11.3</ele><time>2026-05-02T01:15:43.006Z</time></trkpt>
      <trkpt lat="10.5752422" lon="104.1229244"><ele>11.4</ele><time>2026-05-02T01:15:44.006Z</time></trkpt>
      <trkpt lat="10.5752772" lon="104.1229034"><ele>11.5</ele><time>2026-05-02T01:15:45.007Z</time></trkpt>
      <trkpt lat="10.5753123" lon="104.1228826"><ele>11.6</ele><time>2026-05-02T01:15:46.005Z</time></trkpt>
      <trkpt lat="10.5753471" lon="104.1228598"><ele>11.8</ele><time>2026-05-02T01:15:47.006Z</time></trkpt>
      <trkpt lat="10.5753841" lon="104.1228395"><ele>12.0</ele><time>2026-05-02T01:15:48.006Z</time></trkpt>
      <trkpt lat="10.5754228" lon="104.1228221"><ele>12.2</ele><time>2026-05-02T01:15:49.005Z</time></trkpt>
      <trkpt lat="10.5754620" lon="104.1228049"><ele>12.3</ele><time>2026-05-02T01:15:50.006Z</time></trkpt>
      <trkpt lat="10.5755008" lon="104.1227850"><ele>12.5</ele><time>2026-05-02T01:15:51.005Z</time></trkpt>
      <trkpt lat="10.5755377" lon="104.1227644"><ele>12.5</ele><time>2026-05-02T01:15:52.006Z</time></trkpt>
      <trkpt lat="10.5755768" lon="104.1227452"><ele>12.6</ele><time>2026-05-02T01:15:53.005Z</time></trkpt>
      <trkpt lat="10.5756158" lon="104.1227259"><ele>12.7</ele><time>2026-05-02T01:15:54.006Z</time></trkpt>
      <trkpt lat="10.5756550" lon="104.1227049"><ele>12.8</ele><time>2026-05-02T01:15:55.006Z</time></trkpt>
      <trkpt lat="10.5756945" lon="104.1226844"><ele>12.9</ele><time>2026-05-02T01:15:56.005Z</time></trkpt>
      <trkpt lat="10.5757335" lon="104.1226646"><ele>12.9</ele><time>2026-05-02T01:15:57.006Z</time></trkpt>
      <trkpt lat="10.5757713" lon="104.1226444"><ele>12.9</ele><time>2026-05-02T01:15:58.006Z</time></trkpt>
      <trkpt lat="10.5758080" lon="104.1226236"><ele>12.8</ele><time>2026-05-02T01:15:59.006Z</time></trkpt>
      <trkpt lat="10.5758454" lon="104.1226031"><ele>12.7</ele><time>2026-05-02T01:16:00.006Z</time></trkpt>
      <trkpt lat="10.5758835" lon="104.1225838"><ele>12.6</ele><time>2026-05-02T01:16:01.005Z</time></trkpt>
      <trkpt lat="10.5759214" lon="104.1225635"><ele>12.7</ele><time>2026-05-02T01:16:02.006Z</time></trkpt>
      <trkpt lat="10.5759587" lon="104.1225443"><ele>12.7</ele><time>2026-05-02T01:16:03.005Z</time></trkpt>
      <trkpt lat="10.5759965" lon="104.1225246"><ele>12.6</ele><time>2026-05-02T01:16:04.006Z</time></trkpt>
      <trkpt lat="10.5760330" lon="104.1225027"><ele>12.5</ele><time>2026-05-02T01:16:05.006Z</time></trkpt>
      <trkpt lat="10.5760694" lon="104.1224815"><ele>12.5</ele><time>2026-05-02T01:16:06.005Z</time></trkpt>
      <trkpt lat="10.5761051" lon="104.1224605"><ele>12.5</ele><time>2026-05-02T01:16:07.006Z</time></trkpt>
      <trkpt lat="10.5761424" lon="104.1224413"><ele>12.6</ele><time>2026-05-02T01:16:08.006Z</time></trkpt>
      <trkpt lat="10.5761795" lon="104.1224211"><ele>12.5</ele><time>2026-05-02T01:16:09.005Z</time></trkpt>
      <trkpt lat="10.5762173" lon="104.1224015"><ele>12.4</ele><time>2026-05-02T01:16:10.005Z</time></trkpt>
      <trkpt lat="10.5762556" lon="104.1223808"><ele>12.2</ele><time>2026-05-02T01:16:11.004Z</time></trkpt>
      <trkpt lat="10.5762964" lon="104.1223632"><ele>12.1</ele><time>2026-05-02T01:16:12.006Z</time></trkpt>
      <trkpt lat="10.5763388" lon="104.1223392"><ele>12.2</ele><time>2026-05-02T01:16:13.006Z</time></trkpt>
      <trkpt lat="10.5763803" lon="104.1223171"><ele>12.4</ele><time>2026-05-02T01:16:14.006Z</time></trkpt>
      <trkpt lat="10.5764231" lon="104.1222944"><ele>12.4</ele><time>2026-05-02T01:16:15.005Z</time></trkpt>
      <trkpt lat="10.5764672" lon="104.1222728"><ele>12.5</ele><time>2026-05-02T01:16:16.005Z</time></trkpt>
      <trkpt lat="10.5765097" lon="104.1222494"><ele>12.7</ele><time>2026-05-02T01:16:17.004Z</time></trkpt>
      <trkpt lat="10.5765525" lon="104.1222271"><ele>12.8</ele><time>2026-05-02T01:16:18.006Z</time></trkpt>
      <trkpt lat="10.5765959" lon="104.1222043"><ele>12.8</ele><time>2026-05-02T01:16:19.006Z</time></trkpt>
      <trkpt lat="10.5766405" lon="104.1221795"><ele>12.9</ele><time>2026-05-02T01:16:20.006Z</time></trkpt>
      <trkpt lat="10.5766876" lon="104.1221562"><ele>13.0</ele><time>2026-05-02T01:16:21.007Z</time></trkpt>
      <trkpt lat="10.5767329" lon="104.1221309"><ele>13.0</ele><time>2026-05-02T01:16:22.006Z</time></trkpt>
      <trkpt lat="10.5767770" lon="104.1221084"><ele>13.1</ele><time>2026-05-02T01:16:23.004Z</time></trkpt>
      <trkpt lat="10.5768196" lon="104.1220822"><ele>13.1</ele><time>2026-05-02T01:16:24.006Z</time></trkpt>
      <trkpt lat="10.5768629" lon="104.1220599"><ele>13.1</ele><time>2026-05-02T01:16:25.005Z</time></trkpt>
      <trkpt lat="10.5769081" lon="104.1220341"><ele>13.1</ele><time>2026-05-02T01:16:26.006Z</time></trkpt>
      <trkpt lat="10.5769539" lon="104.1220099"><ele>13.0</ele><time>2026-05-02T01:16:27.004Z</time></trkpt>
      <trkpt lat="10.5770001" lon="104.1219843"><ele>13.3</ele><time>2026-05-02T01:16:28.005Z</time></trkpt>
      <trkpt lat="10.5770475" lon="104.1219636"><ele>13.5</ele><time>2026-05-02T01:16:29.006Z</time></trkpt>
      <trkpt lat="10.5770914" lon="104.1219348"><ele>13.7</ele><time>2026-05-02T01:16:30.005Z</time></trkpt>
      <trkpt lat="10.5771373" lon="104.1219125"><ele>13.7</ele><time>2026-05-02T01:16:31.005Z</time></trkpt>
      <trkpt lat="10.5771823" lon="104.1218870"><ele>14.1</ele><time>2026-05-02T01:16:32.005Z</time></trkpt>
      <trkpt lat="10.5772301" lon="104.1218639"><ele>14.5</ele><time>2026-05-02T01:16:33.005Z</time></trkpt>
      <trkpt lat="10.5772705" lon="104.1218430"><ele>14.7</ele><time>2026-05-02T01:16:34.005Z</time></trkpt>
      <trkpt lat="10.5773204" lon="104.1218165"><ele>14.7</ele><time>2026-05-02T01:16:35.005Z</time></trkpt>
      <trkpt lat="10.5773651" lon="104.1217935"><ele>14.7</ele><time>2026-05-02T01:16:36.007Z</time></trkpt>
      <trkpt lat="10.5774188" lon="104.1217852"><ele>14.1</ele><time>2026-05-02T01:16:37.006Z</time></trkpt>
      <trkpt lat="10.5774626" lon="104.1217567"><ele>13.4</ele><time>2026-05-02T01:16:38.006Z</time></trkpt>
      <trkpt lat="10.5775048" lon="104.1217273"><ele>12.9</ele><time>2026-05-02T01:16:39.005Z</time></trkpt>
      <trkpt lat="10.5775462" lon="104.1217054"><ele>13.0</ele><time>2026-05-02T01:16:40.006Z</time></trkpt>
      <trkpt lat="10.5775842" lon="104.1216736"><ele>13.2</ele><time>2026-05-02T01:16:41.005Z</time></trkpt>
      <trkpt lat="10.5776253" lon="104.1216511"><ele>13.1</ele><time>2026-05-02T01:16:42.005Z</time></trkpt>
      <trkpt lat="10.5776651" lon="104.1216328"><ele>13.2</ele><time>2026-05-02T01:16:43.005Z</time></trkpt>
      <trkpt lat="10.5777017" lon="104.1216104"><ele>13.5</ele><time>2026-05-02T01:16:44.006Z</time></trkpt>
      <trkpt lat="10.5777348" lon="104.1215899"><ele>13.9</ele><time>2026-05-02T01:16:45.005Z</time></trkpt>
      <trkpt lat="10.5777640" lon="104.1215740"><ele>14.3</ele><time>2026-05-02T01:16:46.006Z</time></trkpt>
      <trkpt lat="10.5777970" lon="104.1215582"><ele>14.5</ele><time>2026-05-02T01:16:47.006Z</time></trkpt>
      <trkpt lat="10.5778242" lon="104.1215446"><ele>14.7</ele><time>2026-05-02T01:16:48.007Z</time></trkpt>
      <trkpt lat="10.5778524" lon="104.1215294"><ele>14.7</ele><time>2026-05-02T01:16:49.005Z</time></trkpt>
      <trkpt lat="10.5778795" lon="104.1215125"><ele>14.6</ele><time>2026-05-02T01:16:50.005Z</time></trkpt>
      <trkpt lat="10.5779091" lon="104.1214980"><ele>14.5</ele><time>2026-05-02T01:16:51.005Z</time></trkpt>
      <trkpt lat="10.5779396" lon="104.1214873"><ele>13.9</ele><time>2026-05-02T01:16:52.007Z</time></trkpt>
      <trkpt lat="10.5779618" lon="104.1214779"><ele>13.6</ele><time>2026-05-02T01:16:53.005Z</time></trkpt>
      <trkpt lat="10.5779807" lon="104.1214695"><ele>13.6</ele><time>2026-05-02T01:16:54.007Z</time></trkpt>
      <trkpt lat="10.5779974" lon="104.1214602"><ele>14.0</ele><time>2026-05-02T01:16:55.007Z</time></trkpt>
      <trkpt lat="10.5780125" lon="104.1214509"><ele>14.1</ele><time>2026-05-02T01:16:56.007Z</time></trkpt>
      <trkpt lat="10.5780187" lon="104.1214406"><ele>14.7</ele><time>2026-05-02T01:16:57.006Z</time></trkpt>
      <trkpt lat="10.5780275" lon="104.1214291"><ele>15.0</ele><time>2026-05-02T01:16:58.005Z</time></trkpt>
      <trkpt lat="10.5780432" lon="104.1214208"><ele>15.3</ele><time>2026-05-02T01:16:59.006Z</time></trkpt>
      <trkpt lat="10.5780589" lon="104.1214147"><ele>15.0</ele><time>2026-05-02T01:17:00.005Z</time></trkpt>
      <trkpt lat="10.5780748" lon="104.1214089"><ele>14.8</ele><time>2026-05-02T01:17:01.005Z</time></trkpt>
      <trkpt lat="10.5780886" lon="104.1214000"><ele>14.7</ele><time>2026-05-02T01:17:02.005Z</time></trkpt>
      <trkpt lat="10.5780997" lon="104.1213898"><ele>14.7</ele><time>2026-05-02T01:17:03.006Z</time></trkpt>
      <trkpt lat="10.5781090" lon="104.1213762"><ele>14.8</ele><time>2026-05-02T01:17:04.005Z</time></trkpt>
      <trkpt lat="10.5781224" lon="104.1213682"><ele>14.9</ele><time>2026-05-02T01:17:05.007Z</time></trkpt>
      <trkpt lat="10.5781399" lon="104.1213670"><ele>14.7</ele><time>2026-05-02T01:17:06.007Z</time></trkpt>
      <trkpt lat="10.5781561" lon="104.1213636"><ele>14.3</ele><time>2026-05-02T01:17:07.006Z</time></trkpt>
      <trkpt lat="10.5781719" lon="104.1213587"><ele>14.2</ele><time>2026-05-02T01:17:08.006Z</time></trkpt>
      <trkpt lat="10.5781846" lon="104.1213500"><ele>14.8</ele><time>2026-05-02T01:17:09.007Z</time></trkpt>
      <trkpt lat="10.5781930" lon="104.1213373"><ele>15.1</ele><time>2026-05-02T01:17:10.006Z</time></trkpt>
      <trkpt lat="10.5781935" lon="104.1213250"><ele>15.2</ele><time>2026-05-02T01:17:11.005Z</time></trkpt>
      <trkpt lat="10.5781830" lon="104.1213167"><ele>14.8</ele><time>2026-05-02T01:17:12.005Z</time></trkpt>
      <trkpt lat="10.5781679" lon="104.1213224"><ele>14.5</ele><time>2026-05-02T01:17:13.007Z</time></trkpt>
      <trkpt lat="10.5781580" lon="104.1213372"><ele>14.3</ele><time>2026-05-02T01:17:14.005Z</time></trkpt>
      <trkpt lat="10.5781473" lon="104.1213527"><ele>13.8</ele><time>2026-05-02T01:17:15.005Z</time></trkpt>
      <trkpt lat="10.5781339" lon="104.1213653"><ele>13.3</ele><time>2026-05-02T01:17:16.005Z</time></trkpt>
      <trkpt lat="10.5781170" lon="104.1213766"><ele>12.9</ele><time>2026-05-02T01:17:17.005Z</time></trkpt>
      <trkpt lat="10.5781000" lon="104.1213899"><ele>12.7</ele><time>2026-05-02T01:17:18.007Z</time></trkpt>
      <trkpt lat="10.5780799" lon="104.1214075"><ele>12.2</ele><time>2026-05-02T01:17:19.005Z</time></trkpt>
      <trkpt lat="10.5780615" lon="104.1214192"><ele>11.8</ele><time>2026-05-02T01:17:20.006Z</time></trkpt>
      <trkpt lat="10.5780486" lon="104.1214313"><ele>11.5</ele><time>2026-05-02T01:17:21.005Z</time></trkpt>
      <trkpt lat="10.5780330" lon="104.1214367"><ele>11.6</ele><time>2026-05-02T01:17:22.006Z</time></trkpt>
      <trkpt lat="10.5780285" lon="104.1214439"><ele>11.7</ele><time>2026-05-02T01:17:23.005Z</time></trkpt>
      <trkpt lat="10.5780449" lon="104.1214803"><ele>10.6</ele><time>2026-05-02T01:17:50.006Z</time></trkpt>
      <trkpt lat="10.5780478" lon="104.1214932"><ele>10.0</ele><time>2026-05-02T01:17:51.005Z</time></trkpt>
      <trkpt lat="10.5780534" lon="104.1215136"><ele>10.0</ele><time>2026-05-02T01:17:52.005Z</time></trkpt>
      <trkpt lat="10.5780624" lon="104.1215337"><ele>10.0</ele><time>2026-05-02T01:17:53.005Z</time></trkpt>
      <trkpt lat="10.5780806" lon="104.1215530"><ele>10.0</ele><time>2026-05-02T01:17:54.005Z</time></trkpt>
      <trkpt lat="10.5781024" lon="104.1215737"><ele>10.6</ele><time>2026-05-02T01:17:55.006Z</time></trkpt>
      <trkpt lat="10.5781232" lon="104.1215992"><ele>11.1</ele><time>2026-05-02T01:17:56.005Z</time></trkpt>
      <trkpt lat="10.5781450" lon="104.1216257"><ele>11.7</ele><time>2026-05-02T01:17:57.005Z</time></trkpt>
      <trkpt lat="10.5781686" lon="104.1216541"><ele>11.7</ele><time>2026-05-02T01:17:58.005Z</time></trkpt>
      <trkpt lat="10.5781934" lon="104.1216835"><ele>11.7</ele><time>2026-05-02T01:17:59.005Z</time></trkpt>
      <trkpt lat="10.5782169" lon="104.1217141"><ele>11.7</ele><time>2026-05-02T01:18:00.006Z</time></trkpt>
      <trkpt lat="10.5782364" lon="104.1217463"><ele>11.7</ele><time>2026-05-02T01:18:01.006Z</time></trkpt>
      <trkpt lat="10.5782592" lon="104.1217799"><ele>11.7</ele><time>2026-05-02T01:18:02.005Z</time></trkpt>
      <trkpt lat="10.5782852" lon="104.1218142"><ele>11.7</ele><time>2026-05-02T01:18:03.005Z</time></trkpt>
      <trkpt lat="10.5783099" lon="104.1218497"><ele>11.7</ele><time>2026-05-02T01:18:04.005Z</time></trkpt>
      <trkpt lat="10.5783326" lon="104.1218844"><ele>11.7</ele><time>2026-05-02T01:18:05.005Z</time></trkpt>
      <trkpt lat="10.5783554" lon="104.1219194"><ele>13.5</ele><time>2026-05-02T01:18:06.004Z</time></trkpt>
      <trkpt lat="10.5783806" lon="104.1219554"><ele>15.4</ele><time>2026-05-02T01:18:07.005Z</time></trkpt>
      <trkpt lat="10.5784053" lon="104.1219915"><ele>17.2</ele><time>2026-05-02T01:18:08.004Z</time></trkpt>
      <trkpt lat="10.5784317" lon="104.1220276"><ele>17.2</ele><time>2026-05-02T01:18:09.005Z</time></trkpt>
      <trkpt lat="10.5784585" lon="104.1220634"><ele>17.2</ele><time>2026-05-02T01:18:10.005Z</time></trkpt>
      <trkpt lat="10.5784862" lon="104.1220970"><ele>17.2</ele><time>2026-05-02T01:18:11.006Z</time></trkpt>
      <trkpt lat="10.5785105" lon="104.1221285"><ele>17.2</ele><time>2026-05-02T01:18:12.006Z</time></trkpt>
      <trkpt lat="10.5785392" lon="104.1221589"><ele>17.2</ele><time>2026-05-02T01:18:13.006Z</time></trkpt>
      <trkpt lat="10.5785674" lon="104.1221870"><ele>17.2</ele><time>2026-05-02T01:18:14.007Z</time></trkpt>
      <trkpt lat="10.5785903" lon="104.1222162"><ele>17.2</ele><time>2026-05-02T01:18:15.005Z</time></trkpt>
      <trkpt lat="10.5786069" lon="104.1222467"><ele>17.2</ele><time>2026-05-02T01:18:16.006Z</time></trkpt>
      <trkpt lat="10.5786254" lon="104.1222742"><ele>17.2</ele><time>2026-05-02T01:18:17.005Z</time></trkpt>
      <trkpt lat="10.5786468" lon="104.1223063"><ele>17.2</ele><time>2026-05-02T01:18:18.005Z</time></trkpt>
      <trkpt lat="10.5786694" lon="104.1223394"><ele>17.2</ele><time>2026-05-02T01:18:19.005Z</time></trkpt>
      <trkpt lat="10.5786929" lon="104.1223711"><ele>17.2</ele><time>2026-05-02T01:18:20.004Z</time></trkpt>
      <trkpt lat="10.5787147" lon="104.1224026"><ele>17.2</ele><time>2026-05-02T01:18:21.005Z</time></trkpt>
      <trkpt lat="10.5787380" lon="104.1224357"><ele>17.2</ele><time>2026-05-02T01:18:22.005Z</time></trkpt>
      <trkpt lat="10.5787616" lon="104.1224701"><ele>17.2</ele><time>2026-05-02T01:18:23.005Z</time></trkpt>
      <trkpt lat="10.5787846" lon="104.1225042"><ele>12.4</ele><time>2026-05-02T01:18:24.005Z</time></trkpt>
      <trkpt lat="10.5788071" lon="104.1225380"><ele>10.0</ele><time>2026-05-02T01:18:25.004Z</time></trkpt>
      <trkpt lat="10.5788335" lon="104.1225713"><ele>10.0</ele><time>2026-05-02T01:18:26.006Z</time></trkpt>
      <trkpt lat="10.5788594" lon="104.1226014"><ele>10.0</ele><time>2026-05-02T01:18:27.005Z</time></trkpt>
      <trkpt lat="10.5788859" lon="104.1226297"><ele>10.0</ele><time>2026-05-02T01:18:28.005Z</time></trkpt>
      <trkpt lat="10.5789105" lon="104.1226617"><ele>10.0</ele><time>2026-05-02T01:18:29.006Z</time></trkpt>
      <trkpt lat="10.5789308" lon="104.1226950"><ele>10.0</ele><time>2026-05-02T01:18:30.006Z</time></trkpt>
      <trkpt lat="10.5789491" lon="104.1227235"><ele>10.0</ele><time>2026-05-02T01:18:31.005Z</time></trkpt>
      <trkpt lat="10.5789679" lon="104.1227529"><ele>10.0</ele><time>2026-05-02T01:18:32.007Z</time></trkpt>
      <trkpt lat="10.5789862" lon="104.1227864"><ele>10.0</ele><time>2026-05-02T01:18:33.005Z</time></trkpt>
      <trkpt lat="10.5789999" lon="104.1228222"><ele>10.0</ele><time>2026-05-02T01:18:34.004Z</time></trkpt>
      <trkpt lat="10.5790096" lon="104.1228560"><ele>10.0</ele><time>2026-05-02T01:18:35.005Z</time></trkpt>
      <trkpt lat="10.5790267" lon="104.1228803"><ele>10.0</ele><time>2026-05-02T01:18:36.005Z</time></trkpt>
      <trkpt lat="10.5790477" lon="104.1228935"><ele>10.0</ele><time>2026-05-02T01:18:37.005Z</time></trkpt>
      <trkpt lat="10.5790645" lon="104.1229026"><ele>10.0</ele><time>2026-05-02T01:18:38.006Z</time></trkpt>
      <trkpt lat="10.5790810" lon="104.1229188"><ele>10.0</ele><time>2026-05-02T01:18:39.005Z</time></trkpt>
      <trkpt lat="10.5790952" lon="104.1229447"><ele>10.0</ele><time>2026-05-02T01:18:40.005Z</time></trkpt>
      <trkpt lat="10.5791058" lon="104.1229752"><ele>10.0</ele><time>2026-05-02T01:18:41.005Z</time></trkpt>
      <trkpt lat="10.5791175" lon="104.1230073"><ele>10.0</ele><time>2026-05-02T01:18:42.004Z</time></trkpt>
      <trkpt lat="10.5791269" lon="104.1230400"><ele>10.0</ele><time>2026-05-02T01:18:43.005Z</time></trkpt>
      <trkpt lat="10.5791235" lon="104.1230736"><ele>14.8</ele><time>2026-05-02T01:18:44.005Z</time></trkpt>
      <trkpt lat="10.5791134" lon="104.1231077"><ele>17.2</ele><time>2026-05-02T01:18:45.005Z</time></trkpt>
      <trkpt lat="10.5791043" lon="104.1231434"><ele>17.2</ele><time>2026-05-02T01:18:46.005Z</time></trkpt>
      <trkpt lat="10.5790947" lon="104.1231833"><ele>17.2</ele><time>2026-05-02T01:18:47.005Z</time></trkpt>
      <trkpt lat="10.5790825" lon="104.1232229"><ele>17.2</ele><time>2026-05-02T01:18:48.005Z</time></trkpt>
      <trkpt lat="10.5790680" lon="104.1232596"><ele>17.2</ele><time>2026-05-02T01:18:49.005Z</time></trkpt>
      <trkpt lat="10.5790566" lon="104.1232955"><ele>17.2</ele><time>2026-05-02T01:18:50.005Z</time></trkpt>
      <trkpt lat="10.5790469" lon="104.1233304"><ele>17.2</ele><time>2026-05-02T01:18:51.005Z</time></trkpt>
      <trkpt lat="10.5790412" lon="104.1233655"><ele>17.2</ele><time>2026-05-02T01:18:52.005Z</time></trkpt>
      <trkpt lat="10.5790413" lon="104.1233995"><ele>17.2</ele><time>2026-05-02T01:18:53.005Z</time></trkpt>
      <trkpt lat="10.5790444" lon="104.1234301"><ele>17.2</ele><time>2026-05-02T01:18:54.005Z</time></trkpt>
      <trkpt lat="10.5790502" lon="104.1234590"><ele>17.2</ele><time>2026-05-02T01:18:55.006Z</time></trkpt>
      <trkpt lat="10.5790561" lon="104.1234905"><ele>17.2</ele><time>2026-05-02T01:18:56.006Z</time></trkpt>
      <trkpt lat="10.5790636" lon="104.1235211"><ele>17.2</ele><time>2026-05-02T01:18:57.005Z</time></trkpt>
      <trkpt lat="10.5790756" lon="104.1235446"><ele>17.2</ele><time>2026-05-02T01:18:58.005Z</time></trkpt>
      <trkpt lat="10.5790887" lon="104.1235629"><ele>17.2</ele><time>2026-05-02T01:18:59.004Z</time></trkpt>
      <trkpt lat="10.5791053" lon="104.1235763"><ele>17.2</ele><time>2026-05-02T01:19:00.006Z</time></trkpt>
      <trkpt lat="10.5791200" lon="104.1235930"><ele>17.2</ele><time>2026-05-02T01:19:01.005Z</time></trkpt>
      <trkpt lat="10.5791336" lon="104.1236155"><ele>17.2</ele><time>2026-05-02T01:19:02.006Z</time></trkpt>
      <trkpt lat="10.5791474" lon="104.1236370"><ele>17.2</ele><time>2026-05-02T01:19:03.006Z</time></trkpt>
      <trkpt lat="10.5791582" lon="104.1236544"><ele>17.2</ele><time>2026-05-02T01:19:04.004Z</time></trkpt>
      <trkpt lat="10.5791687" lon="104.1236769"><ele>17.2</ele><time>2026-05-02T01:19:05.005Z</time></trkpt>
      <trkpt lat="10.5791808" lon="104.1236995"><ele>17.2</ele><time>2026-05-02T01:19:06.006Z</time></trkpt>
      <trkpt lat="10.5792006" lon="104.1237261"><ele>17.2</ele><time>2026-05-02T01:19:07.006Z</time></trkpt>
      <trkpt lat="10.5792213" lon="104.1237547"><ele>17.2</ele><time>2026-05-02T01:19:08.006Z</time></trkpt>
      <trkpt lat="10.5792386" lon="104.1237830"><ele>17.2</ele><time>2026-05-02T01:19:09.005Z</time></trkpt>
      <trkpt lat="10.5792593" lon="104.1238113"><ele>17.2</ele><time>2026-05-02T01:19:10.006Z</time></trkpt>
      <trkpt lat="10.5792805" lon="104.1238374"><ele>17.2</ele><time>2026-05-02T01:19:11.005Z</time></trkpt>
      <trkpt lat="10.5792984" lon="104.1238651"><ele>17.2</ele><time>2026-05-02T01:19:12.006Z</time></trkpt>
      <trkpt lat="10.5793136" lon="104.1238939"><ele>17.2</ele><time>2026-05-02T01:19:13.006Z</time></trkpt>
      <trkpt lat="10.5793330" lon="104.1239228"><ele>17.2</ele><time>2026-05-02T01:19:14.006Z</time></trkpt>
      <trkpt lat="10.5793587" lon="104.1239482"><ele>17.2</ele><time>2026-05-02T01:19:15.004Z</time></trkpt>
      <trkpt lat="10.5793862" lon="104.1239721"><ele>17.2</ele><time>2026-05-02T01:19:16.005Z</time></trkpt>
      <trkpt lat="10.5794151" lon="104.1239963"><ele>17.2</ele><time>2026-05-02T01:19:17.006Z</time></trkpt>
      <trkpt lat="10.5794428" lon="104.1240173"><ele>17.2</ele><time>2026-05-02T01:19:18.005Z</time></trkpt>
      <trkpt lat="10.5794718" lon="104.1240333"><ele>17.2</ele><time>2026-05-02T01:19:19.005Z</time></trkpt>
      <trkpt lat="10.5795021" lon="104.1240443"><ele>17.2</ele><time>2026-05-02T01:19:20.006Z</time></trkpt>
      <trkpt lat="10.5795322" lon="104.1240572"><ele>17.2</ele><time>2026-05-02T01:19:21.005Z</time></trkpt>
      <trkpt lat="10.5795598" lon="104.1240726"><ele>17.2</ele><time>2026-05-02T01:19:22.005Z</time></trkpt>
      <trkpt lat="10.5795866" lon="104.1240798"><ele>17.2</ele><time>2026-05-02T01:19:23.005Z</time></trkpt>
      <trkpt lat="10.5796158" lon="104.1240804"><ele>17.2</ele><time>2026-05-02T01:19:24.005Z</time></trkpt>
      <trkpt lat="10.5796432" lon="104.1240866"><ele>17.2</ele><time>2026-05-02T01:19:25.005Z</time></trkpt>
      <trkpt lat="10.5796649" lon="104.1240898"><ele>17.2</ele><time>2026-05-02T01:19:26.005Z</time></trkpt>
      <trkpt lat="10.5796861" lon="104.1240971"><ele>17.2</ele><time>2026-05-02T01:19:27.005Z</time></trkpt>
      <trkpt lat="10.5797043" lon="104.1241084"><ele>17.2</ele><time>2026-05-02T01:19:28.005Z</time></trkpt>
      <trkpt lat="10.5797222" lon="104.1241169"><ele>17.2</ele><time>2026-05-02T01:19:29.005Z</time></trkpt>
      <trkpt lat="10.5797403" lon="104.1241251"><ele>17.2</ele><time>2026-05-02T01:19:30.005Z</time></trkpt>
      <trkpt lat="10.5797584" lon="104.1241348"><ele>17.2</ele><time>2026-05-02T01:19:31.005Z</time></trkpt>
      <trkpt lat="10.5797755" lon="104.1241493"><ele>17.2</ele><time>2026-05-02T01:19:32.004Z</time></trkpt>
      <trkpt lat="10.5797947" lon="104.1241624"><ele>17.2</ele><time>2026-05-02T01:19:33.005Z</time></trkpt>
      <trkpt lat="10.5798160" lon="104.1241742"><ele>17.2</ele><time>2026-05-02T01:19:34.006Z</time></trkpt>
      <trkpt lat="10.5798406" lon="104.1241851"><ele>17.2</ele><time>2026-05-02T01:19:35.005Z</time></trkpt>
      <trkpt lat="10.5798653" lon="104.1241973"><ele>17.2</ele><time>2026-05-02T01:19:36.006Z</time></trkpt>
      <trkpt lat="10.5798862" lon="104.1242139"><ele>17.2</ele><time>2026-05-02T01:19:37.005Z</time></trkpt>
      <trkpt lat="10.5799102" lon="104.1242326"><ele>17.2</ele><time>2026-05-02T01:19:38.004Z</time></trkpt>
      <trkpt lat="10.5799359" lon="104.1242494"><ele>17.2</ele><time>2026-05-02T01:19:39.006Z</time></trkpt>
      <trkpt lat="10.5799601" lon="104.1242704"><ele>17.2</ele><time>2026-05-02T01:19:40.005Z</time></trkpt>
      <trkpt lat="10.5799807" lon="104.1242909"><ele>17.2</ele><time>2026-05-02T01:19:41.005Z</time></trkpt>
      <trkpt lat="10.5800029" lon="104.1243131"><ele>17.2</ele><time>2026-05-02T01:19:42.006Z</time></trkpt>
      <trkpt lat="10.5800193" lon="104.1243338"><ele>17.2</ele><time>2026-05-02T01:19:43.005Z</time></trkpt>
      <trkpt lat="10.5800303" lon="104.1243566"><ele>17.2</ele><time>2026-05-02T01:19:44.004Z</time></trkpt>
      <trkpt lat="10.5800371" lon="104.1243819"><ele>17.2</ele><time>2026-05-02T01:19:45.004Z</time></trkpt>
      <trkpt lat="10.5800456" lon="104.1244078"><ele>17.2</ele><time>2026-05-02T01:19:46.005Z</time></trkpt>
      <trkpt lat="10.5800572" lon="104.1244321"><ele>17.2</ele><time>2026-05-02T01:19:47.004Z</time></trkpt>
      <trkpt lat="10.5800692" lon="104.1244604"><ele>17.2</ele><time>2026-05-02T01:19:48.005Z</time></trkpt>
      <trkpt lat="10.5800811" lon="104.1244911"><ele>17.2</ele><time>2026-05-02T01:19:49.006Z</time></trkpt>
      <trkpt lat="10.5800957" lon="104.1245202"><ele>17.2</ele><time>2026-05-02T01:19:50.005Z</time></trkpt>
      <trkpt lat="10.5801113" lon="104.1245483"><ele>17.2</ele><time>2026-05-02T01:19:51.005Z</time></trkpt>
      <trkpt lat="10.5801264" lon="104.1245783"><ele>17.2</ele><time>2026-05-02T01:19:52.006Z</time></trkpt>
      <trkpt lat="10.5801425" lon="104.1246087"><ele>17.2</ele><time>2026-05-02T01:19:53.005Z</time></trkpt>
      <trkpt lat="10.5801600" lon="104.1246397"><ele>17.2</ele><time>2026-05-02T01:19:54.005Z</time></trkpt>
      <trkpt lat="10.5801808" lon="104.1246670"><ele>17.2</ele><time>2026-05-02T01:19:55.005Z</time></trkpt>
      <trkpt lat="10.5802006" lon="104.1246932"><ele>17.2</ele><time>2026-05-02T01:19:56.005Z</time></trkpt>
      <trkpt lat="10.5802139" lon="104.1247228"><ele>17.2</ele><time>2026-05-02T01:19:57.006Z</time></trkpt>
      <trkpt lat="10.5802256" lon="104.1247520"><ele>17.2</ele><time>2026-05-02T01:19:58.006Z</time></trkpt>
      <trkpt lat="10.5802356" lon="104.1247746"><ele>17.2</ele><time>2026-05-02T01:19:59.005Z</time></trkpt>
      <trkpt lat="10.5802455" lon="104.1247961"><ele>17.2</ele><time>2026-05-02T01:20:00.005Z</time></trkpt>
      <trkpt lat="10.5802539" lon="104.1248128"><ele>17.2</ele><time>2026-05-02T01:20:01.006Z</time></trkpt>
      <trkpt lat="10.5802633" lon="104.1248291"><ele>17.2</ele><time>2026-05-02T01:20:02.005Z</time></trkpt>
      <trkpt lat="10.5802761" lon="104.1248472"><ele>17.2</ele><time>2026-05-02T01:20:03.005Z</time></trkpt>
      <trkpt lat="10.5802910" lon="104.1248669"><ele>17.2</ele><time>2026-05-02T01:20:04.005Z</time></trkpt>
      <trkpt lat="10.5803041" lon="104.1248806"><ele>17.2</ele><time>2026-05-02T01:20:05.005Z</time></trkpt>
      <trkpt lat="10.5803192" lon="104.1248991"><ele>17.2</ele><time>2026-05-02T01:20:06.005Z</time></trkpt>
      <trkpt lat="10.5803326" lon="104.1249218"><ele>17.2</ele><time>2026-05-02T01:20:07.004Z</time></trkpt>
      <trkpt lat="10.5803425" lon="104.1249449"><ele>17.2</ele><time>2026-05-02T01:20:08.004Z</time></trkpt>
      <trkpt lat="10.5803562" lon="104.1249663"><ele>17.2</ele><time>2026-05-02T01:20:09.005Z</time></trkpt>
      <trkpt lat="10.5803697" lon="104.1249866"><ele>17.2</ele><time>2026-05-02T01:20:10.005Z</time></trkpt>
      <trkpt lat="10.5803853" lon="104.1250090"><ele>17.2</ele><time>2026-05-02T01:20:11.004Z</time></trkpt>
      <trkpt lat="10.5804024" lon="104.1250334"><ele>17.2</ele><time>2026-05-02T01:20:12.004Z</time></trkpt>
      <trkpt lat="10.5804207" lon="104.1250551"><ele>15.3</ele><time>2026-05-02T01:20:13.006Z</time></trkpt>
      <trkpt lat="10.5804358" lon="104.1250769"><ele>13.5</ele><time>2026-05-02T01:20:14.004Z</time></trkpt>
      <trkpt lat="10.5804462" lon="104.1251016"><ele>11.7</ele><time>2026-05-02T01:20:15.005Z</time></trkpt>
      <trkpt lat="10.5804588" lon="104.1251245"><ele>11.7</ele><time>2026-05-02T01:20:16.006Z</time></trkpt>
      <trkpt lat="10.5804760" lon="104.1251453"><ele>11.8</ele><time>2026-05-02T01:20:17.006Z</time></trkpt>
      <trkpt lat="10.5804915" lon="104.1251681"><ele>11.8</ele><time>2026-05-02T01:20:18.004Z</time></trkpt>
      <trkpt lat="10.5805077" lon="104.1251928"><ele>11.8</ele><time>2026-05-02T01:20:19.005Z</time></trkpt>
      <trkpt lat="10.5805229" lon="104.1252173"><ele>11.8</ele><time>2026-05-02T01:20:20.006Z</time></trkpt>
      <trkpt lat="10.5805357" lon="104.1252454"><ele>11.8</ele><time>2026-05-02T01:20:21.005Z</time></trkpt>
      <trkpt lat="10.5805487" lon="104.1252747"><ele>11.8</ele><time>2026-05-02T01:20:22.006Z</time></trkpt>
      <trkpt lat="10.5805632" lon="104.1253016"><ele>11.8</ele><time>2026-05-02T01:20:23.004Z</time></trkpt>
      <trkpt lat="10.5805789" lon="104.1253269"><ele>11.7</ele><time>2026-05-02T01:20:24.005Z</time></trkpt>
      <trkpt lat="10.5805973" lon="104.1253513"><ele>11.7</ele><time>2026-05-02T01:20:25.005Z</time></trkpt>
      <trkpt lat="10.5806231" lon="104.1253727"><ele>11.8</ele><time>2026-05-02T01:20:26.005Z</time></trkpt>
      <trkpt lat="10.5806425" lon="104.1253960"><ele>11.9</ele><time>2026-05-02T01:20:27.006Z</time></trkpt>
      <trkpt lat="10.5806580" lon="104.1254240"><ele>12.0</ele><time>2026-05-02T01:20:28.005Z</time></trkpt>
      <trkpt lat="10.5806734" lon="104.1254505"><ele>12.1</ele><time>2026-05-02T01:20:29.005Z</time></trkpt>
      <trkpt lat="10.5806911" lon="104.1254725"><ele>12.2</ele><time>2026-05-02T01:20:30.005Z</time></trkpt>
      <trkpt lat="10.5807092" lon="104.1254948"><ele>12.4</ele><time>2026-05-02T01:20:31.005Z</time></trkpt>
      <trkpt lat="10.5807232" lon="104.1255190"><ele>12.5</ele><time>2026-05-02T01:20:32.005Z</time></trkpt>
      <trkpt lat="10.5807393" lon="104.1255404"><ele>12.5</ele><time>2026-05-02T01:20:33.005Z</time></trkpt>
      <trkpt lat="10.5807541" lon="104.1255634"><ele>12.6</ele><time>2026-05-02T01:20:34.005Z</time></trkpt>
      <trkpt lat="10.5807725" lon="104.1255844"><ele>12.6</ele><time>2026-05-02T01:20:35.005Z</time></trkpt>
      <trkpt lat="10.5807879" lon="104.1256114"><ele>12.6</ele><time>2026-05-02T01:20:36.004Z</time></trkpt>
      <trkpt lat="10.5808057" lon="104.1256378"><ele>12.7</ele><time>2026-05-02T01:20:37.005Z</time></trkpt>
      <trkpt lat="10.5808220" lon="104.1256641"><ele>12.9</ele><time>2026-05-02T01:20:38.006Z</time></trkpt>
      <trkpt lat="10.5808374" lon="104.1256882"><ele>13.1</ele><time>2026-05-02T01:20:39.005Z</time></trkpt>
      <trkpt lat="10.5808487" lon="104.1257071"><ele>13.3</ele><time>2026-05-02T01:20:40.004Z</time></trkpt>
      <trkpt lat="10.5808578" lon="104.1257215"><ele>13.4</ele><time>2026-05-02T01:20:41.005Z</time></trkpt>
      <trkpt lat="10.5808649" lon="104.1257342"><ele>13.5</ele><time>2026-05-02T01:20:42.005Z</time></trkpt>
      <trkpt lat="10.5808714" lon="104.1257472"><ele>13.3</ele><time>2026-05-02T01:20:43.005Z</time></trkpt>
      <trkpt lat="10.5808755" lon="104.1257586"><ele>13.0</ele><time>2026-05-02T01:20:44.005Z</time></trkpt>
      <trkpt lat="10.5808819" lon="104.1257730"><ele>12.6</ele><time>2026-05-02T01:20:45.005Z</time></trkpt>
      <trkpt lat="10.5808899" lon="104.1257865"><ele>12.4</ele><time>2026-05-02T01:20:46.006Z</time></trkpt>
      <trkpt lat="10.5809009" lon="104.1258016"><ele>12.1</ele><time>2026-05-02T01:20:47.004Z</time></trkpt>
      <trkpt lat="10.5809171" lon="104.1258193"><ele>11.5</ele><time>2026-05-02T01:20:48.005Z</time></trkpt>
      <trkpt lat="10.5809337" lon="104.1258365"><ele>11.0</ele><time>2026-05-02T01:20:49.005Z</time></trkpt>
      <trkpt lat="10.5809525" lon="104.1258540"><ele>10.6</ele><time>2026-05-02T01:20:50.005Z</time></trkpt>
      <trkpt lat="10.5809676" lon="104.1258753"><ele>10.3</ele><time>2026-05-02T01:20:51.005Z</time></trkpt>
      <trkpt lat="10.5809824" lon="104.1258988"><ele>10.1</ele><time>2026-05-02T01:20:52.006Z</time></trkpt>
      <trkpt lat="10.5810021" lon="104.1259201"><ele>10.0</ele><time>2026-05-02T01:20:53.005Z</time></trkpt>
      <trkpt lat="10.5810274" lon="104.1259418"><ele>10.2</ele><time>2026-05-02T01:20:54.005Z</time></trkpt>
      <trkpt lat="10.5810566" lon="104.1259662"><ele>10.3</ele><time>2026-05-02T01:20:55.005Z</time></trkpt>
      <trkpt lat="10.5810854" lon="104.1259900"><ele>10.6</ele><time>2026-05-02T01:20:56.006Z</time></trkpt>
      <trkpt lat="10.5811109" lon="104.1260178"><ele>10.8</ele><time>2026-05-02T01:20:57.005Z</time></trkpt>
      <trkpt lat="10.5811372" lon="104.1260458"><ele>10.8</ele><time>2026-05-02T01:20:58.005Z</time></trkpt>
      <trkpt lat="10.5811638" lon="104.1260720"><ele>11.4</ele><time>2026-05-02T01:20:59.005Z</time></trkpt>
      <trkpt lat="10.5811905" lon="104.1260918"><ele>12.0</ele><time>2026-05-02T01:21:00.005Z</time></trkpt>
      <trkpt lat="10.5812197" lon="104.1261110"><ele>12.6</ele><time>2026-05-02T01:21:01.005Z</time></trkpt>
      <trkpt lat="10.5812406" lon="104.1261362"><ele>12.6</ele><time>2026-05-02T01:21:02.005Z</time></trkpt>
      <trkpt lat="10.5812523" lon="104.1261625"><ele>12.7</ele><time>2026-05-02T01:21:03.005Z</time></trkpt>
      <trkpt lat="10.5812577" lon="104.1261844"><ele>12.3</ele><time>2026-05-02T01:21:04.006Z</time></trkpt>
      <trkpt lat="10.5812565" lon="104.1262080"><ele>12.2</ele><time>2026-05-02T01:21:05.005Z</time></trkpt>
      <trkpt lat="10.5812514" lon="104.1262355"><ele>11.6</ele><time>2026-05-02T01:21:06.005Z</time></trkpt>
      <trkpt lat="10.5812505" lon="104.1262659"><ele>11.6</ele><time>2026-05-02T01:21:07.004Z</time></trkpt>
      <trkpt lat="10.5812625" lon="104.1262912"><ele>11.5</ele><time>2026-05-02T01:21:08.005Z</time></trkpt>
      <trkpt lat="10.5812623" lon="104.1262977"><ele>11.7</ele><time>2026-05-02T01:21:08.168Z</time></trkpt>
      <trkpt lat="10.5812670" lon="104.1263059"><ele>11.8</ele><time>2026-05-02T01:21:08.562Z</time></trkpt>
      <trkpt lat="10.5812746" lon="104.1263145"><ele>11.6</ele><time>2026-05-02T01:21:09.005Z</time></trkpt>
      <trkpt lat="10.5812770" lon="104.1263167"><ele>11.5</ele><time>2026-05-02T01:21:09.124Z</time></trkpt>
      <trkpt lat="10.5812912" lon="104.1263356"><ele>11.4</ele><time>2026-05-02T01:21:10.004Z</time></trkpt>
      <trkpt lat="10.5813058" lon="104.1263596"><ele>11.4</ele><time>2026-05-02T01:21:11.006Z</time></trkpt>
      <trkpt lat="10.5813084" lon="104.1263646"><ele>11.4</ele><time>2026-05-02T01:21:11.185Z</time></trkpt>
      <trkpt lat="10.5813127" lon="104.1263786"><ele>11.4</ele><time>2026-05-02T01:21:11.705Z</time></trkpt>
      <trkpt lat="10.5813150" lon="104.1263878"><ele>11.3</ele><time>2026-05-02T01:21:12.004Z</time></trkpt>
      <trkpt lat="10.5813163" lon="104.1263975"><ele>11.2</ele><time>2026-05-02T01:21:12.313Z</time></trkpt>
      <trkpt lat="10.5813200" lon="104.1264174"><ele>11.4</ele><time>2026-05-02T01:21:13.005Z</time></trkpt>
      <trkpt lat="10.5813341" lon="104.1264375"><ele>11.8</ele><time>2026-05-02T01:21:14.004Z</time></trkpt>
      <trkpt lat="10.5813495" lon="104.1264550"><ele>12.4</ele><time>2026-05-02T01:21:15.005Z</time></trkpt>
      <trkpt lat="10.5813576" lon="104.1264685"><ele>12.9</ele><time>2026-05-02T01:21:16.004Z</time></trkpt>
      <trkpt lat="10.5813637" lon="104.1264772"><ele>13.3</ele><time>2026-05-02T01:21:17.005Z</time></trkpt>
      <trkpt lat="10.5813672" lon="104.1264847"><ele>13.7</ele><time>2026-05-02T01:21:18.005Z</time></trkpt>
      <trkpt lat="10.5813700" lon="104.1264904"><ele>14.3</ele><time>2026-05-02T01:21:19.006Z</time></trkpt>
      <trkpt lat="10.5813798" lon="104.1264980"><ele>15.3</ele><time>2026-05-02T01:21:21.004Z</time></trkpt>
      <trkpt lat="10.5813846" lon="104.1265037"><ele>15.5</ele><time>2026-05-02T01:21:22.005Z</time></trkpt>
      <trkpt lat="10.5813916" lon="104.1265119"><ele>15.5</ele><time>2026-05-02T01:21:23.005Z</time></trkpt>
      <trkpt lat="10.5813999" lon="104.1265189"><ele>15.2</ele><time>2026-05-02T01:21:24.005Z</time></trkpt>
      <trkpt lat="10.5814086" lon="104.1265265"><ele>14.9</ele><time>2026-05-02T01:21:25.006Z</time></trkpt>
      <trkpt lat="10.5814176" lon="104.1265362"><ele>14.8</ele><time>2026-05-02T01:21:26.006Z</time></trkpt>
      <trkpt lat="10.5814265" lon="104.1265466"><ele>14.9</ele><time>2026-05-02T01:21:27.005Z</time></trkpt>
      <trkpt lat="10.5814350" lon="104.1265565"><ele>15.1</ele><time>2026-05-02T01:21:28.006Z</time></trkpt>
      <trkpt lat="10.5814410" lon="104.1265647"><ele>15.3</ele><time>2026-05-02T01:21:29.004Z</time></trkpt>
      <trkpt lat="10.5814478" lon="104.1265751"><ele>15.4</ele><time>2026-05-02T01:21:30.004Z</time></trkpt>
      <trkpt lat="10.5814543" lon="104.1265866"><ele>15.3</ele><time>2026-05-02T01:21:31.005Z</time></trkpt>
      <trkpt lat="10.5814600" lon="104.1265973"><ele>15.3</ele><time>2026-05-02T01:21:32.005Z</time></trkpt>
      <trkpt lat="10.5814683" lon="104.1266053"><ele>15.4</ele><time>2026-05-02T01:21:33.005Z</time></trkpt>
      <trkpt lat="10.5814772" lon="104.1266140"><ele>15.5</ele><time>2026-05-02T01:21:34.005Z</time></trkpt>
      <trkpt lat="10.5814871" lon="104.1266229"><ele>15.2</ele><time>2026-05-02T01:21:35.004Z</time></trkpt>
      <trkpt lat="10.5814972" lon="104.1266336"><ele>14.5</ele><time>2026-05-02T01:21:36.005Z</time></trkpt>
      <trkpt lat="10.5815065" lon="104.1266446"><ele>13.8</ele><time>2026-05-02T01:21:37.004Z</time></trkpt>
      <trkpt lat="10.5815145" lon="104.1266576"><ele>13.2</ele><time>2026-05-02T01:21:38.006Z</time></trkpt>
      <trkpt lat="10.5815207" lon="104.1266674"><ele>13.0</ele><time>2026-05-02T01:21:39.004Z</time></trkpt>
      <trkpt lat="10.5815261" lon="104.1266767"><ele>12.4</ele><time>2026-05-02T01:21:40.005Z</time></trkpt>
      <trkpt lat="10.5815325" lon="104.1266863"><ele>12.1</ele><time>2026-05-02T01:21:41.005Z</time></trkpt>
      <trkpt lat="10.5815369" lon="104.1266963"><ele>11.7</ele><time>2026-05-02T01:21:42.004Z</time></trkpt>
      <trkpt lat="10.5815403" lon="104.1267059"><ele>11.7</ele><time>2026-05-02T01:21:43.005Z</time></trkpt>
      <trkpt lat="10.5815447" lon="104.1267149"><ele>11.7</ele><time>2026-05-02T01:21:44.004Z</time></trkpt>
      <trkpt lat="10.5815508" lon="104.1267227"><ele>11.8</ele><time>2026-05-02T01:21:45.005Z</time></trkpt>
      <trkpt lat="10.5815559" lon="104.1267304"><ele>11.9</ele><time>2026-05-02T01:21:46.005Z</time></trkpt>
      <trkpt lat="10.5815615" lon="104.1267384"><ele>12.1</ele><time>2026-05-02T01:21:47.005Z</time></trkpt>
      <trkpt lat="10.5815665" lon="104.1267461"><ele>12.2</ele><time>2026-05-02T01:21:48.005Z</time></trkpt>
      <trkpt lat="10.5815714" lon="104.1267478"><ele>12.3</ele><time>2026-05-02T01:21:53.005Z</time></trkpt>
      <trkpt lat="10.5815827" lon="104.1267565"><ele>13.2</ele><time>2026-05-02T01:22:02.005Z</time></trkpt>
      <trkpt lat="10.5815943" lon="104.1267629"><ele>13.3</ele><time>2026-05-02T01:22:03.004Z</time></trkpt>
      <trkpt lat="10.5816021" lon="104.1267733"><ele>13.2</ele><time>2026-05-02T01:22:04.005Z</time></trkpt>
      <trkpt lat="10.5816061" lon="104.1267834"><ele>13.3</ele><time>2026-05-02T01:22:05.004Z</time></trkpt>
      <trkpt lat="10.5816110" lon="104.1267894"><ele>13.1</ele><time>2026-05-02T01:22:06.005Z</time></trkpt>
      <trkpt lat="10.5816162" lon="104.1267942"><ele>13.3</ele><time>2026-05-02T01:22:07.005Z</time></trkpt>
      <trkpt lat="10.5816253" lon="104.1268042"><ele>14.2</ele><time>2026-05-02T01:23:57.005Z</time></trkpt>
      <trkpt lat="10.5816280" lon="104.1268128"><ele>14.1</ele><time>2026-05-02T01:23:58.005Z</time></trkpt>
      <trkpt lat="10.5816309" lon="104.1268203"><ele>14.0</ele><time>2026-05-02T01:23:59.005Z</time></trkpt>
      <trkpt lat="10.5816370" lon="104.1268281"><ele>14.0</ele><time>2026-05-02T01:24:03.005Z</time></trkpt>
      <trkpt lat="10.5816443" lon="104.1268358"><ele>13.8</ele><time>2026-05-02T01:24:04.003Z</time></trkpt>
      <trkpt lat="10.5816508" lon="104.1268438"><ele>13.6</ele><time>2026-05-02T01:24:05.005Z</time></trkpt>
      <trkpt lat="10.5816618" lon="104.1268564"><ele>13.5</ele><time>2026-05-02T01:24:06.004Z</time></trkpt>
      <trkpt lat="10.5816740" lon="104.1268729"><ele>13.4</ele><time>2026-05-02T01:24:07.004Z</time></trkpt>
      <trkpt lat="10.5816911" lon="104.1268835"><ele>13.5</ele><time>2026-05-02T01:24:08.005Z</time></trkpt>
      <trkpt lat="10.5817090" lon="104.1268975"><ele>13.5</ele><time>2026-05-02T01:24:09.004Z</time></trkpt>
      <trkpt lat="10.5817226" lon="104.1269161"><ele>13.6</ele><time>2026-05-02T01:24:10.005Z</time></trkpt>
      <trkpt lat="10.5817383" lon="104.1269317"><ele>13.7</ele><time>2026-05-02T01:24:11.005Z</time></trkpt>
      <trkpt lat="10.5817571" lon="104.1269488"><ele>14.0</ele><time>2026-05-02T01:24:12.004Z</time></trkpt>
      <trkpt lat="10.5817770" lon="104.1269703"><ele>14.0</ele><time>2026-05-02T01:24:13.003Z</time></trkpt>
      <trkpt lat="10.5817987" lon="104.1269904"><ele>14.0</ele><time>2026-05-02T01:24:14.005Z</time></trkpt>
      <trkpt lat="10.5818248" lon="104.1270105"><ele>14.1</ele><time>2026-05-02T01:24:15.004Z</time></trkpt>
      <trkpt lat="10.5818481" lon="104.1270303"><ele>14.4</ele><time>2026-05-02T01:24:16.004Z</time></trkpt>
      <trkpt lat="10.5818591" lon="104.1270485"><ele>14.6</ele><time>2026-05-02T01:24:17.004Z</time></trkpt>
      <trkpt lat="10.5818608" lon="104.1270567"><ele>14.6</ele><time>2026-05-02T01:24:18.004Z</time></trkpt>
      <trkpt lat="10.5818553" lon="104.1270676"><ele>14.4</ele><time>2026-05-02T01:24:32.005Z</time></trkpt>
      <trkpt lat="10.5818631" lon="104.1270692"><ele>14.6</ele><time>2026-05-02T01:24:33.003Z</time></trkpt>
      <trkpt lat="10.5818714" lon="104.1270730"><ele>14.8</ele><time>2026-05-02T01:24:34.004Z</time></trkpt>
      <trkpt lat="10.5818827" lon="104.1270803"><ele>15.1</ele><time>2026-05-02T01:24:35.004Z</time></trkpt>
      <trkpt lat="10.5818965" lon="104.1270911"><ele>15.3</ele><time>2026-05-02T01:24:36.004Z</time></trkpt>
      <trkpt lat="10.5819119" lon="104.1271088"><ele>15.5</ele><time>2026-05-02T01:24:37.004Z</time></trkpt>
      <trkpt lat="10.5819268" lon="104.1271328"><ele>15.7</ele><time>2026-05-02T01:24:38.004Z</time></trkpt>
      <trkpt lat="10.5819450" lon="104.1271572"><ele>16.0</ele><time>2026-05-02T01:24:39.004Z</time></trkpt>
      <trkpt lat="10.5819654" lon="104.1271789"><ele>16.3</ele><time>2026-05-02T01:24:40.003Z</time></trkpt>
      <trkpt lat="10.5819857" lon="104.1271994"><ele>16.6</ele><time>2026-05-02T01:24:41.004Z</time></trkpt>
      <trkpt lat="10.5820096" lon="104.1272181"><ele>16.7</ele><time>2026-05-02T01:24:42.004Z</time></trkpt>
      <trkpt lat="10.5820328" lon="104.1272358"><ele>16.7</ele><time>2026-05-02T01:24:43.003Z</time></trkpt>
      <trkpt lat="10.5820486" lon="104.1272614"><ele>16.4</ele><time>2026-05-02T01:24:44.004Z</time></trkpt>
      <trkpt lat="10.5820621" lon="104.1272882"><ele>16.2</ele><time>2026-05-02T01:24:45.004Z</time></trkpt>
      <trkpt lat="10.5820791" lon="104.1273122"><ele>16.0</ele><time>2026-05-02T01:24:46.004Z</time></trkpt>
      <trkpt lat="10.5821022" lon="104.1273291"><ele>15.8</ele><time>2026-05-02T01:24:47.003Z</time></trkpt>
      <trkpt lat="10.5821256" lon="104.1273397"><ele>15.5</ele><time>2026-05-02T01:24:48.004Z</time></trkpt>
      <trkpt lat="10.5821468" lon="104.1273471"><ele>15.1</ele><time>2026-05-02T01:24:49.005Z</time></trkpt>
      <trkpt lat="10.5821638" lon="104.1273614"><ele>14.9</ele><time>2026-05-02T01:24:50.005Z</time></trkpt>
      <trkpt lat="10.5821766" lon="104.1273838"><ele>14.8</ele><time>2026-05-02T01:24:51.003Z</time></trkpt>
      <trkpt lat="10.5821930" lon="104.1274059"><ele>14.7</ele><time>2026-05-02T01:24:52.005Z</time></trkpt>
      <trkpt lat="10.5822108" lon="104.1274278"><ele>14.9</ele><time>2026-05-02T01:24:53.004Z</time></trkpt>
      <trkpt lat="10.5822272" lon="104.1274499"><ele>15.0</ele><time>2026-05-02T01:24:54.004Z</time></trkpt>
      <trkpt lat="10.5822430" lon="104.1274714"><ele>15.2</ele><time>2026-05-02T01:24:55.004Z</time></trkpt>
      <trkpt lat="10.5822596" lon="104.1274956"><ele>15.1</ele><time>2026-05-02T01:24:56.004Z</time></trkpt>
      <trkpt lat="10.5822767" lon="104.1275180"><ele>14.9</ele><time>2026-05-02T01:24:57.005Z</time></trkpt>
      <trkpt lat="10.5822932" lon="104.1275397"><ele>14.8</ele><time>2026-05-02T01:24:58.004Z</time></trkpt>
      <trkpt lat="10.5823119" lon="104.1275586"><ele>14.7</ele><time>2026-05-02T01:24:59.004Z</time></trkpt>
      <trkpt lat="10.5823327" lon="104.1275740"><ele>14.7</ele><time>2026-05-02T01:25:00.004Z</time></trkpt>
      <trkpt lat="10.5823544" lon="104.1275866"><ele>14.7</ele><time>2026-05-02T01:25:01.005Z</time></trkpt>
      <trkpt lat="10.5823778" lon="104.1276049"><ele>14.7</ele><time>2026-05-02T01:25:02.004Z</time></trkpt>
      <trkpt lat="10.5823913" lon="104.1276262"><ele>14.6</ele><time>2026-05-02T01:25:03.004Z</time></trkpt>
      <trkpt lat="10.5824030" lon="104.1276501"><ele>14.5</ele><time>2026-05-02T01:25:04.005Z</time></trkpt>
      <trkpt lat="10.5824197" lon="104.1276723"><ele>14.5</ele><time>2026-05-02T01:25:05.006Z</time></trkpt>
      <trkpt lat="10.5824407" lon="104.1276948"><ele>14.5</ele><time>2026-05-02T01:25:06.004Z</time></trkpt>
      <trkpt lat="10.5824579" lon="104.1277174"><ele>14.3</ele><time>2026-05-02T01:25:07.004Z</time></trkpt>
      <trkpt lat="10.5824757" lon="104.1277387"><ele>14.0</ele><time>2026-05-02T01:25:08.004Z</time></trkpt>
      <trkpt lat="10.5824960" lon="104.1277590"><ele>13.0</ele><time>2026-05-02T01:25:09.005Z</time></trkpt>
      <trkpt lat="10.5825152" lon="104.1277832"><ele>12.5</ele><time>2026-05-02T01:25:10.004Z</time></trkpt>
      <trkpt lat="10.5825318" lon="104.1278041"><ele>12.1</ele><time>2026-05-02T01:25:11.004Z</time></trkpt>
      <trkpt lat="10.5825519" lon="104.1278235"><ele>12.6</ele><time>2026-05-02T01:25:12.004Z</time></trkpt>
      <trkpt lat="10.5825725" lon="104.1278458"><ele>12.9</ele><time>2026-05-02T01:25:13.005Z</time></trkpt>
      <trkpt lat="10.5825918" lon="104.1278713"><ele>13.1</ele><time>2026-05-02T01:25:14.006Z</time></trkpt>
      <trkpt lat="10.5826095" lon="104.1278969"><ele>13.5</ele><time>2026-05-02T01:25:15.004Z</time></trkpt>
      <trkpt lat="10.5826240" lon="104.1279203"><ele>13.5</ele><time>2026-05-02T01:25:16.004Z</time></trkpt>
      <trkpt lat="10.5826351" lon="104.1279374"><ele>13.6</ele><time>2026-05-02T01:25:17.004Z</time></trkpt>
      <trkpt lat="10.5826394" lon="104.1279489"><ele>12.8</ele><time>2026-05-02T01:25:18.005Z</time></trkpt>
      <trkpt lat="10.5826417" lon="104.1279550"><ele>12.3</ele><time>2026-05-02T01:25:19.005Z</time></trkpt>
      <trkpt lat="10.5826438" lon="104.1279630"><ele>14.0</ele><time>2026-05-02T01:26:34.005Z</time></trkpt>
      <trkpt lat="10.5826516" lon="104.1279747"><ele>14.0</ele><time>2026-05-02T01:26:35.004Z</time></trkpt>
      <trkpt lat="10.5826595" lon="104.1279910"><ele>13.7</ele><time>2026-05-02T01:26:36.003Z</time></trkpt>
      <trkpt lat="10.5826727" lon="104.1280077"><ele>13.4</ele><time>2026-05-02T01:26:37.004Z</time></trkpt>
      <trkpt lat="10.5826842" lon="104.1280266"><ele>13.4</ele><time>2026-05-02T01:26:38.004Z</time></trkpt>
      <trkpt lat="10.5826966" lon="104.1280467"><ele>13.4</ele><time>2026-05-02T01:26:39.003Z</time></trkpt>
      <trkpt lat="10.5827084" lon="104.1280683"><ele>13.5</ele><time>2026-05-02T01:26:40.004Z</time></trkpt>
      <trkpt lat="10.5827207" lon="104.1280909"><ele>13.3</ele><time>2026-05-02T01:26:41.004Z</time></trkpt>
      <trkpt lat="10.5827368" lon="104.1281117"><ele>13.1</ele><time>2026-05-02T01:26:42.005Z</time></trkpt>
      <trkpt lat="10.5827551" lon="104.1281274"><ele>13.0</ele><time>2026-05-02T01:26:43.003Z</time></trkpt>
      <trkpt lat="10.5827691" lon="104.1281385"><ele>13.1</ele><time>2026-05-02T01:26:44.003Z</time></trkpt>
      <trkpt lat="10.5827764" lon="104.1281569"><ele>13.2</ele><time>2026-05-02T01:26:45.004Z</time></trkpt>
      <trkpt lat="10.5827832" lon="104.1281800"><ele>13.1</ele><time>2026-05-02T01:26:46.004Z</time></trkpt>
      <trkpt lat="10.5827967" lon="104.1281985"><ele>13.2</ele><time>2026-05-02T01:26:47.003Z</time></trkpt>
      <trkpt lat="10.5828110" lon="104.1282174"><ele>13.1</ele><time>2026-05-02T01:26:48.003Z</time></trkpt>
      <trkpt lat="10.5828242" lon="104.1282393"><ele>13.4</ele><time>2026-05-02T01:26:49.004Z</time></trkpt>
      <trkpt lat="10.5828361" lon="104.1282625"><ele>13.7</ele><time>2026-05-02T01:26:50.005Z</time></trkpt>
      <trkpt lat="10.5828477" lon="104.1282859"><ele>13.9</ele><time>2026-05-02T01:26:51.004Z</time></trkpt>
      <trkpt lat="10.5828602" lon="104.1283081"><ele>14.0</ele><time>2026-05-02T01:26:52.004Z</time></trkpt>
      <trkpt lat="10.5828742" lon="104.1283293"><ele>13.8</ele><time>2026-05-02T01:26:53.004Z</time></trkpt>
      <trkpt lat="10.5828878" lon="104.1283493"><ele>13.7</ele><time>2026-05-02T01:26:54.003Z</time></trkpt>
      <trkpt lat="10.5829036" lon="104.1283678"><ele>13.8</ele><time>2026-05-02T01:26:55.004Z</time></trkpt>
      <trkpt lat="10.5829195" lon="104.1283874"><ele>13.9</ele><time>2026-05-02T01:26:56.004Z</time></trkpt>
      <trkpt lat="10.5829348" lon="104.1284089"><ele>14.0</ele><time>2026-05-02T01:26:57.003Z</time></trkpt>
      <trkpt lat="10.5829505" lon="104.1284302"><ele>14.0</ele><time>2026-05-02T01:26:58.004Z</time></trkpt>
      <trkpt lat="10.5829659" lon="104.1284519"><ele>13.9</ele><time>2026-05-02T01:26:59.004Z</time></trkpt>
      <trkpt lat="10.5829818" lon="104.1284724"><ele>13.8</ele><time>2026-05-02T01:27:00.003Z</time></trkpt>
      <trkpt lat="10.5830000" lon="104.1284911"><ele>13.6</ele><time>2026-05-02T01:27:01.005Z</time></trkpt>
      <trkpt lat="10.5830153" lon="104.1285135"><ele>13.5</ele><time>2026-05-02T01:27:02.003Z</time></trkpt>
      <trkpt lat="10.5830313" lon="104.1285389"><ele>13.4</ele><time>2026-05-02T01:27:03.005Z</time></trkpt>
      <trkpt lat="10.5830494" lon="104.1285620"><ele>13.3</ele><time>2026-05-02T01:27:04.004Z</time></trkpt>
      <trkpt lat="10.5830694" lon="104.1285825"><ele>13.2</ele><time>2026-05-02T01:27:05.004Z</time></trkpt>
      <trkpt lat="10.5830897" lon="104.1286028"><ele>13.2</ele><time>2026-05-02T01:27:06.004Z</time></trkpt>
      <trkpt lat="10.5831084" lon="104.1286221"><ele>13.2</ele><time>2026-05-02T01:27:07.004Z</time></trkpt>
      <trkpt lat="10.5831223" lon="104.1286446"><ele>12.9</ele><time>2026-05-02T01:27:08.003Z</time></trkpt>
      <trkpt lat="10.5831331" lon="104.1286635"><ele>12.6</ele><time>2026-05-02T01:27:09.005Z</time></trkpt>
      <trkpt lat="10.5831390" lon="104.1286817"><ele>12.3</ele><time>2026-05-02T01:27:10.005Z</time></trkpt>
      <trkpt lat="10.5831393" lon="104.1287015"><ele>12.4</ele><time>2026-05-02T01:27:11.004Z</time></trkpt>
      <trkpt lat="10.5831293" lon="104.1287229"><ele>12.3</ele><time>2026-05-02T01:27:12.004Z</time></trkpt>
      <trkpt lat="10.5831196" lon="104.1287389"><ele>11.9</ele><time>2026-05-02T01:27:13.004Z</time></trkpt>
      <trkpt lat="10.5831141" lon="104.1287533"><ele>11.4</ele><time>2026-05-02T01:27:14.004Z</time></trkpt>
      <trkpt lat="10.5831107" lon="104.1287595"><ele>11.1</ele><time>2026-05-02T01:27:15.004Z</time></trkpt>
      <trkpt lat="10.5831030" lon="104.1287641"><ele>11.3</ele><time>2026-05-02T01:27:16.004Z</time></trkpt>
      <trkpt lat="10.5830938" lon="104.1287703"><ele>11.8</ele><time>2026-05-02T01:27:17.004Z</time></trkpt>
      <trkpt lat="10.5830870" lon="104.1287771"><ele>12.2</ele><time>2026-05-02T01:27:18.003Z</time></trkpt>
      <trkpt lat="10.5830829" lon="104.1287849"><ele>12.4</ele><time>2026-05-02T01:27:19.004Z</time></trkpt>
      <trkpt lat="10.5830784" lon="104.1287992"><ele>12.4</ele><time>2026-05-02T01:27:20.004Z</time></trkpt>
      <trkpt lat="10.5830761" lon="104.1288120"><ele>12.4</ele><time>2026-05-02T01:27:21.003Z</time></trkpt>
      <trkpt lat="10.5830828" lon="104.1288267"><ele>12.2</ele><time>2026-05-02T01:27:22.004Z</time></trkpt>
      <trkpt lat="10.5830916" lon="104.1288433"><ele>12.0</ele><time>2026-05-02T01:27:23.004Z</time></trkpt>
      <trkpt lat="10.5830989" lon="104.1288646"><ele>11.7</ele><time>2026-05-02T01:27:24.005Z</time></trkpt>
      <trkpt lat="10.5831075" lon="104.1288896"><ele>11.6</ele><time>2026-05-02T01:27:25.004Z</time></trkpt>
      <trkpt lat="10.5831226" lon="104.1289147"><ele>11.7</ele><time>2026-05-02T01:27:26.005Z</time></trkpt>
      <trkpt lat="10.5831408" lon="104.1289316"><ele>12.0</ele><time>2026-05-02T01:27:27.003Z</time></trkpt>
      <trkpt lat="10.5831562" lon="104.1289449"><ele>12.2</ele><time>2026-05-02T01:27:28.004Z</time></trkpt>
      <trkpt lat="10.5831681" lon="104.1289610"><ele>12.1</ele><time>2026-05-02T01:27:29.005Z</time></trkpt>
      <trkpt lat="10.5831812" lon="104.1289835"><ele>12.1</ele><time>2026-05-02T01:27:30.004Z</time></trkpt>
      <trkpt lat="10.5831967" lon="104.1290074"><ele>12.5</ele><time>2026-05-02T01:27:31.004Z</time></trkpt>
      <trkpt lat="10.5832139" lon="104.1290315"><ele>13.1</ele><time>2026-05-02T01:27:32.003Z</time></trkpt>
      <trkpt lat="10.5832354" lon="104.1290521"><ele>13.8</ele><time>2026-05-02T01:27:33.004Z</time></trkpt>
      <trkpt lat="10.5832600" lon="104.1290724"><ele>13.9</ele><time>2026-05-02T01:27:34.005Z</time></trkpt>
      <trkpt lat="10.5832782" lon="104.1290928"><ele>14.1</ele><time>2026-05-02T01:27:35.004Z</time></trkpt>
      <trkpt lat="10.5832890" lon="104.1291194"><ele>14.2</ele><time>2026-05-02T01:27:36.004Z</time></trkpt>
      <trkpt lat="10.5832993" lon="104.1291504"><ele>14.6</ele><time>2026-05-02T01:27:37.004Z</time></trkpt>
      <trkpt lat="10.5833143" lon="104.1291762"><ele>14.8</ele><time>2026-05-02T01:27:38.004Z</time></trkpt>
      <trkpt lat="10.5833315" lon="104.1292009"><ele>15.1</ele><time>2026-05-02T01:27:39.004Z</time></trkpt>
      <trkpt lat="10.5833523" lon="104.1292239"><ele>15.3</ele><time>2026-05-02T01:27:40.004Z</time></trkpt>
      <trkpt lat="10.5833742" lon="104.1292470"><ele>15.8</ele><time>2026-05-02T01:27:41.004Z</time></trkpt>
      <trkpt lat="10.5833958" lon="104.1292711"><ele>16.4</ele><time>2026-05-02T01:27:42.004Z</time></trkpt>
      <trkpt lat="10.5834158" lon="104.1292968"><ele>17.0</ele><time>2026-05-02T01:27:43.003Z</time></trkpt>
      <trkpt lat="10.5834358" lon="104.1293213"><ele>17.4</ele><time>2026-05-02T01:27:44.004Z</time></trkpt>
      <trkpt lat="10.5834587" lon="104.1293428"><ele>17.5</ele><time>2026-05-02T01:27:45.004Z</time></trkpt>
      <trkpt lat="10.5834801" lon="104.1293664"><ele>17.6</ele><time>2026-05-02T01:27:46.004Z</time></trkpt>
      <trkpt lat="10.5834986" lon="104.1293927"><ele>17.7</ele><time>2026-05-02T01:27:47.004Z</time></trkpt>
      <trkpt lat="10.5835186" lon="104.1294181"><ele>17.8</ele><time>2026-05-02T01:27:48.005Z</time></trkpt>
      <trkpt lat="10.5835392" lon="104.1294412"><ele>17.6</ele><time>2026-05-02T01:27:49.004Z</time></trkpt>
      <trkpt lat="10.5835584" lon="104.1294647"><ele>17.3</ele><time>2026-05-02T01:27:50.004Z</time></trkpt>
      <trkpt lat="10.5835765" lon="104.1294917"><ele>17.3</ele><time>2026-05-02T01:27:51.003Z</time></trkpt>
      <trkpt lat="10.5835939" lon="104.1295197"><ele>17.2</ele><time>2026-05-02T01:27:52.004Z</time></trkpt>
      <trkpt lat="10.5836140" lon="104.1295448"><ele>17.1</ele><time>2026-05-02T01:27:53.003Z</time></trkpt>
      <trkpt lat="10.5836355" lon="104.1295679"><ele>17.3</ele><time>2026-05-02T01:27:54.003Z</time></trkpt>
      <trkpt lat="10.5836561" lon="104.1295918"><ele>17.5</ele><time>2026-05-02T01:27:55.005Z</time></trkpt>
      <trkpt lat="10.5836785" lon="104.1296134"><ele>17.7</ele><time>2026-05-02T01:27:56.003Z</time></trkpt>
      <trkpt lat="10.5837018" lon="104.1296349"><ele>17.6</ele><time>2026-05-02T01:27:57.004Z</time></trkpt>
      <trkpt lat="10.5837219" lon="104.1296565"><ele>17.5</ele><time>2026-05-02T01:27:58.005Z</time></trkpt>
      <trkpt lat="10.5837418" lon="104.1296791"><ele>17.7</ele><time>2026-05-02T01:27:59.003Z</time></trkpt>
      <trkpt lat="10.5837631" lon="104.1296990"><ele>17.7</ele><time>2026-05-02T01:28:00.004Z</time></trkpt>
      <trkpt lat="10.5837818" lon="104.1297186"><ele>18.2</ele><time>2026-05-02T01:28:01.005Z</time></trkpt>
      <trkpt lat="10.5838015" lon="104.1297323"><ele>18.6</ele><time>2026-05-02T01:28:02.004Z</time></trkpt>
      <trkpt lat="10.5838175" lon="104.1297485"><ele>19.1</ele><time>2026-05-02T01:28:03.004Z</time></trkpt>
      <trkpt lat="10.5838323" lon="104.1297620"><ele>19.3</ele><time>2026-05-02T01:28:04.003Z</time></trkpt>
      <trkpt lat="10.5838453" lon="104.1297774"><ele>19.4</ele><time>2026-05-02T01:28:05.004Z</time></trkpt>
      <trkpt lat="10.5838569" lon="104.1297975"><ele>19.3</ele><time>2026-05-02T01:28:06.004Z</time></trkpt>
      <trkpt lat="10.5838736" lon="104.1298183"><ele>19.1</ele><time>2026-05-02T01:28:07.005Z</time></trkpt>
      <trkpt lat="10.5838919" lon="104.1298398"><ele>18.7</ele><time>2026-05-02T01:28:08.003Z</time></trkpt>
      <trkpt lat="10.5839100" lon="104.1298596"><ele>18.5</ele><time>2026-05-02T01:28:09.004Z</time></trkpt>
      <trkpt lat="10.5839290" lon="104.1298794"><ele>18.4</ele><time>2026-05-02T01:28:10.004Z</time></trkpt>
      <trkpt lat="10.5839454" lon="104.1298997"><ele>18.5</ele><time>2026-05-02T01:28:11.004Z</time></trkpt>
      <trkpt lat="10.5839628" lon="104.1299140"><ele>18.5</ele><time>2026-05-02T01:28:12.004Z</time></trkpt>
      <trkpt lat="10.5839824" lon="104.1299300"><ele>18.0</ele><time>2026-05-02T01:28:13.003Z</time></trkpt>
      <trkpt lat="10.5840073" lon="104.1299485"><ele>17.6</ele><time>2026-05-02T01:28:14.003Z</time></trkpt>
      <trkpt lat="10.5840322" lon="104.1299709"><ele>17.2</ele><time>2026-05-02T01:28:15.004Z</time></trkpt>
      <trkpt lat="10.5840535" lon="104.1299990"><ele>17.1</ele><time>2026-05-02T01:28:16.003Z</time></trkpt>
      <trkpt lat="10.5840747" lon="104.1300267"><ele>16.9</ele><time>2026-05-02T01:28:17.004Z</time></trkpt>
      <trkpt lat="10.5840990" lon="104.1300463"><ele>17.1</ele><time>2026-05-02T01:28:18.003Z</time></trkpt>
      <trkpt lat="10.5841247" lon="104.1300604"><ele>17.3</ele><time>2026-05-02T01:28:19.005Z</time></trkpt>
      <trkpt lat="10.5841517" lon="104.1300742"><ele>17.7</ele><time>2026-05-02T01:28:20.004Z</time></trkpt>
      <trkpt lat="10.5841803" lon="104.1300867"><ele>18.1</ele><time>2026-05-02T01:28:21.004Z</time></trkpt>
      <trkpt lat="10.5842094" lon="104.1300992"><ele>18.6</ele><time>2026-05-02T01:28:22.004Z</time></trkpt>
      <trkpt lat="10.5842370" lon="104.1301108"><ele>18.9</ele><time>2026-05-02T01:28:23.003Z</time></trkpt>
      <trkpt lat="10.5842647" lon="104.1301226"><ele>18.9</ele><time>2026-05-02T01:28:24.004Z</time></trkpt>
      <trkpt lat="10.5842941" lon="104.1301327"><ele>18.8</ele><time>2026-05-02T01:28:25.004Z</time></trkpt>
      <trkpt lat="10.5843230" lon="104.1301469"><ele>18.7</ele><time>2026-05-02T01:28:26.005Z</time></trkpt>
      <trkpt lat="10.5843511" lon="104.1301639"><ele>18.6</ele><time>2026-05-02T01:28:27.004Z</time></trkpt>
      <trkpt lat="10.5843709" lon="104.1301876"><ele>18.2</ele><time>2026-05-02T01:28:28.004Z</time></trkpt>
      <trkpt lat="10.5843917" lon="104.1302117"><ele>18.0</ele><time>2026-05-02T01:28:29.004Z</time></trkpt>
      <trkpt lat="10.5844062" lon="104.1302373"><ele>18.0</ele><time>2026-05-02T01:28:30.004Z</time></trkpt>
      <trkpt lat="10.5844105" lon="104.1302516"><ele>17.9</ele><time>2026-05-02T01:28:31.004Z</time></trkpt>
      <trkpt lat="10.5844151" lon="104.1302594"><ele>18.0</ele><time>2026-05-02T01:28:32.004Z</time></trkpt>
      <trkpt lat="10.5844173" lon="104.1302665"><ele>19.0</ele><time>2026-05-02T01:28:39.004Z</time></trkpt>
      <trkpt lat="10.5844328" lon="104.1302676"><ele>19.1</ele><time>2026-05-02T01:28:40.003Z</time></trkpt>
      <trkpt lat="10.5844532" lon="104.1302753"><ele>19.0</ele><time>2026-05-02T01:28:41.003Z</time></trkpt>
      <trkpt lat="10.5844747" lon="104.1302873"><ele>19.1</ele><time>2026-05-02T01:28:42.003Z</time></trkpt>
      <trkpt lat="10.5844917" lon="104.1303006"><ele>19.1</ele><time>2026-05-02T01:28:43.003Z</time></trkpt>
      <trkpt lat="10.5845089" lon="104.1303136"><ele>19.2</ele><time>2026-05-02T01:28:44.005Z</time></trkpt>
      <trkpt lat="10.5845268" lon="104.1303275"><ele>19.1</ele><time>2026-05-02T01:28:45.004Z</time></trkpt>
      <trkpt lat="10.5845491" lon="104.1303381"><ele>18.7</ele><time>2026-05-02T01:28:46.004Z</time></trkpt>
      <trkpt lat="10.5845768" lon="104.1303450"><ele>18.5</ele><time>2026-05-02T01:28:47.003Z</time></trkpt>
      <trkpt lat="10.5846071" lon="104.1303505"><ele>18.4</ele><time>2026-05-02T01:28:48.004Z</time></trkpt>
      <trkpt lat="10.5846378" lon="104.1303560"><ele>18.7</ele><time>2026-05-02T01:28:49.004Z</time></trkpt>
      <trkpt lat="10.5846706" lon="104.1303608"><ele>18.7</ele><time>2026-05-02T01:28:50.003Z</time></trkpt>
      <trkpt lat="10.5847066" lon="104.1303668"><ele>18.6</ele><time>2026-05-02T01:28:51.003Z</time></trkpt>
      <trkpt lat="10.5847435" lon="104.1303797"><ele>18.6</ele><time>2026-05-02T01:28:52.004Z</time></trkpt>
      <trkpt lat="10.5847796" lon="104.1303987"><ele>18.5</ele><time>2026-05-02T01:28:53.004Z</time></trkpt>
      <trkpt lat="10.5848173" lon="104.1304199"><ele>18.5</ele><time>2026-05-02T01:28:54.004Z</time></trkpt>
      <trkpt lat="10.5848545" lon="104.1304406"><ele>18.4</ele><time>2026-05-02T01:28:55.005Z</time></trkpt>
      <trkpt lat="10.5848915" lon="104.1304587"><ele>18.4</ele><time>2026-05-02T01:28:56.003Z</time></trkpt>
      <trkpt lat="10.5849287" lon="104.1304764"><ele>18.3</ele><time>2026-05-02T01:28:57.004Z</time></trkpt>
      <trkpt lat="10.5849656" lon="104.1304920"><ele>18.1</ele><time>2026-05-02T01:28:58.004Z</time></trkpt>
      <trkpt lat="10.5850027" lon="104.1305048"><ele>17.9</ele><time>2026-05-02T01:28:59.004Z</time></trkpt>
      <trkpt lat="10.5850416" lon="104.1305132"><ele>17.8</ele><time>2026-05-02T01:29:00.003Z</time></trkpt>
      <trkpt lat="10.5850842" lon="104.1305192"><ele>17.6</ele><time>2026-05-02T01:29:01.004Z</time></trkpt>
      <trkpt lat="10.5851262" lon="104.1305249"><ele>17.7</ele><time>2026-05-02T01:29:02.002Z</time></trkpt>
      <trkpt lat="10.5851682" lon="104.1305312"><ele>17.6</ele><time>2026-05-02T01:29:03.003Z</time></trkpt>
      <trkpt lat="10.5852103" lon="104.1305378"><ele>17.5</ele><time>2026-05-02T01:29:04.004Z</time></trkpt>
      <trkpt lat="10.5852520" lon="104.1305442"><ele>17.5</ele><time>2026-05-02T01:29:05.004Z</time></trkpt>
      <trkpt lat="10.5852936" lon="104.1305480"><ele>17.4</ele><time>2026-05-02T01:29:06.003Z</time></trkpt>
      <trkpt lat="10.5853353" lon="104.1305526"><ele>17.3</ele><time>2026-05-02T01:29:07.004Z</time></trkpt>
      <trkpt lat="10.5853771" lon="104.1305586"><ele>17.1</ele><time>2026-05-02T01:29:08.003Z</time></trkpt>
      <trkpt lat="10.5854181" lon="104.1305612"><ele>17.0</ele><time>2026-05-02T01:29:09.003Z</time></trkpt>
      <trkpt lat="10.5854593" lon="104.1305601"><ele>16.8</ele><time>2026-05-02T01:29:10.003Z</time></trkpt>
      <trkpt lat="10.5854983" lon="104.1305572"><ele>16.7</ele><time>2026-05-02T01:29:11.003Z</time></trkpt>
      <trkpt lat="10.5855332" lon="104.1305537"><ele>16.6</ele><time>2026-05-02T01:29:12.004Z</time></trkpt>
      <trkpt lat="10.5855612" lon="104.1305433"><ele>16.6</ele><time>2026-05-02T01:29:13.004Z</time></trkpt>
      <trkpt lat="10.5855862" lon="104.1305266"><ele>16.6</ele><time>2026-05-02T01:29:14.004Z</time></trkpt>
      <trkpt lat="10.5856070" lon="104.1305022"><ele>16.6</ele><time>2026-05-02T01:29:15.004Z</time></trkpt>
      <trkpt lat="10.5856310" lon="104.1304794"><ele>16.6</ele><time>2026-05-02T01:29:16.003Z</time></trkpt>
      <trkpt lat="10.5856523" lon="104.1304549"><ele>16.4</ele><time>2026-05-02T01:29:17.005Z</time></trkpt>
      <trkpt lat="10.5856723" lon="104.1304266"><ele>16.2</ele><time>2026-05-02T01:29:18.003Z</time></trkpt>
      <trkpt lat="10.5856967" lon="104.1304007"><ele>15.9</ele><time>2026-05-02T01:29:19.003Z</time></trkpt>
      <trkpt lat="10.5857194" lon="104.1303737"><ele>15.7</ele><time>2026-05-02T01:29:20.005Z</time></trkpt>
      <trkpt lat="10.5857465" lon="104.1303510"><ele>15.6</ele><time>2026-05-02T01:29:21.003Z</time></trkpt>
      <trkpt lat="10.5857788" lon="104.1303384"><ele>15.4</ele><time>2026-05-02T01:29:22.004Z</time></trkpt>
      <trkpt lat="10.5858103" lon="104.1303232"><ele>15.4</ele><time>2026-05-02T01:29:23.003Z</time></trkpt>
      <trkpt lat="10.5858352" lon="104.1303036"><ele>15.5</ele><time>2026-05-02T01:29:24.004Z</time></trkpt>
      <trkpt lat="10.5858555" lon="104.1302843"><ele>15.6</ele><time>2026-05-02T01:29:25.004Z</time></trkpt>
      <trkpt lat="10.5858722" lon="104.1302580"><ele>15.8</ele><time>2026-05-02T01:29:26.003Z</time></trkpt>
      <trkpt lat="10.5858842" lon="104.1302277"><ele>15.9</ele><time>2026-05-02T01:29:27.004Z</time></trkpt>
      <trkpt lat="10.5858915" lon="104.1301985"><ele>15.9</ele><time>2026-05-02T01:29:28.004Z</time></trkpt>
      <trkpt lat="10.5858932" lon="104.1301749"><ele>16.0</ele><time>2026-05-02T01:29:29.002Z</time></trkpt>
      <trkpt lat="10.5858915" lon="104.1301556"><ele>16.1</ele><time>2026-05-02T01:29:30.002Z</time></trkpt>
      <trkpt lat="10.5858912" lon="104.1301388"><ele>16.1</ele><time>2026-05-02T01:29:31.003Z</time></trkpt>
      <trkpt lat="10.5858942" lon="104.1301145"><ele>15.8</ele><time>2026-05-02T01:29:32.003Z</time></trkpt>
      <trkpt lat="10.5859002" lon="104.1300864"><ele>15.5</ele><time>2026-05-02T01:29:33.005Z</time></trkpt>
      <trkpt lat="10.5859050" lon="104.1300600"><ele>15.2</ele><time>2026-05-02T01:29:34.005Z</time></trkpt>
      <trkpt lat="10.5859127" lon="104.1300369"><ele>15.1</ele><time>2026-05-02T01:29:35.003Z</time></trkpt>
      <trkpt lat="10.5859231" lon="104.1300141"><ele>14.9</ele><time>2026-05-02T01:29:36.005Z</time></trkpt>
      <trkpt lat="10.5859339" lon="104.1299925"><ele>14.5</ele><time>2026-05-02T01:29:37.004Z</time></trkpt>
      <trkpt lat="10.5859506" lon="104.1299771"><ele>14.1</ele><time>2026-05-02T01:29:38.003Z</time></trkpt>
      <trkpt lat="10.5859702" lon="104.1299627"><ele>13.8</ele><time>2026-05-02T01:29:39.004Z</time></trkpt>
      <trkpt lat="10.5859906" lon="104.1299484"><ele>13.5</ele><time>2026-05-02T01:29:40.004Z</time></trkpt>
      <trkpt lat="10.5860164" lon="104.1299350"><ele>13.2</ele><time>2026-05-02T01:29:41.004Z</time></trkpt>
      <trkpt lat="10.5860505" lon="104.1299328"><ele>12.9</ele><time>2026-05-02T01:29:42.003Z</time></trkpt>
      <trkpt lat="10.5860758" lon="104.1299430"><ele>12.9</ele><time>2026-05-02T01:29:43.003Z</time></trkpt>
      <trkpt lat="10.5860909" lon="104.1299540"><ele>13.4</ele><time>2026-05-02T01:29:44.004Z</time></trkpt>
      <trkpt lat="10.5860995" lon="104.1299603"><ele>13.7</ele><time>2026-05-02T01:29:45.003Z</time></trkpt>
      <trkpt lat="10.5861065" lon="104.1299723"><ele>13.7</ele><time>2026-05-02T01:29:47.004Z</time></trkpt>
      <trkpt lat="10.5861161" lon="104.1299820"><ele>13.6</ele><time>2026-05-02T01:29:48.003Z</time></trkpt>
      <trkpt lat="10.5861313" lon="104.1299922"><ele>13.6</ele><time>2026-05-02T01:29:49.005Z</time></trkpt>
      <trkpt lat="10.5861478" lon="104.1300043"><ele>13.4</ele><time>2026-05-02T01:29:50.003Z</time></trkpt>
      <trkpt lat="10.5861659" lon="104.1300174"><ele>13.2</ele><time>2026-05-02T01:29:51.003Z</time></trkpt>
      <trkpt lat="10.5861875" lon="104.1300360"><ele>13.1</ele><time>2026-05-02T01:29:52.003Z</time></trkpt>
      <trkpt lat="10.5862074" lon="104.1300531"><ele>13.0</ele><time>2026-05-02T01:29:53.003Z</time></trkpt>
      <trkpt lat="10.5862309" lon="104.1300739"><ele>12.5</ele><time>2026-05-02T01:29:54.003Z</time></trkpt>
      <trkpt lat="10.5862592" lon="104.1300981"><ele>12.1</ele><time>2026-05-02T01:29:55.005Z</time></trkpt>
      <trkpt lat="10.5862913" lon="104.1301194"><ele>11.7</ele><time>2026-05-02T01:29:56.004Z</time></trkpt>
      <trkpt lat="10.5863261" lon="104.1301325"><ele>11.8</ele><time>2026-05-02T01:29:57.004Z</time></trkpt>
      <trkpt lat="10.5863595" lon="104.1301398"><ele>12.0</ele><time>2026-05-02T01:29:58.003Z</time></trkpt>
      <trkpt lat="10.5863813" lon="104.1301500"><ele>12.6</ele><time>2026-05-02T01:29:59.003Z</time></trkpt>
      <trkpt lat="10.5864013" lon="104.1301617"><ele>13.1</ele><time>2026-05-02T01:30:00.004Z</time></trkpt>
      <trkpt lat="10.5864146" lon="104.1301669"><ele>13.3</ele><time>2026-05-02T01:30:01.003Z</time></trkpt>
      <trkpt lat="10.5864263" lon="104.1301715"><ele>13.1</ele><time>2026-05-02T01:30:02.004Z</time></trkpt>
      <trkpt lat="10.5864408" lon="104.1301799"><ele>13.1</ele><time>2026-05-02T01:30:03.003Z</time></trkpt>
      <trkpt lat="10.5864575" lon="104.1301917"><ele>13.2</ele><time>2026-05-02T01:30:04.004Z</time></trkpt>
      <trkpt lat="10.5864738" lon="104.1302050"><ele>13.4</ele><time>2026-05-02T01:30:05.004Z</time></trkpt>
      <trkpt lat="10.5864914" lon="104.1302183"><ele>13.2</ele><time>2026-05-02T01:30:06.003Z</time></trkpt>
      <trkpt lat="10.5865101" lon="104.1302349"><ele>13.2</ele><time>2026-05-02T01:30:07.003Z</time></trkpt>
      <trkpt lat="10.5865262" lon="104.1302549"><ele>13.3</ele><time>2026-05-02T01:30:08.005Z</time></trkpt>
      <trkpt lat="10.5865409" lon="104.1302766"><ele>13.8</ele><time>2026-05-02T01:30:09.004Z</time></trkpt>
      <trkpt lat="10.5865585" lon="104.1302943"><ele>14.2</ele><time>2026-05-02T01:30:10.004Z</time></trkpt>
      <trkpt lat="10.5865768" lon="104.1303083"><ele>14.5</ele><time>2026-05-02T01:30:11.004Z</time></trkpt>
      <trkpt lat="10.5865953" lon="104.1303208"><ele>14.7</ele><time>2026-05-02T01:30:12.003Z</time></trkpt>
      <trkpt lat="10.5866145" lon="104.1303378"><ele>14.7</ele><time>2026-05-02T01:30:13.003Z</time></trkpt>
      <trkpt lat="10.5866344" lon="104.1303541"><ele>14.6</ele><time>2026-05-02T01:30:14.003Z</time></trkpt>
      <trkpt lat="10.5866550" lon="104.1303675"><ele>14.7</ele><time>2026-05-02T01:30:15.004Z</time></trkpt>
      <trkpt lat="10.5866766" lon="104.1303815"><ele>14.9</ele><time>2026-05-02T01:30:16.003Z</time></trkpt>
      <trkpt lat="10.5866986" lon="104.1303945"><ele>15.1</ele><time>2026-05-02T01:30:17.003Z</time></trkpt>
      <trkpt lat="10.5867215" lon="104.1304084"><ele>15.1</ele><time>2026-05-02T01:30:18.004Z</time></trkpt>
      <trkpt lat="10.5867448" lon="104.1304230"><ele>15.1</ele><time>2026-05-02T01:30:19.004Z</time></trkpt>
      <trkpt lat="10.5867714" lon="104.1304356"><ele>14.9</ele><time>2026-05-02T01:30:20.003Z</time></trkpt>
      <trkpt lat="10.5867980" lon="104.1304527"><ele>14.7</ele><time>2026-05-02T01:30:21.004Z</time></trkpt>
      <trkpt lat="10.5868246" lon="104.1304713"><ele>14.6</ele><time>2026-05-02T01:30:22.003Z</time></trkpt>
      <trkpt lat="10.5868533" lon="104.1304884"><ele>14.6</ele><time>2026-05-02T01:30:23.003Z</time></trkpt>
      <trkpt lat="10.5868850" lon="104.1305066"><ele>14.6</ele><time>2026-05-02T01:30:24.004Z</time></trkpt>
      <trkpt lat="10.5869158" lon="104.1305249"><ele>14.6</ele><time>2026-05-02T01:30:25.003Z</time></trkpt>
      <trkpt lat="10.5869459" lon="104.1305457"><ele>14.6</ele><time>2026-05-02T01:30:26.004Z</time></trkpt>
      <trkpt lat="10.5869762" lon="104.1305688"><ele>14.4</ele><time>2026-05-02T01:30:27.003Z</time></trkpt>
      <trkpt lat="10.5870062" lon="104.1305908"><ele>14.2</ele><time>2026-05-02T01:30:28.003Z</time></trkpt>
      <trkpt lat="10.5870348" lon="104.1306157"><ele>14.1</ele><time>2026-05-02T01:30:29.004Z</time></trkpt>
      <trkpt lat="10.5870565" lon="104.1306459"><ele>13.9</ele><time>2026-05-02T01:30:30.003Z</time></trkpt>
      <trkpt lat="10.5870741" lon="104.1306762"><ele>13.8</ele><time>2026-05-02T01:30:31.003Z</time></trkpt>
      <trkpt lat="10.5870927" lon="104.1307021"><ele>13.7</ele><time>2026-05-02T01:30:32.003Z</time></trkpt>
      <trkpt lat="10.5871150" lon="104.1307238"><ele>13.9</ele><time>2026-05-02T01:30:33.003Z</time></trkpt>
      <trkpt lat="10.5871384" lon="104.1307419"><ele>13.9</ele><time>2026-05-02T01:30:34.005Z</time></trkpt>
      <trkpt lat="10.5871615" lon="104.1307613"><ele>13.8</ele><time>2026-05-02T01:30:35.005Z</time></trkpt>
      <trkpt lat="10.5871816" lon="104.1307794"><ele>13.7</ele><time>2026-05-02T01:30:36.005Z</time></trkpt>
      <trkpt lat="10.5872001" lon="104.1308014"><ele>13.6</ele><time>2026-05-02T01:30:37.003Z</time></trkpt>
      <trkpt lat="10.5872187" lon="104.1308245"><ele>13.5</ele><time>2026-05-02T01:30:38.005Z</time></trkpt>
      <trkpt lat="10.5872373" lon="104.1308490"><ele>13.5</ele><time>2026-05-02T01:30:39.003Z</time></trkpt>
      <trkpt lat="10.5872572" lon="104.1308754"><ele>13.6</ele><time>2026-05-02T01:30:40.004Z</time></trkpt>
      <trkpt lat="10.5872762" lon="104.1309036"><ele>13.7</ele><time>2026-05-02T01:30:41.003Z</time></trkpt>
      <trkpt lat="10.5872885" lon="104.1309293"><ele>13.8</ele><time>2026-05-02T01:30:42.003Z</time></trkpt>
      <trkpt lat="10.5872934" lon="104.1309605"><ele>14.0</ele><time>2026-05-02T01:30:43.004Z</time></trkpt>
      <trkpt lat="10.5872873" lon="104.1309945"><ele>14.2</ele><time>2026-05-02T01:30:44.002Z</time></trkpt>
      <trkpt lat="10.5872818" lon="104.1310221"><ele>14.4</ele><time>2026-05-02T01:30:45.003Z</time></trkpt>
      <trkpt lat="10.5872878" lon="104.1310494"><ele>14.6</ele><time>2026-05-02T01:30:46.004Z</time></trkpt>
      <trkpt lat="10.5872992" lon="104.1310723"><ele>14.8</ele><time>2026-05-02T01:30:47.004Z</time></trkpt>
      <trkpt lat="10.5873078" lon="104.1310950"><ele>15.0</ele><time>2026-05-02T01:30:48.003Z</time></trkpt>
      <trkpt lat="10.5873165" lon="104.1311225"><ele>15.0</ele><time>2026-05-02T01:30:49.003Z</time></trkpt>
      <trkpt lat="10.5873248" lon="104.1311525"><ele>14.9</ele><time>2026-05-02T01:30:50.004Z</time></trkpt>
      <trkpt lat="10.5873293" lon="104.1311829"><ele>14.8</ele><time>2026-05-02T01:30:51.003Z</time></trkpt>
      <trkpt lat="10.5873335" lon="104.1312155"><ele>14.8</ele><time>2026-05-02T01:30:52.004Z</time></trkpt>
      <trkpt lat="10.5873350" lon="104.1312491"><ele>15.0</ele><time>2026-05-02T01:30:53.003Z</time></trkpt>
      <trkpt lat="10.5873303" lon="104.1312790"><ele>15.3</ele><time>2026-05-02T01:30:54.005Z</time></trkpt>
      <trkpt lat="10.5873231" lon="104.1313086"><ele>15.7</ele><time>2026-05-02T01:30:55.003Z</time></trkpt>
      <trkpt lat="10.5873198" lon="104.1313404"><ele>16.1</ele><time>2026-05-02T01:30:56.003Z</time></trkpt>
      <trkpt lat="10.5873249" lon="104.1313729"><ele>16.6</ele><time>2026-05-02T01:30:57.003Z</time></trkpt>
      <trkpt lat="10.5873407" lon="104.1314045"><ele>17.1</ele><time>2026-05-02T01:30:58.003Z</time></trkpt>
      <trkpt lat="10.5873621" lon="104.1314349"><ele>17.3</ele><time>2026-05-02T01:30:59.003Z</time></trkpt>
      <trkpt lat="10.5873798" lon="104.1314669"><ele>17.5</ele><time>2026-05-02T01:31:00.003Z</time></trkpt>
      <trkpt lat="10.5873975" lon="104.1314994"><ele>17.6</ele><time>2026-05-02T01:31:01.004Z</time></trkpt>
      <trkpt lat="10.5874180" lon="104.1315246"><ele>17.5</ele><time>2026-05-02T01:31:02.003Z</time></trkpt>
      <trkpt lat="10.5874377" lon="104.1315466"><ele>17.3</ele><time>2026-05-02T01:31:03.002Z</time></trkpt>
      <trkpt lat="10.5874557" lon="104.1315755"><ele>17.0</ele><time>2026-05-02T01:31:03.685Z</time></trkpt>
      <trkpt lat="10.5874605" lon="104.1315824"><ele>16.8</ele><time>2026-05-02T01:31:04.003Z</time></trkpt>
      <trkpt lat="10.5874674" lon="104.1315958"><ele>16.8</ele><time>2026-05-02T01:31:04.470Z</time></trkpt>
      <trkpt lat="10.5874733" lon="104.1316131"><ele>16.8</ele><time>2026-05-02T01:31:05.003Z</time></trkpt>
      <trkpt lat="10.5874784" lon="104.1316319"><ele>16.9</ele><time>2026-05-02T01:31:05.525Z</time></trkpt>
      <trkpt lat="10.5874820" lon="104.1316482"><ele>17.1</ele><time>2026-05-02T01:31:06.003Z</time></trkpt>
      <trkpt lat="10.5874837" lon="104.1316572"><ele>17.1</ele><time>2026-05-02T01:31:06.248Z</time></trkpt>
      <trkpt lat="10.5874889" lon="104.1316824"><ele>17.2</ele><time>2026-05-02T01:31:06.942Z</time></trkpt>
      <trkpt lat="10.5874956" lon="104.1316999"><ele>17.2</ele><time>2026-05-02T01:31:07.524Z</time></trkpt>
      <trkpt lat="10.5875025" lon="104.1317133"><ele>17.1</ele><time>2026-05-02T01:31:08.003Z</time></trkpt>
      <trkpt lat="10.5875067" lon="104.1317231"><ele>17.0</ele><time>2026-05-02T01:31:08.321Z</time></trkpt>
      <trkpt lat="10.5875142" lon="104.1317313"><ele>16.9</ele><time>2026-05-02T01:31:09.002Z</time></trkpt>
      <trkpt lat="10.5875308" lon="104.1317600"><ele>16.7</ele><time>2026-05-02T01:31:10.004Z</time></trkpt>
      <trkpt lat="10.5875561" lon="104.1317851"><ele>16.8</ele><time>2026-05-02T01:31:11.003Z</time></trkpt>
      <trkpt lat="10.5875800" lon="104.1318038"><ele>16.9</ele><time>2026-05-02T01:31:12.003Z</time></trkpt>
      <trkpt lat="10.5876044" lon="104.1318201"><ele>17.0</ele><time>2026-05-02T01:31:13.003Z</time></trkpt>
      <trkpt lat="10.5876234" lon="104.1318395"><ele>17.1</ele><time>2026-05-02T01:31:14.004Z</time></trkpt>
      <trkpt lat="10.5876405" lon="104.1318548"><ele>17.2</ele><time>2026-05-02T01:31:15.004Z</time></trkpt>
      <trkpt lat="10.5876550" lon="104.1318668"><ele>17.2</ele><time>2026-05-02T01:31:16.004Z</time></trkpt>
      <trkpt lat="10.5876691" lon="104.1318755"><ele>17.2</ele><time>2026-05-02T01:31:17.002Z</time></trkpt>
      <trkpt lat="10.5876786" lon="104.1318870"><ele>17.1</ele><time>2026-05-02T01:31:18.003Z</time></trkpt>
      <trkpt lat="10.5876843" lon="104.1318991"><ele>17.1</ele><time>2026-05-02T01:31:19.004Z</time></trkpt>
      <trkpt lat="10.5876929" lon="104.1319112"><ele>17.2</ele><time>2026-05-02T01:31:20.003Z</time></trkpt>
      <trkpt lat="10.5877063" lon="104.1319189"><ele>17.2</ele><time>2026-05-02T01:31:21.003Z</time></trkpt>
      <trkpt lat="10.5877161" lon="104.1319245"><ele>17.3</ele><time>2026-05-02T01:31:22.003Z</time></trkpt>
      <trkpt lat="10.5877227" lon="104.1319271"><ele>17.5</ele><time>2026-05-02T01:31:23.004Z</time></trkpt>
      <trkpt lat="10.5877326" lon="104.1319300"><ele>17.5</ele><time>2026-05-02T01:31:24.003Z</time></trkpt>
      <trkpt lat="10.5877405" lon="104.1319308"><ele>17.4</ele><time>2026-05-02T01:31:25.004Z</time></trkpt>
      <trkpt lat="10.5877532" lon="104.1319257"><ele>18.2</ele><time>2026-05-02T01:31:57.003Z</time></trkpt>
      <trkpt lat="10.5877625" lon="104.1319279"><ele>18.3</ele><time>2026-05-02T01:31:59.003Z</time></trkpt>
      <trkpt lat="10.5877729" lon="104.1319240"><ele>18.4</ele><time>2026-05-02T01:32:00.003Z</time></trkpt>
      <trkpt lat="10.5877815" lon="104.1319143"><ele>18.4</ele><time>2026-05-02T01:32:01.003Z</time></trkpt>
      <trkpt lat="10.5877920" lon="104.1318993"><ele>18.4</ele><time>2026-05-02T01:32:02.004Z</time></trkpt>
      <trkpt lat="10.5878048" lon="104.1318864"><ele>18.2</ele><time>2026-05-02T01:32:03.003Z</time></trkpt>
      <trkpt lat="10.5878223" lon="104.1318765"><ele>18.0</ele><time>2026-05-02T01:32:04.003Z</time></trkpt>
      <trkpt lat="10.5878410" lon="104.1318650"><ele>17.9</ele><time>2026-05-02T01:32:05.003Z</time></trkpt>
      <trkpt lat="10.5878601" lon="104.1318516"><ele>17.8</ele><time>2026-05-02T01:32:06.003Z</time></trkpt>
      <trkpt lat="10.5878791" lon="104.1318351"><ele>17.7</ele><time>2026-05-02T01:32:07.003Z</time></trkpt>
      <trkpt lat="10.5878962" lon="104.1318163"><ele>17.7</ele><time>2026-05-02T01:32:08.004Z</time></trkpt>
      <trkpt lat="10.5879131" lon="104.1317973"><ele>17.6</ele><time>2026-05-02T01:32:09.004Z</time></trkpt>
      <trkpt lat="10.5879268" lon="104.1317752"><ele>17.4</ele><time>2026-05-02T01:32:10.003Z</time></trkpt>
      <trkpt lat="10.5879410" lon="104.1317516"><ele>17.1</ele><time>2026-05-02T01:32:11.004Z</time></trkpt>
      <trkpt lat="10.5879564" lon="104.1317264"><ele>16.9</ele><time>2026-05-02T01:32:12.004Z</time></trkpt>
      <trkpt lat="10.5879786" lon="104.1317053"><ele>16.9</ele><time>2026-05-02T01:32:13.003Z</time></trkpt>
      <trkpt lat="10.5880010" lon="104.1316912"><ele>16.8</ele><time>2026-05-02T01:32:14.004Z</time></trkpt>
      <trkpt lat="10.5880238" lon="104.1316767"><ele>16.7</ele><time>2026-05-02T01:32:15.002Z</time></trkpt>
      <trkpt lat="10.5880444" lon="104.1316559"><ele>16.6</ele><time>2026-05-02T01:32:16.003Z</time></trkpt>
      <trkpt lat="10.5880618" lon="104.1316288"><ele>16.5</ele><time>2026-05-02T01:32:17.003Z</time></trkpt>
      <trkpt lat="10.5880785" lon="104.1316021"><ele>16.5</ele><time>2026-05-02T01:32:18.003Z</time></trkpt>
      <trkpt lat="10.5880935" lon="104.1315751"><ele>16.5</ele><time>2026-05-02T01:32:19.003Z</time></trkpt>
      <trkpt lat="10.5881077" lon="104.1315444"><ele>16.4</ele><time>2026-05-02T01:32:20.003Z</time></trkpt>
      <trkpt lat="10.5881289" lon="104.1315183"><ele>16.6</ele><time>2026-05-02T01:32:21.004Z</time></trkpt>
      <trkpt lat="10.5881509" lon="104.1314949"><ele>16.7</ele><time>2026-05-02T01:32:22.003Z</time></trkpt>
      <trkpt lat="10.5881770" lon="104.1314801"><ele>16.9</ele><time>2026-05-02T01:32:23.002Z</time></trkpt>
      <trkpt lat="10.5882049" lon="104.1314846"><ele>17.0</ele><time>2026-05-02T01:32:24.003Z</time></trkpt>
      <trkpt lat="10.5882293" lon="104.1315002"><ele>17.1</ele><time>2026-05-02T01:32:25.003Z</time></trkpt>
      <trkpt lat="10.5882537" lon="104.1315176"><ele>17.3</ele><time>2026-05-02T01:32:26.004Z</time></trkpt>
      <trkpt lat="10.5882759" lon="104.1315398"><ele>17.5</ele><time>2026-05-02T01:32:27.003Z</time></trkpt>
      <trkpt lat="10.5882973" lon="104.1315609"><ele>17.6</ele><time>2026-05-02T01:32:28.002Z</time></trkpt>
      <trkpt lat="10.5883210" lon="104.1315752"><ele>17.5</ele><time>2026-05-02T01:32:29.003Z</time></trkpt>
      <trkpt lat="10.5883456" lon="104.1315921"><ele>17.2</ele><time>2026-05-02T01:32:30.003Z</time></trkpt>
      <trkpt lat="10.5883706" lon="104.1316093"><ele>16.9</ele><time>2026-05-02T01:32:31.002Z</time></trkpt>
      <trkpt lat="10.5883963" lon="104.1316310"><ele>16.5</ele><time>2026-05-02T01:32:32.003Z</time></trkpt>
      <trkpt lat="10.5884252" lon="104.1316530"><ele>16.3</ele><time>2026-05-02T01:32:33.004Z</time></trkpt>
      <trkpt lat="10.5884559" lon="104.1316747"><ele>16.2</ele><time>2026-05-02T01:32:34.003Z</time></trkpt>
      <trkpt lat="10.5884846" lon="104.1316949"><ele>16.3</ele><time>2026-05-02T01:32:35.003Z</time></trkpt>
      <trkpt lat="10.5885130" lon="104.1317149"><ele>16.6</ele><time>2026-05-02T01:32:36.003Z</time></trkpt>
      <trkpt lat="10.5885418" lon="104.1317372"><ele>16.5</ele><time>2026-05-02T01:32:37.003Z</time></trkpt>
      <trkpt lat="10.5885690" lon="104.1317621"><ele>16.2</ele><time>2026-05-02T01:32:38.003Z</time></trkpt>
      <trkpt lat="10.5885971" lon="104.1317891"><ele>15.6</ele><time>2026-05-02T01:32:39.003Z</time></trkpt>
      <trkpt lat="10.5886221" lon="104.1318215"><ele>15.4</ele><time>2026-05-02T01:32:40.003Z</time></trkpt>
      <trkpt lat="10.5886521" lon="104.1318536"><ele>15.1</ele><time>2026-05-02T01:32:41.003Z</time></trkpt>
      <trkpt lat="10.5886876" lon="104.1318856"><ele>14.8</ele><time>2026-05-02T01:32:42.003Z</time></trkpt>
      <trkpt lat="10.5887302" lon="104.1319180"><ele>14.5</ele><time>2026-05-02T01:32:43.003Z</time></trkpt>
      <trkpt lat="10.5887618" lon="104.1319573"><ele>14.3</ele><time>2026-05-02T01:32:44.003Z</time></trkpt>
      <trkpt lat="10.5887882" lon="104.1320013"><ele>14.8</ele><time>2026-05-02T01:32:45.003Z</time></trkpt>
      <trkpt lat="10.5888129" lon="104.1320357"><ele>15.2</ele><time>2026-05-02T01:32:46.003Z</time></trkpt>
      <trkpt lat="10.5888329" lon="104.1320632"><ele>15.6</ele><time>2026-05-02T01:32:47.003Z</time></trkpt>
      <trkpt lat="10.5888612" lon="104.1320826"><ele>15.6</ele><time>2026-05-02T01:32:48.003Z</time></trkpt>
      <trkpt lat="10.5888921" lon="104.1321013"><ele>15.8</ele><time>2026-05-02T01:32:49.003Z</time></trkpt>
      <trkpt lat="10.5889186" lon="104.1321217"><ele>16.0</ele><time>2026-05-02T01:32:50.003Z</time></trkpt>
      <trkpt lat="10.5889460" lon="104.1321366"><ele>16.2</ele><time>2026-05-02T01:32:51.003Z</time></trkpt>
      <trkpt lat="10.5889725" lon="104.1321531"><ele>16.4</ele><time>2026-05-02T01:32:52.003Z</time></trkpt>
      <trkpt lat="10.5889999" lon="104.1321722"><ele>16.7</ele><time>2026-05-02T01:32:53.003Z</time></trkpt>
      <trkpt lat="10.5890265" lon="104.1321901"><ele>16.9</ele><time>2026-05-02T01:32:54.002Z</time></trkpt>
      <trkpt lat="10.5890546" lon="104.1322085"><ele>17.1</ele><time>2026-05-02T01:32:55.004Z</time></trkpt>
      <trkpt lat="10.5890835" lon="104.1322270"><ele>17.0</ele><time>2026-05-02T01:32:56.004Z</time></trkpt>
      <trkpt lat="10.5891101" lon="104.1322454"><ele>16.9</ele><time>2026-05-02T01:32:57.003Z</time></trkpt>
      <trkpt lat="10.5891376" lon="104.1322629"><ele>16.9</ele><time>2026-05-02T01:32:58.004Z</time></trkpt>
      <trkpt lat="10.5891674" lon="104.1322810"><ele>17.0</ele><time>2026-05-02T01:32:59.003Z</time></trkpt>
      <trkpt lat="10.5891955" lon="104.1322970"><ele>17.1</ele><time>2026-05-02T01:33:00.003Z</time></trkpt>
      <trkpt lat="10.5892225" lon="104.1323170"><ele>16.9</ele><time>2026-05-02T01:33:01.003Z</time></trkpt>
      <trkpt lat="10.5892479" lon="104.1323386"><ele>16.7</ele><time>2026-05-02T01:33:02.003Z</time></trkpt>
      <trkpt lat="10.5892709" lon="104.1323612"><ele>16.5</ele><time>2026-05-02T01:33:03.003Z</time></trkpt>
      <trkpt lat="10.5892946" lon="104.1323826"><ele>16.5</ele><time>2026-05-02T01:33:04.003Z</time></trkpt>
      <trkpt lat="10.5893174" lon="104.1324050"><ele>16.4</ele><time>2026-05-02T01:33:05.003Z</time></trkpt>
      <trkpt lat="10.5893397" lon="104.1324259"><ele>16.4</ele><time>2026-05-02T01:33:06.003Z</time></trkpt>
      <trkpt lat="10.5893641" lon="104.1324494"><ele>16.6</ele><time>2026-05-02T01:33:07.002Z</time></trkpt>
      <trkpt lat="10.5893909" lon="104.1324697"><ele>16.8</ele><time>2026-05-02T01:33:08.004Z</time></trkpt>
      <trkpt lat="10.5894184" lon="104.1324925"><ele>17.2</ele><time>2026-05-02T01:33:09.004Z</time></trkpt>
      <trkpt lat="10.5894453" lon="104.1325167"><ele>17.6</ele><time>2026-05-02T01:33:10.002Z</time></trkpt>
      <trkpt lat="10.5894714" lon="104.1325420"><ele>17.9</ele><time>2026-05-02T01:33:11.003Z</time></trkpt>
      <trkpt lat="10.5894992" lon="104.1325665"><ele>18.1</ele><time>2026-05-02T01:33:12.004Z</time></trkpt>
      <trkpt lat="10.5895280" lon="104.1325890"><ele>18.0</ele><time>2026-05-02T01:33:13.003Z</time></trkpt>
      <trkpt lat="10.5895559" lon="104.1326145"><ele>17.9</ele><time>2026-05-02T01:33:14.003Z</time></trkpt>
      <trkpt lat="10.5895836" lon="104.1326391"><ele>17.8</ele><time>2026-05-02T01:33:15.004Z</time></trkpt>
      <trkpt lat="10.5896150" lon="104.1326593"><ele>17.8</ele><time>2026-05-02T01:33:16.002Z</time></trkpt>
      <trkpt lat="10.5896448" lon="104.1326768"><ele>17.7</ele><time>2026-05-02T01:33:17.003Z</time></trkpt>
      <trkpt lat="10.5896714" lon="104.1326939"><ele>17.8</ele><time>2026-05-02T01:33:18.003Z</time></trkpt>
      <trkpt lat="10.5896986" lon="104.1327084"><ele>17.9</ele><time>2026-05-02T01:33:19.004Z</time></trkpt>
      <trkpt lat="10.5897293" lon="104.1327185"><ele>18.1</ele><time>2026-05-02T01:33:20.003Z</time></trkpt>
      <trkpt lat="10.5897578" lon="104.1327307"><ele>18.1</ele><time>2026-05-02T01:33:21.002Z</time></trkpt>
      <trkpt lat="10.5897862" lon="104.1327432"><ele>18.0</ele><time>2026-05-02T01:33:22.003Z</time></trkpt>
      <trkpt lat="10.5898072" lon="104.1327566"><ele>17.5</ele><time>2026-05-02T01:33:23.003Z</time></trkpt>
      <trkpt lat="10.5898286" lon="104.1327730"><ele>17.1</ele><time>2026-05-02T01:33:24.003Z</time></trkpt>
      <trkpt lat="10.5898511" lon="104.1327884"><ele>17.0</ele><time>2026-05-02T01:33:25.003Z</time></trkpt>
      <trkpt lat="10.5898698" lon="104.1328063"><ele>17.2</ele><time>2026-05-02T01:33:26.002Z</time></trkpt>
      <trkpt lat="10.5898869" lon="104.1328327"><ele>17.1</ele><time>2026-05-02T01:33:27.003Z</time></trkpt>
      <trkpt lat="10.5899057" lon="104.1328606"><ele>16.8</ele><time>2026-05-02T01:33:28.004Z</time></trkpt>
      <trkpt lat="10.5899247" lon="104.1328912"><ele>16.5</ele><time>2026-05-02T01:33:29.003Z</time></trkpt>
      <trkpt lat="10.5899421" lon="104.1329209"><ele>16.4</ele><time>2026-05-02T01:33:30.003Z</time></trkpt>
      <trkpt lat="10.5899585" lon="104.1329488"><ele>16.6</ele><time>2026-05-02T01:33:31.002Z</time></trkpt>
      <trkpt lat="10.5899755" lon="104.1329799"><ele>16.7</ele><time>2026-05-02T01:33:32.002Z</time></trkpt>
      <trkpt lat="10.5899995" lon="104.1330082"><ele>16.8</ele><time>2026-05-02T01:33:33.002Z</time></trkpt>
      <trkpt lat="10.5900271" lon="104.1330327"><ele>16.7</ele><time>2026-05-02T01:33:34.002Z</time></trkpt>
      <trkpt lat="10.5900545" lon="104.1330617"><ele>16.6</ele><time>2026-05-02T01:33:35.003Z</time></trkpt>
      <trkpt lat="10.5900830" lon="104.1330928"><ele>16.6</ele><time>2026-05-02T01:33:36.002Z</time></trkpt>
      <trkpt lat="10.5901046" lon="104.1331299"><ele>16.4</ele><time>2026-05-02T01:33:37.003Z</time></trkpt>
      <trkpt lat="10.5901213" lon="104.1331697"><ele>16.3</ele><time>2026-05-02T01:33:38.002Z</time></trkpt>
      <trkpt lat="10.5901358" lon="104.1332124"><ele>16.0</ele><time>2026-05-02T01:33:39.002Z</time></trkpt>
      <trkpt lat="10.5901446" lon="104.1332593"><ele>15.9</ele><time>2026-05-02T01:33:40.002Z</time></trkpt>
      <trkpt lat="10.5901523" lon="104.1333026"><ele>15.9</ele><time>2026-05-02T01:33:41.002Z</time></trkpt>
      <trkpt lat="10.5901680" lon="104.1333441"><ele>15.8</ele><time>2026-05-02T01:33:42.003Z</time></trkpt>
      <trkpt lat="10.5901956" lon="104.1333798"><ele>15.7</ele><time>2026-05-02T01:33:43.004Z</time></trkpt>
      <trkpt lat="10.5902247" lon="104.1334076"><ele>15.6</ele><time>2026-05-02T01:33:44.002Z</time></trkpt>
      <trkpt lat="10.5902563" lon="104.1334281"><ele>15.5</ele><time>2026-05-02T01:33:45.003Z</time></trkpt>
      <trkpt lat="10.5902842" lon="104.1334400"><ele>15.5</ele><time>2026-05-02T01:33:46.003Z</time></trkpt>
      <trkpt lat="10.5903107" lon="104.1334542"><ele>15.1</ele><time>2026-05-02T01:33:47.003Z</time></trkpt>
      <trkpt lat="10.5903342" lon="104.1334665"><ele>14.9</ele><time>2026-05-02T01:33:48.003Z</time></trkpt>
      <trkpt lat="10.5903591" lon="104.1334667"><ele>14.4</ele><time>2026-05-02T01:33:49.003Z</time></trkpt>
      <trkpt lat="10.5903870" lon="104.1334650"><ele>14.4</ele><time>2026-05-02T01:33:50.003Z</time></trkpt>
      <trkpt lat="10.5904156" lon="104.1334625"><ele>14.3</ele><time>2026-05-02T01:33:51.002Z</time></trkpt>
      <trkpt lat="10.5904444" lon="104.1334586"><ele>14.2</ele><time>2026-05-02T01:33:52.001Z</time></trkpt>
      <trkpt lat="10.5904728" lon="104.1334553"><ele>14.3</ele><time>2026-05-02T01:33:53.002Z</time></trkpt>
      <trkpt lat="10.5904983" lon="104.1334523"><ele>14.5</ele><time>2026-05-02T01:33:54.002Z</time></trkpt>
      <trkpt lat="10.5905245" lon="104.1334487"><ele>14.7</ele><time>2026-05-02T01:33:55.003Z</time></trkpt>
      <trkpt lat="10.5905495" lon="104.1334454"><ele>14.5</ele><time>2026-05-02T01:33:56.004Z</time></trkpt>
      <trkpt lat="10.5905738" lon="104.1334454"><ele>14.2</ele><time>2026-05-02T01:33:57.003Z</time></trkpt>
      <trkpt lat="10.5905991" lon="104.1334477"><ele>13.9</ele><time>2026-05-02T01:33:58.003Z</time></trkpt>
      <trkpt lat="10.5906260" lon="104.1334524"><ele>14.0</ele><time>2026-05-02T01:33:59.004Z</time></trkpt>
      <trkpt lat="10.5906534" lon="104.1334552"><ele>14.0</ele><time>2026-05-02T01:34:00.003Z</time></trkpt>
      <trkpt lat="10.5906821" lon="104.1334614"><ele>14.2</ele><time>2026-05-02T01:34:01.003Z</time></trkpt>
      <trkpt lat="10.5907105" lon="104.1334719"><ele>14.3</ele><time>2026-05-02T01:34:02.003Z</time></trkpt>
      <trkpt lat="10.5907414" lon="104.1334836"><ele>14.3</ele><time>2026-05-02T01:34:03.002Z</time></trkpt>
      <trkpt lat="10.5907726" lon="104.1334923"><ele>14.3</ele><time>2026-05-02T01:34:04.002Z</time></trkpt>
      <trkpt lat="10.5908035" lon="104.1334981"><ele>14.3</ele><time>2026-05-02T01:34:05.004Z</time></trkpt>
      <trkpt lat="10.5908341" lon="104.1335053"><ele>14.4</ele><time>2026-05-02T01:34:06.003Z</time></trkpt>
      <trkpt lat="10.5908647" lon="104.1335121"><ele>14.6</ele><time>2026-05-02T01:34:07.002Z</time></trkpt>
      <trkpt lat="10.5908926" lon="104.1335196"><ele>14.9</ele><time>2026-05-02T01:34:08.003Z</time></trkpt>
      <trkpt lat="10.5909202" lon="104.1335220"><ele>15.2</ele><time>2026-05-02T01:34:09.003Z</time></trkpt>
      <trkpt lat="10.5909486" lon="104.1335231"><ele>15.1</ele><time>2026-05-02T01:34:10.002Z</time></trkpt>
      <trkpt lat="10.5909795" lon="104.1335232"><ele>15.1</ele><time>2026-05-02T01:34:11.002Z</time></trkpt>
      <trkpt lat="10.5910100" lon="104.1335238"><ele>15.2</ele><time>2026-05-02T01:34:12.001Z</time></trkpt>
      <trkpt lat="10.5910394" lon="104.1335267"><ele>15.5</ele><time>2026-05-02T01:34:13.003Z</time></trkpt>
      <trkpt lat="10.5910700" lon="104.1335322"><ele>15.8</ele><time>2026-05-02T01:34:14.003Z</time></trkpt>
      <trkpt lat="10.5911053" lon="104.1335344"><ele>15.8</ele><time>2026-05-02T01:34:15.003Z</time></trkpt>
      <trkpt lat="10.5911430" lon="104.1335363"><ele>15.7</ele><time>2026-05-02T01:34:16.003Z</time></trkpt>
      <trkpt lat="10.5911805" lon="104.1335348"><ele>15.6</ele><time>2026-05-02T01:34:17.003Z</time></trkpt>
      <trkpt lat="10.5912186" lon="104.1335320"><ele>15.3</ele><time>2026-05-02T01:34:18.003Z</time></trkpt>
      <trkpt lat="10.5912569" lon="104.1335279"><ele>15.1</ele><time>2026-05-02T01:34:19.002Z</time></trkpt>
      <trkpt lat="10.5912953" lon="104.1335246"><ele>14.8</ele><time>2026-05-02T01:34:20.002Z</time></trkpt>
      <trkpt lat="10.5913322" lon="104.1335203"><ele>14.6</ele><time>2026-05-02T01:34:21.002Z</time></trkpt>
      <trkpt lat="10.5913685" lon="104.1335158"><ele>14.6</ele><time>2026-05-02T01:34:22.003Z</time></trkpt>
      <trkpt lat="10.5914046" lon="104.1335123"><ele>14.5</ele><time>2026-05-02T01:34:23.003Z</time></trkpt>
      <trkpt lat="10.5914382" lon="104.1335088"><ele>14.4</ele><time>2026-05-02T01:34:24.004Z</time></trkpt>
      <trkpt lat="10.5914719" lon="104.1335047"><ele>14.1</ele><time>2026-05-02T01:34:25.003Z</time></trkpt>
      <trkpt lat="10.5915069" lon="104.1335014"><ele>14.1</ele><time>2026-05-02T01:34:26.004Z</time></trkpt>
      <trkpt lat="10.5915414" lon="104.1334972"><ele>13.9</ele><time>2026-05-02T01:34:27.003Z</time></trkpt>
      <trkpt lat="10.5915755" lon="104.1334942"><ele>14.0</ele><time>2026-05-02T01:34:28.003Z</time></trkpt>
      <trkpt lat="10.5916061" lon="104.1334875"><ele>14.0</ele><time>2026-05-02T01:34:29.003Z</time></trkpt>
      <trkpt lat="10.5916362" lon="104.1334792"><ele>14.1</ele><time>2026-05-02T01:34:30.003Z</time></trkpt>
      <trkpt lat="10.5916680" lon="104.1334719"><ele>14.3</ele><time>2026-05-02T01:34:31.004Z</time></trkpt>
      <trkpt lat="10.5916988" lon="104.1334649"><ele>14.5</ele><time>2026-05-02T01:34:32.002Z</time></trkpt>
      <trkpt lat="10.5917250" lon="104.1334568"><ele>14.8</ele><time>2026-05-02T01:34:33.002Z</time></trkpt>
      <trkpt lat="10.5917513" lon="104.1334461"><ele>14.8</ele><time>2026-05-02T01:34:34.002Z</time></trkpt>
      <trkpt lat="10.5917775" lon="104.1334367"><ele>14.8</ele><time>2026-05-02T01:34:35.003Z</time></trkpt>
      <trkpt lat="10.5918049" lon="104.1334286"><ele>14.8</ele><time>2026-05-02T01:34:36.003Z</time></trkpt>
      <trkpt lat="10.5918315" lon="104.1334215"><ele>14.7</ele><time>2026-05-02T01:34:37.002Z</time></trkpt>
      <trkpt lat="10.5918575" lon="104.1334195"><ele>14.5</ele><time>2026-05-02T01:34:38.002Z</time></trkpt>
      <trkpt lat="10.5918832" lon="104.1334156"><ele>14.3</ele><time>2026-05-02T01:34:39.002Z</time></trkpt>
      <trkpt lat="10.5919103" lon="104.1334107"><ele>14.3</ele><time>2026-05-02T01:34:40.002Z</time></trkpt>
      <trkpt lat="10.5919387" lon="104.1334055"><ele>14.3</ele><time>2026-05-02T01:34:41.003Z</time></trkpt>
      <trkpt lat="10.5919629" lon="104.1333968"><ele>14.3</ele><time>2026-05-02T01:34:42.003Z</time></trkpt>
      <trkpt lat="10.5919847" lon="104.1333896"><ele>14.3</ele><time>2026-05-02T01:34:43.004Z</time></trkpt>
      <trkpt lat="10.5920093" lon="104.1333892"><ele>14.2</ele><time>2026-05-02T01:34:44.003Z</time></trkpt>
      <trkpt lat="10.5920322" lon="104.1333865"><ele>14.1</ele><time>2026-05-02T01:34:45.003Z</time></trkpt>
      <trkpt lat="10.5920574" lon="104.1333827"><ele>14.0</ele><time>2026-05-02T01:34:46.003Z</time></trkpt>
      <trkpt lat="10.5920850" lon="104.1333776"><ele>14.1</ele><time>2026-05-02T01:34:47.003Z</time></trkpt>
      <trkpt lat="10.5921152" lon="104.1333720"><ele>14.2</ele><time>2026-05-02T01:34:48.002Z</time></trkpt>
      <trkpt lat="10.5921460" lon="104.1333681"><ele>14.2</ele><time>2026-05-02T01:34:49.003Z</time></trkpt>
      <trkpt lat="10.5921774" lon="104.1333651"><ele>14.1</ele><time>2026-05-02T01:34:50.003Z</time></trkpt>
      <trkpt lat="10.5922105" lon="104.1333611"><ele>13.9</ele><time>2026-05-02T01:34:51.004Z</time></trkpt>
      <trkpt lat="10.5922433" lon="104.1333559"><ele>13.6</ele><time>2026-05-02T01:34:52.002Z</time></trkpt>
      <trkpt lat="10.5922777" lon="104.1333512"><ele>13.5</ele><time>2026-05-02T01:34:53.003Z</time></trkpt>
      <trkpt lat="10.5923125" lon="104.1333469"><ele>13.3</ele><time>2026-05-02T01:34:54.002Z</time></trkpt>
      <trkpt lat="10.5923477" lon="104.1333416"><ele>13.1</ele><time>2026-05-02T01:34:55.002Z</time></trkpt>
      <trkpt lat="10.5923810" lon="104.1333355"><ele>12.8</ele><time>2026-05-02T01:34:56.002Z</time></trkpt>
      <trkpt lat="10.5924133" lon="104.1333295"><ele>12.8</ele><time>2026-05-02T01:34:57.002Z</time></trkpt>
      <trkpt lat="10.5924465" lon="104.1333246"><ele>12.8</ele><time>2026-05-02T01:34:58.003Z</time></trkpt>
      <trkpt lat="10.5924807" lon="104.1333196"><ele>12.9</ele><time>2026-05-02T01:34:59.002Z</time></trkpt>
      <trkpt lat="10.5925144" lon="104.1333165"><ele>13.0</ele><time>2026-05-02T01:35:00.004Z</time></trkpt>
      <trkpt lat="10.5925487" lon="104.1333179"><ele>13.1</ele><time>2026-05-02T01:35:01.003Z</time></trkpt>
      <trkpt lat="10.5925827" lon="104.1333213"><ele>13.2</ele><time>2026-05-02T01:35:02.003Z</time></trkpt>
      <trkpt lat="10.5926163" lon="104.1333279"><ele>13.2</ele><time>2026-05-02T01:35:03.003Z</time></trkpt>
      <trkpt lat="10.5926481" lon="104.1333325"><ele>13.1</ele><time>2026-05-02T01:35:04.003Z</time></trkpt>
      <trkpt lat="10.5926769" lon="104.1333421"><ele>12.8</ele><time>2026-05-02T01:35:05.003Z</time></trkpt>
      <trkpt lat="10.5927067" lon="104.1333498"><ele>12.5</ele><time>2026-05-02T01:35:06.002Z</time></trkpt>
      <trkpt lat="10.5927378" lon="104.1333535"><ele>12.2</ele><time>2026-05-02T01:35:07.002Z</time></trkpt>
      <trkpt lat="10.5927676" lon="104.1333575"><ele>12.2</ele><time>2026-05-02T01:35:08.004Z</time></trkpt>
      <trkpt lat="10.5927976" lon="104.1333646"><ele>12.3</ele><time>2026-05-02T01:35:09.003Z</time></trkpt>
      <trkpt lat="10.5928269" lon="104.1333718"><ele>12.3</ele><time>2026-05-02T01:35:10.004Z</time></trkpt>
      <trkpt lat="10.5928572" lon="104.1333787"><ele>12.1</ele><time>2026-05-02T01:35:11.003Z</time></trkpt>
      <trkpt lat="10.5928893" lon="104.1333856"><ele>12.1</ele><time>2026-05-02T01:35:12.003Z</time></trkpt>
      <trkpt lat="10.5929195" lon="104.1333932"><ele>11.9</ele><time>2026-05-02T01:35:13.002Z</time></trkpt>
      <trkpt lat="10.5929489" lon="104.1334000"><ele>11.1</ele><time>2026-05-02T01:35:14.003Z</time></trkpt>
      <trkpt lat="10.5929825" lon="104.1334047"><ele>10.2</ele><time>2026-05-02T01:35:15.002Z</time></trkpt>
      <trkpt lat="10.5930174" lon="104.1334099"><ele>9.6</ele><time>2026-05-02T01:35:16.003Z</time></trkpt>
      <trkpt lat="10.5930537" lon="104.1334112"><ele>9.7</ele><time>2026-05-02T01:35:17.003Z</time></trkpt>
      <trkpt lat="10.5930889" lon="104.1334087"><ele>10.0</ele><time>2026-05-02T01:35:18.004Z</time></trkpt>
      <trkpt lat="10.5931236" lon="104.1334061"><ele>10.2</ele><time>2026-05-02T01:35:19.003Z</time></trkpt>
      <trkpt lat="10.5931566" lon="104.1334110"><ele>10.3</ele><time>2026-05-02T01:35:20.002Z</time></trkpt>
      <trkpt lat="10.5931900" lon="104.1334154"><ele>10.4</ele><time>2026-05-02T01:35:21.003Z</time></trkpt>
      <trkpt lat="10.5932185" lon="104.1334124"><ele>10.6</ele><time>2026-05-02T01:35:22.004Z</time></trkpt>
      <trkpt lat="10.5932446" lon="104.1334077"><ele>10.8</ele><time>2026-05-02T01:35:23.002Z</time></trkpt>
      <trkpt lat="10.5932690" lon="104.1334019"><ele>11.2</ele><time>2026-05-02T01:35:24.002Z</time></trkpt>
      <trkpt lat="10.5932929" lon="104.1333959"><ele>11.5</ele><time>2026-05-02T01:35:25.002Z</time></trkpt>
      <trkpt lat="10.5933173" lon="104.1333979"><ele>11.9</ele><time>2026-05-02T01:35:26.003Z</time></trkpt>
      <trkpt lat="10.5933448" lon="104.1333999"><ele>12.3</ele><time>2026-05-02T01:35:27.004Z</time></trkpt>
      <trkpt lat="10.5933750" lon="104.1333984"><ele>12.5</ele><time>2026-05-02T01:35:28.003Z</time></trkpt>
      <trkpt lat="10.5934079" lon="104.1334015"><ele>12.6</ele><time>2026-05-02T01:35:29.002Z</time></trkpt>
      <trkpt lat="10.5934420" lon="104.1334033"><ele>12.6</ele><time>2026-05-02T01:35:30.004Z</time></trkpt>
      <trkpt lat="10.5934783" lon="104.1334021"><ele>12.6</ele><time>2026-05-02T01:35:31.001Z</time></trkpt>
      <trkpt lat="10.5935152" lon="104.1334006"><ele>12.8</ele><time>2026-05-02T01:35:32.001Z</time></trkpt>
      <trkpt lat="10.5935514" lon="104.1334022"><ele>12.9</ele><time>2026-05-02T01:35:33.002Z</time></trkpt>
      <trkpt lat="10.5935869" lon="104.1334073"><ele>13.1</ele><time>2026-05-02T01:35:34.004Z</time></trkpt>
      <trkpt lat="10.5936240" lon="104.1334094"><ele>13.2</ele><time>2026-05-02T01:35:35.003Z</time></trkpt>
      <trkpt lat="10.5936598" lon="104.1334111"><ele>13.3</ele><time>2026-05-02T01:35:36.001Z</time></trkpt>
      <trkpt lat="10.5936942" lon="104.1334153"><ele>13.4</ele><time>2026-05-02T01:35:37.001Z</time></trkpt>
      <trkpt lat="10.5937282" lon="104.1334174"><ele>13.4</ele><time>2026-05-02T01:35:38.003Z</time></trkpt>
      <trkpt lat="10.5937624" lon="104.1334149"><ele>13.5</ele><time>2026-05-02T01:35:39.002Z</time></trkpt>
      <trkpt lat="10.5937958" lon="104.1334098"><ele>13.6</ele><time>2026-05-02T01:35:40.003Z</time></trkpt>
      <trkpt lat="10.5938278" lon="104.1334088"><ele>13.6</ele><time>2026-05-02T01:35:41.003Z</time></trkpt>
      <trkpt lat="10.5938595" lon="104.1334111"><ele>13.7</ele><time>2026-05-02T01:35:42.002Z</time></trkpt>
      <trkpt lat="10.5938922" lon="104.1334131"><ele>13.8</ele><time>2026-05-02T01:35:43.002Z</time></trkpt>
      <trkpt lat="10.5939247" lon="104.1334164"><ele>13.7</ele><time>2026-05-02T01:35:44.003Z</time></trkpt>
      <trkpt lat="10.5939554" lon="104.1334158"><ele>13.4</ele><time>2026-05-02T01:35:45.003Z</time></trkpt>
      <trkpt lat="10.5939833" lon="104.1334134"><ele>13.2</ele><time>2026-05-02T01:35:46.003Z</time></trkpt>
      <trkpt lat="10.5940108" lon="104.1334086"><ele>13.0</ele><time>2026-05-02T01:35:47.002Z</time></trkpt>
      <trkpt lat="10.5940383" lon="104.1334048"><ele>13.0</ele><time>2026-05-02T01:35:48.003Z</time></trkpt>
      <trkpt lat="10.5940652" lon="104.1333981"><ele>13.0</ele><time>2026-05-02T01:35:49.002Z</time></trkpt>
      <trkpt lat="10.5940966" lon="104.1333924"><ele>13.1</ele><time>2026-05-02T01:35:50.002Z</time></trkpt>
      <trkpt lat="10.5941302" lon="104.1333836"><ele>13.3</ele><time>2026-05-02T01:35:51.003Z</time></trkpt>
      <trkpt lat="10.5941616" lon="104.1333779"><ele>13.4</ele><time>2026-05-02T01:35:52.002Z</time></trkpt>
      <trkpt lat="10.5941946" lon="104.1333778"><ele>13.4</ele><time>2026-05-02T01:35:53.003Z</time></trkpt>
      <trkpt lat="10.5942275" lon="104.1333798"><ele>13.3</ele><time>2026-05-02T01:35:54.003Z</time></trkpt>
      <trkpt lat="10.5942543" lon="104.1333750"><ele>13.2</ele><time>2026-05-02T01:35:55.003Z</time></trkpt>
      <trkpt lat="10.5942740" lon="104.1333724"><ele>13.3</ele><time>2026-05-02T01:35:56.002Z</time></trkpt>
      <trkpt lat="10.5942901" lon="104.1333717"><ele>12.9</ele><time>2026-05-02T01:35:57.004Z</time></trkpt>
      <trkpt lat="10.5943024" lon="104.1333682"><ele>12.5</ele><time>2026-05-02T01:35:58.001Z</time></trkpt>
      <trkpt lat="10.5943156" lon="104.1333686"><ele>12.0</ele><time>2026-05-02T01:35:59.003Z</time></trkpt>
      <trkpt lat="10.5943261" lon="104.1333716"><ele>11.9</ele><time>2026-05-02T01:36:00.002Z</time></trkpt>
      <trkpt lat="10.5943387" lon="104.1333689"><ele>11.4</ele><time>2026-05-02T01:36:32.002Z</time></trkpt>
      <trkpt lat="10.5943453" lon="104.1333680"><ele>11.5</ele><time>2026-05-02T01:36:33.003Z</time></trkpt>
      <trkpt lat="10.5943514" lon="104.1333659"><ele>11.3</ele><time>2026-05-02T01:36:34.004Z</time></trkpt>
      <trkpt lat="10.5943544" lon="104.1333622"><ele>10.6</ele><time>2026-05-02T01:36:40.001Z</time></trkpt>
      <trkpt lat="10.5943595" lon="104.1333584"><ele>10.6</ele><time>2026-05-02T01:36:41.002Z</time></trkpt>
      <trkpt lat="10.5943644" lon="104.1333535"><ele>10.7</ele><time>2026-05-02T01:36:42.002Z</time></trkpt>
      <trkpt lat="10.5943704" lon="104.1333483"><ele>11.0</ele><time>2026-05-02T01:36:43.002Z</time></trkpt>
      <trkpt lat="10.5943751" lon="104.1333436"><ele>11.4</ele><time>2026-05-02T01:36:44.002Z</time></trkpt>
      <trkpt lat="10.5943797" lon="104.1333392"><ele>11.5</ele><time>2026-05-02T01:36:45.002Z</time></trkpt>
      <trkpt lat="10.5943834" lon="104.1333360"><ele>11.4</ele><time>2026-05-02T01:36:46.002Z</time></trkpt>
      <trkpt lat="10.5944001" lon="104.1333432"><ele>13.7</ele><time>2026-05-02T01:40:04.001Z</time></trkpt>
      <trkpt lat="10.5944089" lon="104.1333480"><ele>13.5</ele><time>2026-05-02T01:40:05.002Z</time></trkpt>
      <trkpt lat="10.5944179" lon="104.1333519"><ele>13.3</ele><time>2026-05-02T01:40:06.001Z</time></trkpt>
      <trkpt lat="10.5944286" lon="104.1333503"><ele>13.0</ele><time>2026-05-02T01:40:07.003Z</time></trkpt>
      <trkpt lat="10.5944391" lon="104.1333450"><ele>13.0</ele><time>2026-05-02T01:40:08.001Z</time></trkpt>
      <trkpt lat="10.5944481" lon="104.1333406"><ele>12.9</ele><time>2026-05-02T01:40:09.002Z</time></trkpt>
      <trkpt lat="10.5944590" lon="104.1333399"><ele>12.9</ele><time>2026-05-02T01:40:10.002Z</time></trkpt>
      <trkpt lat="10.5944697" lon="104.1333423"><ele>12.9</ele><time>2026-05-02T01:40:11.003Z</time></trkpt>
      <trkpt lat="10.5944803" lon="104.1333444"><ele>13.0</ele><time>2026-05-02T01:40:12.000Z</time></trkpt>
      <trkpt lat="10.5944920" lon="104.1333452"><ele>13.0</ele><time>2026-05-02T01:40:13.002Z</time></trkpt>
      <trkpt lat="10.5945022" lon="104.1333482"><ele>13.1</ele><time>2026-05-02T01:40:14.002Z</time></trkpt>
      <trkpt lat="10.5945113" lon="104.1333481"><ele>13.2</ele><time>2026-05-02T01:40:15.001Z</time></trkpt>
      <trkpt lat="10.5945186" lon="104.1333490"><ele>12.3</ele><time>2026-05-02T01:40:19.001Z</time></trkpt>
      <trkpt lat="10.5945323" lon="104.1333523"><ele>12.3</ele><time>2026-05-02T01:40:20.002Z</time></trkpt>
      <trkpt lat="10.5945469" lon="104.1333564"><ele>12.2</ele><time>2026-05-02T01:40:21.002Z</time></trkpt>
      <trkpt lat="10.5945648" lon="104.1333600"><ele>12.3</ele><time>2026-05-02T01:40:22.002Z</time></trkpt>
      <trkpt lat="10.5945850" lon="104.1333631"><ele>12.4</ele><time>2026-05-02T01:40:23.001Z</time></trkpt>
      <trkpt lat="10.5946079" lon="104.1333631"><ele>12.3</ele><time>2026-05-02T01:40:24.001Z</time></trkpt>
      <trkpt lat="10.5946323" lon="104.1333626"><ele>12.2</ele><time>2026-05-02T01:40:25.002Z</time></trkpt>
      <trkpt lat="10.5946560" lon="104.1333658"><ele>11.9</ele><time>2026-05-02T01:40:26.001Z</time></trkpt>
      <trkpt lat="10.5946788" lon="104.1333727"><ele>11.8</ele><time>2026-05-02T01:40:27.000Z</time></trkpt>
      <trkpt lat="10.5947012" lon="104.1333824"><ele>11.6</ele><time>2026-05-02T01:40:28.001Z</time></trkpt>
      <trkpt lat="10.5947223" lon="104.1333928"><ele>11.5</ele><time>2026-05-02T01:40:29.002Z</time></trkpt>
      <trkpt lat="10.5947432" lon="104.1333996"><ele>11.3</ele><time>2026-05-02T01:40:30.002Z</time></trkpt>
      <trkpt lat="10.5947665" lon="104.1334012"><ele>11.1</ele><time>2026-05-02T01:40:31.000Z</time></trkpt>
      <trkpt lat="10.5947916" lon="104.1334013"><ele>11.1</ele><time>2026-05-02T01:40:32.002Z</time></trkpt>
      <trkpt lat="10.5948215" lon="104.1334007"><ele>11.0</ele><time>2026-05-02T01:40:33.000Z</time></trkpt>
      <trkpt lat="10.5948518" lon="104.1334013"><ele>10.9</ele><time>2026-05-02T01:40:34.001Z</time></trkpt>
      <trkpt lat="10.5948831" lon="104.1334025"><ele>10.8</ele><time>2026-05-02T01:40:35.003Z</time></trkpt>
      <trkpt lat="10.5949157" lon="104.1334022"><ele>10.8</ele><time>2026-05-02T01:40:36.002Z</time></trkpt>
      <trkpt lat="10.5949496" lon="104.1334018"><ele>10.7</ele><time>2026-05-02T01:40:37.001Z</time></trkpt>
      <trkpt lat="10.5949673" lon="104.1333977"><ele>10.7</ele><time>2026-05-02T01:40:37.411Z</time></trkpt>
      <trkpt lat="10.5949869" lon="104.1333981"><ele>10.7</ele><time>2026-05-02T01:40:38.003Z</time></trkpt>
      <trkpt lat="10.5949912" lon="104.1333983"><ele>10.8</ele><time>2026-05-02T01:40:38.115Z</time></trkpt>
      <trkpt lat="10.5950209" lon="104.1333959"><ele>10.7</ele><time>2026-05-02T01:40:39.002Z</time></trkpt>
      <trkpt lat="10.5950462" lon="104.1333904"><ele>10.6</ele><time>2026-05-02T01:40:39.734Z</time></trkpt>
      <trkpt lat="10.5950550" lon="104.1333890"><ele>10.5</ele><time>2026-05-02T01:40:40.002Z</time></trkpt>
      <trkpt lat="10.5950748" lon="104.1333855"><ele>10.6</ele><time>2026-05-02T01:40:40.578Z</time></trkpt>
      <trkpt lat="10.5950892" lon="104.1333851"><ele>10.7</ele><time>2026-05-02T01:40:41.000Z</time></trkpt>
      <trkpt lat="10.5950928" lon="104.1333853"><ele>10.7</ele><time>2026-05-02T01:40:41.089Z</time></trkpt>
      <trkpt lat="10.5951108" lon="104.1333854"><ele>10.8</ele><time>2026-05-02T01:40:41.612Z</time></trkpt>
      <trkpt lat="10.5951246" lon="104.1333885"><ele>10.9</ele><time>2026-05-02T01:40:42.002Z</time></trkpt>
      <trkpt lat="10.5951500" lon="104.1334021"><ele>10.8</ele><time>2026-05-02T01:40:43.001Z</time></trkpt>
      <trkpt lat="10.5951826" lon="104.1334086"><ele>10.6</ele><time>2026-05-02T01:40:44.001Z</time></trkpt>
      <trkpt lat="10.5952160" lon="104.1334112"><ele>10.5</ele><time>2026-05-02T01:40:45.001Z</time></trkpt>
      <trkpt lat="10.5952498" lon="104.1334121"><ele>10.7</ele><time>2026-05-02T01:40:46.001Z</time></trkpt>
      <trkpt lat="10.5952834" lon="104.1334165"><ele>10.8</ele><time>2026-05-02T01:40:47.002Z</time></trkpt>
      <trkpt lat="10.5953159" lon="104.1334233"><ele>10.6</ele><time>2026-05-02T01:40:48.001Z</time></trkpt>
      <trkpt lat="10.5953496" lon="104.1334291"><ele>10.4</ele><time>2026-05-02T01:40:49.001Z</time></trkpt>
      <trkpt lat="10.5953836" lon="104.1334304"><ele>10.1</ele><time>2026-05-02T01:40:50.002Z</time></trkpt>
      <trkpt lat="10.5954168" lon="104.1334306"><ele>9.9</ele><time>2026-05-02T01:40:51.002Z</time></trkpt>
      <trkpt lat="10.5954502" lon="104.1334329"><ele>9.8</ele><time>2026-05-02T01:40:52.002Z</time></trkpt>
      <trkpt lat="10.5954846" lon="104.1334343"><ele>9.7</ele><time>2026-05-02T01:40:53.000Z</time></trkpt>
      <trkpt lat="10.5955200" lon="104.1334343"><ele>9.6</ele><time>2026-05-02T01:40:54.001Z</time></trkpt>
      <trkpt lat="10.5955553" lon="104.1334336"><ele>9.6</ele><time>2026-05-02T01:40:55.000Z</time></trkpt>
      <trkpt lat="10.5955898" lon="104.1334348"><ele>9.4</ele><time>2026-05-02T01:40:56.002Z</time></trkpt>
      <trkpt lat="10.5956215" lon="104.1334346"><ele>9.2</ele><time>2026-05-02T01:40:57.002Z</time></trkpt>
      <trkpt lat="10.5956519" lon="104.1334299"><ele>9.3</ele><time>2026-05-02T01:40:58.001Z</time></trkpt>
      <trkpt lat="10.5956818" lon="104.1334209"><ele>9.3</ele><time>2026-05-02T01:40:59.001Z</time></trkpt>
      <trkpt lat="10.5957143" lon="104.1334156"><ele>9.1</ele><time>2026-05-02T01:41:00.002Z</time></trkpt>
      <trkpt lat="10.5957452" lon="104.1334177"><ele>9.0</ele><time>2026-05-02T01:41:01.001Z</time></trkpt>
      <trkpt lat="10.5957780" lon="104.1334216"><ele>9.1</ele><time>2026-05-02T01:41:02.001Z</time></trkpt>
      <trkpt lat="10.5958108" lon="104.1334208"><ele>9.2</ele><time>2026-05-02T01:41:03.002Z</time></trkpt>
      <trkpt lat="10.5958420" lon="104.1334216"><ele>9.2</ele><time>2026-05-02T01:41:04.002Z</time></trkpt>
      <trkpt lat="10.5958704" lon="104.1334281"><ele>9.5</ele><time>2026-05-02T01:41:05.001Z</time></trkpt>
      <trkpt lat="10.5958965" lon="104.1334317"><ele>9.8</ele><time>2026-05-02T01:41:06.000Z</time></trkpt>
      <trkpt lat="10.5959268" lon="104.1334322"><ele>10.0</ele><time>2026-05-02T01:41:07.002Z</time></trkpt>
      <trkpt lat="10.5959570" lon="104.1334307"><ele>10.0</ele><time>2026-05-02T01:41:08.002Z</time></trkpt>
      <trkpt lat="10.5959876" lon="104.1334264"><ele>10.0</ele><time>2026-05-02T01:41:09.000Z</time></trkpt>
      <trkpt lat="10.5960185" lon="104.1334194"><ele>9.9</ele><time>2026-05-02T01:41:10.001Z</time></trkpt>
      <trkpt lat="10.5960502" lon="104.1334170"><ele>9.8</ele><time>2026-05-02T01:41:11.001Z</time></trkpt>
      <trkpt lat="10.5960815" lon="104.1334202"><ele>9.7</ele><time>2026-05-02T01:41:12.002Z</time></trkpt>
      <trkpt lat="10.5961155" lon="104.1334234"><ele>9.7</ele><time>2026-05-02T01:41:13.000Z</time></trkpt>
      <trkpt lat="10.5961482" lon="104.1334276"><ele>9.6</ele><time>2026-05-02T01:41:14.000Z</time></trkpt>
      <trkpt lat="10.5961789" lon="104.1334363"><ele>9.5</ele><time>2026-05-02T01:41:15.001Z</time></trkpt>
      <trkpt lat="10.5962104" lon="104.1334436"><ele>9.4</ele><time>2026-05-02T01:41:16.001Z</time></trkpt>
      <trkpt lat="10.5962419" lon="104.1334493"><ele>9.3</ele><time>2026-05-02T01:41:17.001Z</time></trkpt>
      <trkpt lat="10.5962722" lon="104.1334517"><ele>9.3</ele><time>2026-05-02T01:41:18.002Z</time></trkpt>
      <trkpt lat="10.5963028" lon="104.1334513"><ele>9.4</ele><time>2026-05-02T01:41:19.003Z</time></trkpt>
      <trkpt lat="10.5963323" lon="104.1334509"><ele>9.3</ele><time>2026-05-02T01:41:20.001Z</time></trkpt>
      <trkpt lat="10.5963630" lon="104.1334543"><ele>9.3</ele><time>2026-05-02T01:41:21.002Z</time></trkpt>
      <trkpt lat="10.5963943" lon="104.1334616"><ele>9.1</ele><time>2026-05-02T01:41:22.002Z</time></trkpt>
      <trkpt lat="10.5964273" lon="104.1334672"><ele>9.2</ele><time>2026-05-02T01:41:23.001Z</time></trkpt>
      <trkpt lat="10.5964607" lon="104.1334700"><ele>9.3</ele><time>2026-05-02T01:41:24.002Z</time></trkpt>
      <trkpt lat="10.5964938" lon="104.1334723"><ele>9.4</ele><time>2026-05-02T01:41:25.002Z</time></trkpt>
      <trkpt lat="10.5965280" lon="104.1334757"><ele>9.6</ele><time>2026-05-02T01:41:26.000Z</time></trkpt>
      <trkpt lat="10.5965630" lon="104.1334797"><ele>9.5</ele><time>2026-05-02T01:41:27.001Z</time></trkpt>
      <trkpt lat="10.5965989" lon="104.1334817"><ele>9.7</ele><time>2026-05-02T01:41:28.001Z</time></trkpt>
      <trkpt lat="10.5966345" lon="104.1334822"><ele>9.7</ele><time>2026-05-02T01:41:29.002Z</time></trkpt>
      <trkpt lat="10.5966698" lon="104.1334834"><ele>9.8</ele><time>2026-05-02T01:41:30.001Z</time></trkpt>
      <trkpt lat="10.5967063" lon="104.1334852"><ele>9.8</ele><time>2026-05-02T01:41:31.000Z</time></trkpt>
      <trkpt lat="10.5967425" lon="104.1334863"><ele>9.6</ele><time>2026-05-02T01:41:32.000Z</time></trkpt>
      <trkpt lat="10.5967761" lon="104.1334881"><ele>9.1</ele><time>2026-05-02T01:41:33.001Z</time></trkpt>
      <trkpt lat="10.5968111" lon="104.1334893"><ele>8.7</ele><time>2026-05-02T01:41:34.001Z</time></trkpt>
      <trkpt lat="10.5968471" lon="104.1334893"><ele>8.6</ele><time>2026-05-02T01:41:35.001Z</time></trkpt>
      <trkpt lat="10.5968819" lon="104.1334909"><ele>8.6</ele><time>2026-05-02T01:41:36.002Z</time></trkpt>
      <trkpt lat="10.5969183" lon="104.1334915"><ele>8.5</ele><time>2026-05-02T01:41:37.002Z</time></trkpt>
      <trkpt lat="10.5969559" lon="104.1334939"><ele>8.3</ele><time>2026-05-02T01:41:38.001Z</time></trkpt>
      <trkpt lat="10.5969939" lon="104.1334972"><ele>8.2</ele><time>2026-05-02T01:41:39.002Z</time></trkpt>
      <trkpt lat="10.5970306" lon="104.1334988"><ele>8.2</ele><time>2026-05-02T01:41:40.003Z</time></trkpt>
      <trkpt lat="10.5970662" lon="104.1334988"><ele>8.2</ele><time>2026-05-02T01:41:41.000Z</time></trkpt>
      <trkpt lat="10.5971026" lon="104.1334978"><ele>8.1</ele><time>2026-05-02T01:41:42.001Z</time></trkpt>
      <trkpt lat="10.5971392" lon="104.1334983"><ele>8.1</ele><time>2026-05-02T01:41:43.002Z</time></trkpt>
      <trkpt lat="10.5971751" lon="104.1335012"><ele>8.1</ele><time>2026-05-02T01:41:44.001Z</time></trkpt>
      <trkpt lat="10.5972111" lon="104.1335056"><ele>8.2</ele><time>2026-05-02T01:41:45.002Z</time></trkpt>
      <trkpt lat="10.5972459" lon="104.1335088"><ele>8.3</ele><time>2026-05-02T01:41:46.001Z</time></trkpt>
      <trkpt lat="10.5972815" lon="104.1335134"><ele>8.3</ele><time>2026-05-02T01:41:47.002Z</time></trkpt>
      <trkpt lat="10.5973174" lon="104.1335195"><ele>8.2</ele><time>2026-05-02T01:41:48.001Z</time></trkpt>
      <trkpt lat="10.5973519" lon="104.1335248"><ele>8.2</ele><time>2026-05-02T01:41:49.003Z</time></trkpt>
      <trkpt lat="10.5973879" lon="104.1335304"><ele>8.3</ele><time>2026-05-02T01:41:50.001Z</time></trkpt>
      <trkpt lat="10.5974238" lon="104.1335353"><ele>8.4</ele><time>2026-05-02T01:41:51.001Z</time></trkpt>
      <trkpt lat="10.5974600" lon="104.1335375"><ele>8.4</ele><time>2026-05-02T01:41:52.001Z</time></trkpt>
      <trkpt lat="10.5974958" lon="104.1335403"><ele>8.4</ele><time>2026-05-02T01:41:53.002Z</time></trkpt>
      <trkpt lat="10.5975310" lon="104.1335437"><ele>8.5</ele><time>2026-05-02T01:41:54.001Z</time></trkpt>
      <trkpt lat="10.5975659" lon="104.1335498"><ele>8.5</ele><time>2026-05-02T01:41:55.001Z</time></trkpt>
      <trkpt lat="10.5975998" lon="104.1335565"><ele>8.5</ele><time>2026-05-02T01:41:56.002Z</time></trkpt>
      <trkpt lat="10.5976334" lon="104.1335614"><ele>8.5</ele><time>2026-05-02T01:41:57.002Z</time></trkpt>
      <trkpt lat="10.5976674" lon="104.1335626"><ele>8.6</ele><time>2026-05-02T01:41:58.002Z</time></trkpt>
      <trkpt lat="10.5977003" lon="104.1335629"><ele>8.8</ele><time>2026-05-02T01:41:59.001Z</time></trkpt>
      <trkpt lat="10.5977341" lon="104.1335630"><ele>8.9</ele><time>2026-05-02T01:42:00.001Z</time></trkpt>
      <trkpt lat="10.5977668" lon="104.1335648"><ele>9.0</ele><time>2026-05-02T01:42:01.002Z</time></trkpt>
      <trkpt lat="10.5977957" lon="104.1335670"><ele>9.2</ele><time>2026-05-02T01:42:02.003Z</time></trkpt>
      <trkpt lat="10.5978247" lon="104.1335689"><ele>9.3</ele><time>2026-05-02T01:42:03.002Z</time></trkpt>
      <trkpt lat="10.5978529" lon="104.1335743"><ele>9.2</ele><time>2026-05-02T01:42:04.002Z</time></trkpt>
      <trkpt lat="10.5978760" lon="104.1335874"><ele>9.0</ele><time>2026-05-02T01:42:05.001Z</time></trkpt>
      <trkpt lat="10.5978942" lon="104.1336097"><ele>8.8</ele><time>2026-05-02T01:42:06.000Z</time></trkpt>
      <trkpt lat="10.5979048" lon="104.1336376"><ele>8.8</ele><time>2026-05-02T01:42:07.001Z</time></trkpt>
      <trkpt lat="10.5979089" lon="104.1336707"><ele>8.9</ele><time>2026-05-02T01:42:08.002Z</time></trkpt>
      <trkpt lat="10.5979068" lon="104.1337060"><ele>9.0</ele><time>2026-05-02T01:42:09.000Z</time></trkpt>
      <trkpt lat="10.5978966" lon="104.1337405"><ele>9.0</ele><time>2026-05-02T01:42:10.001Z</time></trkpt>
      <trkpt lat="10.5978914" lon="104.1337655"><ele>9.0</ele><time>2026-05-02T01:42:10.657Z</time></trkpt>
      <trkpt lat="10.5978837" lon="104.1337754"><ele>9.0</ele><time>2026-05-02T01:42:11.001Z</time></trkpt>
      <trkpt lat="10.5978651" lon="104.1337966"><ele>9.0</ele><time>2026-05-02T01:42:11.776Z</time></trkpt>
      <trkpt lat="10.5978621" lon="104.1338043"><ele>9.1</ele><time>2026-05-02T01:42:12.001Z</time></trkpt>
      <trkpt lat="10.5978580" lon="104.1338123"><ele>9.2</ele><time>2026-05-02T01:42:12.246Z</time></trkpt>
      <trkpt lat="10.5978505" lon="104.1338394"><ele>9.2</ele><time>2026-05-02T01:42:13.001Z</time></trkpt>
      <trkpt lat="10.5978486" lon="104.1338507"><ele>9.2</ele><time>2026-05-02T01:42:13.289Z</time></trkpt>
      <trkpt lat="10.5978400" lon="104.1338771"><ele>9.1</ele><time>2026-05-02T01:42:14.017Z</time></trkpt>
      <trkpt lat="10.5978367" lon="104.1338981"><ele>9.1</ele><time>2026-05-02T01:42:14.555Z</time></trkpt>
      <trkpt lat="10.5978347" lon="104.1339161"><ele>9.2</ele><time>2026-05-02T01:42:15.002Z</time></trkpt>
      <trkpt lat="10.5978340" lon="104.1339219"><ele>9.3</ele><time>2026-05-02T01:42:15.128Z</time></trkpt>
      <trkpt lat="10.5978254" lon="104.1339426"><ele>9.4</ele><time>2026-05-02T01:42:15.692Z</time></trkpt>
      <trkpt lat="10.5978236" lon="104.1339553"><ele>9.4</ele><time>2026-05-02T01:42:16.001Z</time></trkpt>
      <trkpt lat="10.5978185" lon="104.1339955"><ele>9.5</ele><time>2026-05-02T01:42:17.001Z</time></trkpt>
      <trkpt lat="10.5978192" lon="104.1340050"><ele>9.5</ele><time>2026-05-02T01:42:17.208Z</time></trkpt>
      <trkpt lat="10.5978167" lon="104.1340348"><ele>9.5</ele><time>2026-05-02T01:42:17.931Z</time></trkpt>
      <trkpt lat="10.5978207" lon="104.1340671"><ele>9.5</ele><time>2026-05-02T01:42:18.716Z</time></trkpt>
      <trkpt lat="10.5978223" lon="104.1340782"><ele>9.4</ele><time>2026-05-02T01:42:19.002Z</time></trkpt>
      <trkpt lat="10.5978204" lon="104.1340966"><ele>9.3</ele><time>2026-05-02T01:42:19.471Z</time></trkpt>
      <trkpt lat="10.5978167" lon="104.1341143"><ele>9.2</ele><time>2026-05-02T01:42:19.912Z</time></trkpt>
      <trkpt lat="10.5978169" lon="104.1341177"><ele>9.2</ele><time>2026-05-02T01:42:20.001Z</time></trkpt>
      <trkpt lat="10.5978152" lon="104.1341509"><ele>9.2</ele><time>2026-05-02T01:42:21.001Z</time></trkpt>
      <trkpt lat="10.5978092" lon="104.1341917"><ele>9.3</ele><time>2026-05-02T01:42:22.001Z</time></trkpt>
      <trkpt lat="10.5978037" lon="104.1342330"><ele>9.3</ele><time>2026-05-02T01:42:23.001Z</time></trkpt>
      <trkpt lat="10.5977995" lon="104.1342753"><ele>9.3</ele><time>2026-05-02T01:42:24.001Z</time></trkpt>
      <trkpt lat="10.5977968" lon="104.1343171"><ele>9.3</ele><time>2026-05-02T01:42:25.000Z</time></trkpt>
      <trkpt lat="10.5977818" lon="104.1343611"><ele>9.3</ele><time>2026-05-02T01:42:26.009Z</time></trkpt>
      <trkpt lat="10.5977838" lon="104.1343725"><ele>9.5</ele><time>2026-05-02T01:42:26.261Z</time></trkpt>
      <trkpt lat="10.5977820" lon="104.1343927"><ele>9.5</ele><time>2026-05-02T01:42:26.756Z</time></trkpt>
      <trkpt lat="10.5977808" lon="104.1344035"><ele>9.5</ele><time>2026-05-02T01:42:27.013Z</time></trkpt>
      <trkpt lat="10.5977816" lon="104.1344217"><ele>9.5</ele><time>2026-05-02T01:42:27.449Z</time></trkpt>
      <trkpt lat="10.5977816" lon="104.1344423"><ele>9.5</ele><time>2026-05-02T01:42:27.935Z</time></trkpt>
      <trkpt lat="10.5977835" lon="104.1344785"><ele>9.4</ele><time>2026-05-02T01:42:28.777Z</time></trkpt>
      <trkpt lat="10.5977834" lon="104.1344888"><ele>9.4</ele><time>2026-05-02T01:42:29.023Z</time></trkpt>
      <trkpt lat="10.5977848" lon="104.1345074"><ele>9.3</ele><time>2026-05-02T01:42:29.449Z</time></trkpt>
      <trkpt lat="10.5977835" lon="104.1345263"><ele>9.3</ele><time>2026-05-02T01:42:29.892Z</time></trkpt>
      <trkpt lat="10.5977830" lon="104.1345319"><ele>9.4</ele><time>2026-05-02T01:42:30.000Z</time></trkpt>
      <trkpt lat="10.5977801" lon="104.1345453"><ele>9.4</ele><time>2026-05-02T01:42:30.334Z</time></trkpt>
      <trkpt lat="10.5977790" lon="104.1345721"><ele>9.5</ele><time>2026-05-02T01:42:31.000Z</time></trkpt>
      <trkpt lat="10.5977723" lon="104.1346128"><ele>9.6</ele><time>2026-05-02T01:42:32.001Z</time></trkpt>
      <trkpt lat="10.5977660" lon="104.1346529"><ele>9.6</ele><time>2026-05-02T01:42:33.002Z</time></trkpt>
      <trkpt lat="10.5977602" lon="104.1346911"><ele>9.5</ele><time>2026-05-02T01:42:34.001Z</time></trkpt>
      <trkpt lat="10.5977533" lon="104.1347263"><ele>9.4</ele><time>2026-05-02T01:42:35.001Z</time></trkpt>
      <trkpt lat="10.5977496" lon="104.1347624"><ele>9.2</ele><time>2026-05-02T01:42:36.001Z</time></trkpt>
      <trkpt lat="10.5977518" lon="104.1347998"><ele>9.1</ele><time>2026-05-02T01:42:37.001Z</time></trkpt>
      <trkpt lat="10.5977547" lon="104.1348360"><ele>8.9</ele><time>2026-05-02T01:42:38.002Z</time></trkpt>
      <trkpt lat="10.5977534" lon="104.1348723"><ele>8.9</ele><time>2026-05-02T01:42:39.002Z</time></trkpt>
      <trkpt lat="10.5977505" lon="104.1349063"><ele>8.9</ele><time>2026-05-02T01:42:40.002Z</time></trkpt>
      <trkpt lat="10.5977477" lon="104.1349382"><ele>9.0</ele><time>2026-05-02T01:42:41.002Z</time></trkpt>
      <trkpt lat="10.5977418" lon="104.1349718"><ele>9.0</ele><time>2026-05-02T01:42:42.002Z</time></trkpt>
      <trkpt lat="10.5977330" lon="104.1350051"><ele>9.1</ele><time>2026-05-02T01:42:43.002Z</time></trkpt>
      <trkpt lat="10.5977251" lon="104.1350409"><ele>8.9</ele><time>2026-05-02T01:42:44.001Z</time></trkpt>
      <trkpt lat="10.5977185" lon="104.1350802"><ele>8.8</ele><time>2026-05-02T01:42:45.001Z</time></trkpt>
      <trkpt lat="10.5977104" lon="104.1351190"><ele>8.6</ele><time>2026-05-02T01:42:46.002Z</time></trkpt>
      <trkpt lat="10.5977020" lon="104.1351570"><ele>8.4</ele><time>2026-05-02T01:42:47.001Z</time></trkpt>
      <trkpt lat="10.5976955" lon="104.1351938"><ele>8.1</ele><time>2026-05-02T01:42:48.001Z</time></trkpt>
      <trkpt lat="10.5976993" lon="104.1352291"><ele>7.9</ele><time>2026-05-02T01:42:49.001Z</time></trkpt>
      <trkpt lat="10.5977146" lon="104.1352619"><ele>7.7</ele><time>2026-05-02T01:42:50.001Z</time></trkpt>
      <trkpt lat="10.5977429" lon="104.1352857"><ele>7.7</ele><time>2026-05-02T01:42:51.002Z</time></trkpt>
      <trkpt lat="10.5977779" lon="104.1352993"><ele>7.6</ele><time>2026-05-02T01:42:52.002Z</time></trkpt>
      <trkpt lat="10.5978138" lon="104.1353097"><ele>7.5</ele><time>2026-05-02T01:42:53.001Z</time></trkpt>
      <trkpt lat="10.5978490" lon="104.1353140"><ele>7.4</ele><time>2026-05-02T01:42:54.001Z</time></trkpt>
      <trkpt lat="10.5978849" lon="104.1353147"><ele>7.3</ele><time>2026-05-02T01:42:55.001Z</time></trkpt>
      <trkpt lat="10.5979237" lon="104.1353182"><ele>7.3</ele><time>2026-05-02T01:42:56.001Z</time></trkpt>
      <trkpt lat="10.5979617" lon="104.1353197"><ele>7.1</ele><time>2026-05-02T01:42:57.001Z</time></trkpt>
      <trkpt lat="10.5980002" lon="104.1353198"><ele>6.9</ele><time>2026-05-02T01:42:58.001Z</time></trkpt>
      <trkpt lat="10.5980385" lon="104.1353207"><ele>6.6</ele><time>2026-05-02T01:42:59.001Z</time></trkpt>
      <trkpt lat="10.5980783" lon="104.1353209"><ele>6.6</ele><time>2026-05-02T01:43:00.001Z</time></trkpt>
      <trkpt lat="10.5981192" lon="104.1353209"><ele>6.7</ele><time>2026-05-02T01:43:01.001Z</time></trkpt>
      <trkpt lat="10.5981617" lon="104.1353238"><ele>6.6</ele><time>2026-05-02T01:43:02.001Z</time></trkpt>
      <trkpt lat="10.5982024" lon="104.1353258"><ele>6.5</ele><time>2026-05-02T01:43:03.001Z</time></trkpt>
      <trkpt lat="10.5982451" lon="104.1353291"><ele>6.3</ele><time>2026-05-02T01:43:04.001Z</time></trkpt>
      <trkpt lat="10.5982867" lon="104.1353340"><ele>6.2</ele><time>2026-05-02T01:43:05.002Z</time></trkpt>
      <trkpt lat="10.5983287" lon="104.1353372"><ele>6.3</ele><time>2026-05-02T01:43:06.001Z</time></trkpt>
      <trkpt lat="10.5983704" lon="104.1353379"><ele>6.3</ele><time>2026-05-02T01:43:07.001Z</time></trkpt>
      <trkpt lat="10.5984121" lon="104.1353386"><ele>6.4</ele><time>2026-05-02T01:43:08.001Z</time></trkpt>
      <trkpt lat="10.5984555" lon="104.1353385"><ele>6.3</ele><time>2026-05-02T01:43:09.001Z</time></trkpt>
      <trkpt lat="10.5984982" lon="104.1353388"><ele>6.3</ele><time>2026-05-02T01:43:10.002Z</time></trkpt>
      <trkpt lat="10.5985406" lon="104.1353423"><ele>6.3</ele><time>2026-05-02T01:43:11.002Z</time></trkpt>
      <trkpt lat="10.5985816" lon="104.1353466"><ele>6.3</ele><time>2026-05-02T01:43:12.001Z</time></trkpt>
      <trkpt lat="10.5986226" lon="104.1353525"><ele>6.3</ele><time>2026-05-02T01:43:13.002Z</time></trkpt>
      <trkpt lat="10.5986628" lon="104.1353589"><ele>6.4</ele><time>2026-05-02T01:43:14.002Z</time></trkpt>
      <trkpt lat="10.5987036" lon="104.1353640"><ele>6.4</ele><time>2026-05-02T01:43:15.001Z</time></trkpt>
      <trkpt lat="10.5987444" lon="104.1353703"><ele>6.4</ele><time>2026-05-02T01:43:16.001Z</time></trkpt>
      <trkpt lat="10.5987845" lon="104.1353793"><ele>6.4</ele><time>2026-05-02T01:43:17.001Z</time></trkpt>
      <trkpt lat="10.5988242" lon="104.1353901"><ele>6.4</ele><time>2026-05-02T01:43:18.001Z</time></trkpt>
      <trkpt lat="10.5988639" lon="104.1354013"><ele>6.4</ele><time>2026-05-02T01:43:19.001Z</time></trkpt>
      <trkpt lat="10.5989029" lon="104.1354145"><ele>6.4</ele><time>2026-05-02T01:43:20.000Z</time></trkpt>
      <trkpt lat="10.5989412" lon="104.1354261"><ele>6.3</ele><time>2026-05-02T01:43:21.001Z</time></trkpt>
      <trkpt lat="10.5989794" lon="104.1354357"><ele>6.0</ele><time>2026-05-02T01:43:22.001Z</time></trkpt>
      <trkpt lat="10.5990166" lon="104.1354476"><ele>5.7</ele><time>2026-05-02T01:43:23.000Z</time></trkpt>
      <trkpt lat="10.5990521" lon="104.1354643"><ele>5.6</ele><time>2026-05-02T01:43:24.001Z</time></trkpt>
      <trkpt lat="10.5990880" lon="104.1354802"><ele>5.6</ele><time>2026-05-02T01:43:25.001Z</time></trkpt>
      <trkpt lat="10.5991259" lon="104.1354951"><ele>5.7</ele><time>2026-05-02T01:43:26.001Z</time></trkpt>
      <trkpt lat="10.5991654" lon="104.1355092"><ele>5.7</ele><time>2026-05-02T01:43:27.002Z</time></trkpt>
      <trkpt lat="10.5992064" lon="104.1355248"><ele>5.8</ele><time>2026-05-02T01:43:28.002Z</time></trkpt>
      <trkpt lat="10.5992457" lon="104.1355421"><ele>5.8</ele><time>2026-05-02T01:43:29.001Z</time></trkpt>
      <trkpt lat="10.5992839" lon="104.1355596"><ele>5.9</ele><time>2026-05-02T01:43:30.002Z</time></trkpt>
      <trkpt lat="10.5993224" lon="104.1355771"><ele>6.0</ele><time>2026-05-02T01:43:31.002Z</time></trkpt>
      <trkpt lat="10.5993610" lon="104.1355934"><ele>6.1</ele><time>2026-05-02T01:43:32.001Z</time></trkpt>
      <trkpt lat="10.5993995" lon="104.1356080"><ele>6.2</ele><time>2026-05-02T01:43:33.003Z</time></trkpt>
      <trkpt lat="10.5994399" lon="104.1356223"><ele>6.1</ele><time>2026-05-02T01:43:34.001Z</time></trkpt>
      <trkpt lat="10.5994796" lon="104.1356370"><ele>6.2</ele><time>2026-05-02T01:43:35.001Z</time></trkpt>
      <trkpt lat="10.5995200" lon="104.1356527"><ele>6.2</ele><time>2026-05-02T01:43:36.002Z</time></trkpt>
      <trkpt lat="10.5995597" lon="104.1356696"><ele>6.3</ele><time>2026-05-02T01:43:37.001Z</time></trkpt>
      <trkpt lat="10.5996018" lon="104.1356819"><ele>6.3</ele><time>2026-05-02T01:43:38.002Z</time></trkpt>
      <trkpt lat="10.5996451" lon="104.1356877"><ele>6.2</ele><time>2026-05-02T01:43:39.001Z</time></trkpt>
      <trkpt lat="10.5996889" lon="104.1357002"><ele>6.2</ele><time>2026-05-02T01:43:40.001Z</time></trkpt>
      <trkpt lat="10.5997214" lon="104.1357286"><ele>6.0</ele><time>2026-05-02T01:43:41.002Z</time></trkpt>
      <trkpt lat="10.5997548" lon="104.1357561"><ele>5.9</ele><time>2026-05-02T01:43:42.001Z</time></trkpt>
      <trkpt lat="10.5997947" lon="104.1357617"><ele>5.7</ele><time>2026-05-02T01:43:43.001Z</time></trkpt>
      <trkpt lat="10.5998392" lon="104.1357662"><ele>5.5</ele><time>2026-05-02T01:43:44.001Z</time></trkpt>
      <trkpt lat="10.5998741" lon="104.1357767"><ele>5.4</ele><time>2026-05-02T01:43:45.001Z</time></trkpt>
      <trkpt lat="10.5999110" lon="104.1357904"><ele>5.3</ele><time>2026-05-02T01:43:46.001Z</time></trkpt>
      <trkpt lat="10.5999467" lon="104.1358040"><ele>5.4</ele><time>2026-05-02T01:43:47.002Z</time></trkpt>
      <trkpt lat="10.5999850" lon="104.1358137"><ele>5.4</ele><time>2026-05-02T01:43:48.002Z</time></trkpt>
      <trkpt lat="10.6000242" lon="104.1358242"><ele>5.4</ele><time>2026-05-02T01:43:49.001Z</time></trkpt>
      <trkpt lat="10.6000623" lon="104.1358370"><ele>5.3</ele><time>2026-05-02T01:43:50.001Z</time></trkpt>
      <trkpt lat="10.6000995" lon="104.1358495"><ele>5.3</ele><time>2026-05-02T01:43:51.001Z</time></trkpt>
      <trkpt lat="10.6001368" lon="104.1358661"><ele>5.4</ele><time>2026-05-02T01:43:52.000Z</time></trkpt>
      <trkpt lat="10.6001716" lon="104.1358848"><ele>5.5</ele><time>2026-05-02T01:43:53.002Z</time></trkpt>
      <trkpt lat="10.6002054" lon="104.1359066"><ele>5.4</ele><time>2026-05-02T01:43:54.001Z</time></trkpt>
      <trkpt lat="10.6002380" lon="104.1359316"><ele>5.3</ele><time>2026-05-02T01:43:54.999Z</time></trkpt>
      <trkpt lat="10.6002685" lon="104.1359596"><ele>5.2</ele><time>2026-05-02T01:43:56.001Z</time></trkpt>
      <trkpt lat="10.6002955" lon="104.1359900"><ele>5.1</ele><time>2026-05-02T01:43:57.001Z</time></trkpt>
      <trkpt lat="10.6003237" lon="104.1360218"><ele>5.0</ele><time>2026-05-02T01:43:58.001Z</time></trkpt>
      <trkpt lat="10.6003528" lon="104.1360533"><ele>5.0</ele><time>2026-05-02T01:43:59.001Z</time></trkpt>
      <trkpt lat="10.6003797" lon="104.1360866"><ele>5.1</ele><time>2026-05-02T01:44:00.001Z</time></trkpt>
      <trkpt lat="10.6004055" lon="104.1361216"><ele>5.3</ele><time>2026-05-02T01:44:01.000Z</time></trkpt>
      <trkpt lat="10.6004297" lon="104.1361563"><ele>5.4</ele><time>2026-05-02T01:44:02.002Z</time></trkpt>
      <trkpt lat="10.6004537" lon="104.1361920"><ele>5.7</ele><time>2026-05-02T01:44:03.000Z</time></trkpt>
      <trkpt lat="10.6004764" lon="104.1362278"><ele>5.8</ele><time>2026-05-02T01:44:04.000Z</time></trkpt>
      <trkpt lat="10.6004983" lon="104.1362630"><ele>6.1</ele><time>2026-05-02T01:44:05.001Z</time></trkpt>
      <trkpt lat="10.6005187" lon="104.1362999"><ele>6.2</ele><time>2026-05-02T01:44:06.000Z</time></trkpt>
      <trkpt lat="10.6005367" lon="104.1363369"><ele>6.4</ele><time>2026-05-02T01:44:07.002Z</time></trkpt>
      <trkpt lat="10.6005537" lon="104.1363742"><ele>6.5</ele><time>2026-05-02T01:44:08.001Z</time></trkpt>
      <trkpt lat="10.6005685" lon="104.1364124"><ele>6.6</ele><time>2026-05-02T01:44:09.000Z</time></trkpt>
      <trkpt lat="10.6005820" lon="104.1364518"><ele>6.8</ele><time>2026-05-02T01:44:10.001Z</time></trkpt>
      <trkpt lat="10.6005915" lon="104.1364925"><ele>6.9</ele><time>2026-05-02T01:44:11.001Z</time></trkpt>
      <trkpt lat="10.6005980" lon="104.1365333"><ele>7.0</ele><time>2026-05-02T01:44:12.002Z</time></trkpt>
      <trkpt lat="10.6006023" lon="104.1365750"><ele>7.1</ele><time>2026-05-02T01:44:13.002Z</time></trkpt>
      <trkpt lat="10.6006030" lon="104.1366177"><ele>7.3</ele><time>2026-05-02T01:44:14.000Z</time></trkpt>
      <trkpt lat="10.6006009" lon="104.1366612"><ele>7.5</ele><time>2026-05-02T01:44:15.001Z</time></trkpt>
      <trkpt lat="10.6006001" lon="104.1367045"><ele>7.6</ele><time>2026-05-02T01:44:16.002Z</time></trkpt>
      <trkpt lat="10.6005983" lon="104.1367471"><ele>7.6</ele><time>2026-05-02T01:44:17.001Z</time></trkpt>
      <trkpt lat="10.6005930" lon="104.1367906"><ele>7.6</ele><time>2026-05-02T01:44:18.000Z</time></trkpt>
      <trkpt lat="10.6005847" lon="104.1368344"><ele>7.6</ele><time>2026-05-02T01:44:19.001Z</time></trkpt>
      <trkpt lat="10.6005780" lon="104.1368787"><ele>7.6</ele><time>2026-05-02T01:44:20.001Z</time></trkpt>
      <trkpt lat="10.6005723" lon="104.1369226"><ele>7.7</ele><time>2026-05-02T01:44:21.000Z</time></trkpt>
      <trkpt lat="10.6005688" lon="104.1369665"><ele>7.7</ele><time>2026-05-02T01:44:22.001Z</time></trkpt>
      <trkpt lat="10.6005676" lon="104.1370105"><ele>7.8</ele><time>2026-05-02T01:44:23.000Z</time></trkpt>
      <trkpt lat="10.6005668" lon="104.1370542"><ele>7.9</ele><time>2026-05-02T01:44:24.001Z</time></trkpt>
      <trkpt lat="10.6005633" lon="104.1370972"><ele>7.9</ele><time>2026-05-02T01:44:25.001Z</time></trkpt>
      <trkpt lat="10.6005575" lon="104.1371402"><ele>7.9</ele><time>2026-05-02T01:44:26.001Z</time></trkpt>
      <trkpt lat="10.6005552" lon="104.1371848"><ele>7.8</ele><time>2026-05-02T01:44:27.001Z</time></trkpt>
      <trkpt lat="10.6005495" lon="104.1372316"><ele>7.7</ele><time>2026-05-02T01:44:28.001Z</time></trkpt>
      <trkpt lat="10.6005387" lon="104.1372696"><ele>7.2</ele><time>2026-05-02T01:44:29.001Z</time></trkpt>
      <trkpt lat="10.6005326" lon="104.1373161"><ele>6.7</ele><time>2026-05-02T01:44:30.001Z</time></trkpt>
      <trkpt lat="10.6005293" lon="104.1373622"><ele>6.1</ele><time>2026-05-02T01:44:31.001Z</time></trkpt>
      <trkpt lat="10.6005235" lon="104.1374119"><ele>6.0</ele><time>2026-05-02T01:44:32.000Z</time></trkpt>
      <trkpt lat="10.6005169" lon="104.1374665"><ele>6.0</ele><time>2026-05-02T01:44:33.000Z</time></trkpt>
      <trkpt lat="10.6005110" lon="104.1375182"><ele>6.0</ele><time>2026-05-02T01:44:34.000Z</time></trkpt>
      <trkpt lat="10.6005086" lon="104.1375747"><ele>6.2</ele><time>2026-05-02T01:44:35.001Z</time></trkpt>
      <trkpt lat="10.6005044" lon="104.1376235"><ele>6.2</ele><time>2026-05-02T01:44:36.000Z</time></trkpt>
      <trkpt lat="10.6004975" lon="104.1376792"><ele>6.3</ele><time>2026-05-02T01:44:37.001Z</time></trkpt>
      <trkpt lat="10.6004896" lon="104.1377270"><ele>6.1</ele><time>2026-05-02T01:44:38.001Z</time></trkpt>
      <trkpt lat="10.6004839" lon="104.1377804"><ele>5.8</ele><time>2026-05-02T01:44:39.001Z</time></trkpt>
      <trkpt lat="10.6004814" lon="104.1378346"><ele>5.5</ele><time>2026-05-02T01:44:40.000Z</time></trkpt>
      <trkpt lat="10.6004744" lon="104.1378901"><ele>5.5</ele><time>2026-05-02T01:44:41.001Z</time></trkpt>
      <trkpt lat="10.6004702" lon="104.1379412"><ele>5.8</ele><time>2026-05-02T01:44:42.000Z</time></trkpt>
      <trkpt lat="10.6004674" lon="104.1379942"><ele>5.9</ele><time>2026-05-02T01:44:43.001Z</time></trkpt>
      <trkpt lat="10.6004728" lon="104.1380476"><ele>6.0</ele><time>2026-05-02T01:44:44.002Z</time></trkpt>
      <trkpt lat="10.6004777" lon="104.1380980"><ele>6.1</ele><time>2026-05-02T01:44:45.001Z</time></trkpt>
      <trkpt lat="10.6004778" lon="104.1381496"><ele>6.1</ele><time>2026-05-02T01:44:46.000Z</time></trkpt>
      <trkpt lat="10.6004761" lon="104.1381993"><ele>6.0</ele><time>2026-05-02T01:44:47.000Z</time></trkpt>
      <trkpt lat="10.6004766" lon="104.1382536"><ele>6.0</ele><time>2026-05-02T01:44:48.001Z</time></trkpt>
      <trkpt lat="10.6004889" lon="104.1382932"><ele>6.0</ele><time>2026-05-02T01:44:49.001Z</time></trkpt>
      <trkpt lat="10.6005100" lon="104.1383397"><ele>6.1</ele><time>2026-05-02T01:44:50.001Z</time></trkpt>
      <trkpt lat="10.6005491" lon="104.1383727"><ele>6.3</ele><time>2026-05-02T01:44:51.000Z</time></trkpt>
      <trkpt lat="10.6005933" lon="104.1383951"><ele>6.3</ele><time>2026-05-02T01:44:52.001Z</time></trkpt>
      <trkpt lat="10.6006403" lon="104.1384151"><ele>6.2</ele><time>2026-05-02T01:44:53.000Z</time></trkpt>
      <trkpt lat="10.6006842" lon="104.1384361"><ele>6.1</ele><time>2026-05-02T01:44:54.002Z</time></trkpt>
      <trkpt lat="10.6007310" lon="104.1384535"><ele>6.1</ele><time>2026-05-02T01:44:55.001Z</time></trkpt>
      <trkpt lat="10.6007766" lon="104.1384713"><ele>6.3</ele><time>2026-05-02T01:44:56.001Z</time></trkpt>
      <trkpt lat="10.6008230" lon="104.1384831"><ele>6.4</ele><time>2026-05-02T01:44:57.000Z</time></trkpt>
      <trkpt lat="10.6008717" lon="104.1384884"><ele>6.6</ele><time>2026-05-02T01:44:58.001Z</time></trkpt>
      <trkpt lat="10.6009163" lon="104.1384994"><ele>6.6</ele><time>2026-05-02T01:44:59.001Z</time></trkpt>
      <trkpt lat="10.6009592" lon="104.1385071"><ele>6.6</ele><time>2026-05-02T01:45:00.002Z</time></trkpt>
      <trkpt lat="10.6010017" lon="104.1385163"><ele>6.7</ele><time>2026-05-02T01:45:01.001Z</time></trkpt>
      <trkpt lat="10.6010421" lon="104.1385309"><ele>7.0</ele><time>2026-05-02T01:45:02.002Z</time></trkpt>
      <trkpt lat="10.6010843" lon="104.1385477"><ele>7.3</ele><time>2026-05-02T01:45:03.000Z</time></trkpt>
      <trkpt lat="10.6011249" lon="104.1385606"><ele>7.7</ele><time>2026-05-02T01:45:04.000Z</time></trkpt>
      <trkpt lat="10.6011671" lon="104.1385737"><ele>8.0</ele><time>2026-05-02T01:45:05.001Z</time></trkpt>
      <trkpt lat="10.6012044" lon="104.1385860"><ele>8.2</ele><time>2026-05-02T01:45:05.999Z</time></trkpt>
      <trkpt lat="10.6012511" lon="104.1386055"><ele>7.9</ele><time>2026-05-02T01:45:07.002Z</time></trkpt>
      <trkpt lat="10.6012915" lon="104.1386133"><ele>8.0</ele><time>2026-05-02T01:45:08.001Z</time></trkpt>
      <trkpt lat="10.6013338" lon="104.1386238"><ele>8.2</ele><time>2026-05-02T01:45:09.000Z</time></trkpt>
      <trkpt lat="10.6013762" lon="104.1386382"><ele>8.4</ele><time>2026-05-02T01:45:10.001Z</time></trkpt>
      <trkpt lat="10.6014210" lon="104.1386503"><ele>8.3</ele><time>2026-05-02T01:45:11.002Z</time></trkpt>
      <trkpt lat="10.6014637" lon="104.1386626"><ele>8.2</ele><time>2026-05-02T01:45:12.002Z</time></trkpt>
      <trkpt lat="10.6015040" lon="104.1386756"><ele>8.2</ele><time>2026-05-02T01:45:13.001Z</time></trkpt>
      <trkpt lat="10.6015425" lon="104.1386830"><ele>8.2</ele><time>2026-05-02T01:45:14.000Z</time></trkpt>
      <trkpt lat="10.6015843" lon="104.1386889"><ele>8.2</ele><time>2026-05-02T01:45:15.001Z</time></trkpt>
      <trkpt lat="10.6016261" lon="104.1386918"><ele>8.2</ele><time>2026-05-02T01:45:16.001Z</time></trkpt>
      <trkpt lat="10.6016687" lon="104.1386944"><ele>8.1</ele><time>2026-05-02T01:45:17.001Z</time></trkpt>
      <trkpt lat="10.6017101" lon="104.1386877"><ele>7.9</ele><time>2026-05-02T01:45:18.000Z</time></trkpt>
      <trkpt lat="10.6017482" lon="104.1386683"><ele>7.8</ele><time>2026-05-02T01:45:19.001Z</time></trkpt>
      <trkpt lat="10.6017809" lon="104.1386450"><ele>7.4</ele><time>2026-05-02T01:45:19.999Z</time></trkpt>
      <trkpt lat="10.6018067" lon="104.1386146"><ele>7.1</ele><time>2026-05-02T01:45:21.001Z</time></trkpt>
      <trkpt lat="10.6018310" lon="104.1385798"><ele>6.7</ele><time>2026-05-02T01:45:21.999Z</time></trkpt>
      <trkpt lat="10.6018498" lon="104.1385387"><ele>6.4</ele><time>2026-05-02T01:45:23.000Z</time></trkpt>
      <trkpt lat="10.6018664" lon="104.1384958"><ele>6.2</ele><time>2026-05-02T01:45:23.999Z</time></trkpt>
      <trkpt lat="10.6018799" lon="104.1384520"><ele>6.1</ele><time>2026-05-02T01:45:25.002Z</time></trkpt>
      <trkpt lat="10.6018856" lon="104.1384026"><ele>6.0</ele><time>2026-05-02T01:45:26.001Z</time></trkpt>
      <trkpt lat="10.6019046" lon="104.1383577"><ele>5.9</ele><time>2026-05-02T01:45:27.000Z</time></trkpt>
      <trkpt lat="10.6019213" lon="104.1383111"><ele>5.8</ele><time>2026-05-02T01:45:27.999Z</time></trkpt>
      <trkpt lat="10.6019366" lon="104.1382616"><ele>5.8</ele><time>2026-05-02T01:45:29.000Z</time></trkpt>
      <trkpt lat="10.6019594" lon="104.1382163"><ele>5.9</ele><time>2026-05-02T01:45:30.001Z</time></trkpt>
      <trkpt lat="10.6019836" lon="104.1381728"><ele>6.1</ele><time>2026-05-02T01:45:31.001Z</time></trkpt>
      <trkpt lat="10.6020073" lon="104.1381298"><ele>6.3</ele><time>2026-05-02T01:45:32.000Z</time></trkpt>
      <trkpt lat="10.6020305" lon="104.1380844"><ele>6.4</ele><time>2026-05-02T01:45:33.001Z</time></trkpt>
      <trkpt lat="10.6020524" lon="104.1380386"><ele>6.5</ele><time>2026-05-02T01:45:34.001Z</time></trkpt>
      <trkpt lat="10.6020812" lon="104.1379975"><ele>6.5</ele><time>2026-05-02T01:45:35.000Z</time></trkpt>
      <trkpt lat="10.6021082" lon="104.1379563"><ele>6.6</ele><time>2026-05-02T01:45:36.001Z</time></trkpt>
      <trkpt lat="10.6021376" lon="104.1379196"><ele>6.7</ele><time>2026-05-02T01:45:37.001Z</time></trkpt>
      <trkpt lat="10.6021695" lon="104.1378823"><ele>6.9</ele><time>2026-05-02T01:45:38.001Z</time></trkpt>
      <trkpt lat="10.6022101" lon="104.1378540"><ele>6.7</ele><time>2026-05-02T01:45:39.000Z</time></trkpt>
      <trkpt lat="10.6022472" lon="104.1378277"><ele>6.3</ele><time>2026-05-02T01:45:40.001Z</time></trkpt>
      <trkpt lat="10.6022865" lon="104.1378014"><ele>6.1</ele><time>2026-05-02T01:45:41.000Z</time></trkpt>
      <trkpt lat="10.6023234" lon="104.1377766"><ele>6.0</ele><time>2026-05-02T01:45:42.001Z</time></trkpt>
      <trkpt lat="10.6023621" lon="104.1377489"><ele>6.2</ele><time>2026-05-02T01:45:43.000Z</time></trkpt>
      <trkpt lat="10.6024016" lon="104.1377182"><ele>6.3</ele><time>2026-05-02T01:45:44.001Z</time></trkpt>
      <trkpt lat="10.6024420" lon="104.1376978"><ele>6.4</ele><time>2026-05-02T01:45:45.000Z</time></trkpt>
      <trkpt lat="10.6024816" lon="104.1376699"><ele>6.4</ele><time>2026-05-02T01:45:46.000Z</time></trkpt>
      <trkpt lat="10.6025218" lon="104.1376432"><ele>6.4</ele><time>2026-05-02T01:45:47.001Z</time></trkpt>
      <trkpt lat="10.6025605" lon="104.1376206"><ele>6.4</ele><time>2026-05-02T01:45:48.001Z</time></trkpt>
      <trkpt lat="10.6025977" lon="104.1375920"><ele>6.3</ele><time>2026-05-02T01:45:49.001Z</time></trkpt>
      <trkpt lat="10.6026378" lon="104.1375697"><ele>6.2</ele><time>2026-05-02T01:45:50.000Z</time></trkpt>
      <trkpt lat="10.6026752" lon="104.1375437"><ele>6.2</ele><time>2026-05-02T01:45:51.000Z</time></trkpt>
      <trkpt lat="10.6027186" lon="104.1375174"><ele>6.2</ele><time>2026-05-02T01:45:51.999Z</time></trkpt>
      <trkpt lat="10.6027568" lon="104.1374895"><ele>6.3</ele><time>2026-05-02T01:45:53.001Z</time></trkpt>
      <trkpt lat="10.6027959" lon="104.1374567"><ele>6.3</ele><time>2026-05-02T01:45:54.000Z</time></trkpt>
      <trkpt lat="10.6028371" lon="104.1374258"><ele>6.3</ele><time>2026-05-02T01:45:55.002Z</time></trkpt>
      <trkpt lat="10.6028839" lon="104.1373977"><ele>6.3</ele><time>2026-05-02T01:45:56.000Z</time></trkpt>
      <trkpt lat="10.6029224" lon="104.1373656"><ele>6.3</ele><time>2026-05-02T01:45:57.002Z</time></trkpt>
      <trkpt lat="10.6029624" lon="104.1373332"><ele>6.3</ele><time>2026-05-02T01:45:58.000Z</time></trkpt>
      <trkpt lat="10.6030033" lon="104.1372990"><ele>6.4</ele><time>2026-05-02T01:45:59.002Z</time></trkpt>
      <trkpt lat="10.6030424" lon="104.1372666"><ele>6.3</ele><time>2026-05-02T01:45:59.999Z</time></trkpt>
      <trkpt lat="10.6030858" lon="104.1372337"><ele>6.1</ele><time>2026-05-02T01:46:01.000Z</time></trkpt>
      <trkpt lat="10.6031296" lon="104.1372013"><ele>5.9</ele><time>2026-05-02T01:46:02.000Z</time></trkpt>
      <trkpt lat="10.6031683" lon="104.1371674"><ele>5.9</ele><time>2026-05-02T01:46:03.002Z</time></trkpt>
      <trkpt lat="10.6032050" lon="104.1371382"><ele>6.1</ele><time>2026-05-02T01:46:04.002Z</time></trkpt>
      <trkpt lat="10.6032412" lon="104.1371089"><ele>6.2</ele><time>2026-05-02T01:46:04.999Z</time></trkpt>
      <trkpt lat="10.6032745" lon="104.1370791"><ele>6.4</ele><time>2026-05-02T01:46:06.000Z</time></trkpt>
      <trkpt lat="10.6033063" lon="104.1370474"><ele>6.5</ele><time>2026-05-02T01:46:07.000Z</time></trkpt>
      <trkpt lat="10.6033377" lon="104.1370138"><ele>6.6</ele><time>2026-05-02T01:46:08.000Z</time></trkpt>
      <trkpt lat="10.6033772" lon="104.1369786"><ele>6.4</ele><time>2026-05-02T01:46:09.002Z</time></trkpt>
      <trkpt lat="10.6034098" lon="104.1369407"><ele>6.0</ele><time>2026-05-02T01:46:10.001Z</time></trkpt>
      <trkpt lat="10.6034476" lon="104.1369015"><ele>5.6</ele><time>2026-05-02T01:46:11.000Z</time></trkpt>
      <trkpt lat="10.6034814" lon="104.1368582"><ele>5.5</ele><time>2026-05-02T01:46:12.001Z</time></trkpt>
      <trkpt lat="10.6035173" lon="104.1368203"><ele>5.7</ele><time>2026-05-02T01:46:13.001Z</time></trkpt>
      <trkpt lat="10.6035578" lon="104.1367882"><ele>5.8</ele><time>2026-05-02T01:46:14.001Z</time></trkpt>
      <trkpt lat="10.6035924" lon="104.1367547"><ele>5.9</ele><time>2026-05-02T01:46:15.000Z</time></trkpt>
      <trkpt lat="10.6036292" lon="104.1367236"><ele>6.1</ele><time>2026-05-02T01:46:16.000Z</time></trkpt>
      <trkpt lat="10.6036597" lon="104.1366883"><ele>6.3</ele><time>2026-05-02T01:46:17.000Z</time></trkpt>
      <trkpt lat="10.6036945" lon="104.1366557"><ele>6.4</ele><time>2026-05-02T01:46:18.001Z</time></trkpt>
      <trkpt lat="10.6037294" lon="104.1366190"><ele>6.6</ele><time>2026-05-02T01:46:19.000Z</time></trkpt>
      <trkpt lat="10.6037719" lon="104.1365911"><ele>6.9</ele><time>2026-05-02T01:46:20.001Z</time></trkpt>
      <trkpt lat="10.6038072" lon="104.1365561"><ele>7.2</ele><time>2026-05-02T01:46:21.000Z</time></trkpt>
      <trkpt lat="10.6038425" lon="104.1365232"><ele>7.3</ele><time>2026-05-02T01:46:22.002Z</time></trkpt>
      <trkpt lat="10.6038798" lon="104.1364918"><ele>7.5</ele><time>2026-05-02T01:46:23.000Z</time></trkpt>
      <trkpt lat="10.6039161" lon="104.1364625"><ele>7.7</ele><time>2026-05-02T01:46:24.000Z</time></trkpt>
      <trkpt lat="10.6039514" lon="104.1364304"><ele>8.0</ele><time>2026-05-02T01:46:25.000Z</time></trkpt>
      <trkpt lat="10.6039872" lon="104.1363987"><ele>8.3</ele><time>2026-05-02T01:46:26.001Z</time></trkpt>
      <trkpt lat="10.6040183" lon="104.1363677"><ele>8.6</ele><time>2026-05-02T01:46:27.000Z</time></trkpt>
      <trkpt lat="10.6040517" lon="104.1363397"><ele>8.6</ele><time>2026-05-02T01:46:27.999Z</time></trkpt>
      <trkpt lat="10.6040841" lon="104.1363136"><ele>8.5</ele><time>2026-05-02T01:46:29.000Z</time></trkpt>
      <trkpt lat="10.6041158" lon="104.1362878"><ele>8.3</ele><time>2026-05-02T01:46:30.000Z</time></trkpt>
      <trkpt lat="10.6041480" lon="104.1362609"><ele>8.2</ele><time>2026-05-02T01:46:31.000Z</time></trkpt>
      <trkpt lat="10.6041787" lon="104.1362368"><ele>7.9</ele><time>2026-05-02T01:46:32.002Z</time></trkpt>
      <trkpt lat="10.6042059" lon="104.1362074"><ele>7.8</ele><time>2026-05-02T01:46:33.001Z</time></trkpt>
      <trkpt lat="10.6042297" lon="104.1361788"><ele>7.8</ele><time>2026-05-02T01:46:34.003Z</time></trkpt>
      <trkpt lat="10.6042529" lon="104.1361570"><ele>7.8</ele><time>2026-05-02T01:46:35.000Z</time></trkpt>
      <trkpt lat="10.6042746" lon="104.1361404"><ele>7.7</ele><time>2026-05-02T01:46:36.001Z</time></trkpt>
      <trkpt lat="10.6042967" lon="104.1361277"><ele>7.4</ele><time>2026-05-02T01:46:37.001Z</time></trkpt>
      <trkpt lat="10.6043188" lon="104.1361134"><ele>7.1</ele><time>2026-05-02T01:46:38.002Z</time></trkpt>
      <trkpt lat="10.6043425" lon="104.1360988"><ele>6.8</ele><time>2026-05-02T01:46:39.000Z</time></trkpt>
      <trkpt lat="10.6043642" lon="104.1360760"><ele>6.7</ele><time>2026-05-02T01:46:40.000Z</time></trkpt>
      <trkpt lat="10.6043835" lon="104.1360510"><ele>6.6</ele><time>2026-05-02T01:46:41.000Z</time></trkpt>
      <trkpt lat="10.6044043" lon="104.1360240"><ele>6.8</ele><time>2026-05-02T01:46:42.000Z</time></trkpt>
      <trkpt lat="10.6044270" lon="104.1359973"><ele>6.6</ele><time>2026-05-02T01:46:43.001Z</time></trkpt>
      <trkpt lat="10.6044522" lon="104.1359718"><ele>6.5</ele><time>2026-05-02T01:46:44.000Z</time></trkpt>
      <trkpt lat="10.6044782" lon="104.1359443"><ele>6.3</ele><time>2026-05-02T01:46:45.000Z</time></trkpt>
      <trkpt lat="10.6045038" lon="104.1359150"><ele>6.4</ele><time>2026-05-02T01:46:46.000Z</time></trkpt>
      <trkpt lat="10.6045273" lon="104.1358820"><ele>6.4</ele><time>2026-05-02T01:46:47.001Z</time></trkpt>
      <trkpt lat="10.6045507" lon="104.1358487"><ele>6.4</ele><time>2026-05-02T01:46:48.000Z</time></trkpt>
      <trkpt lat="10.6045748" lon="104.1358160"><ele>6.4</ele><time>2026-05-02T01:46:49.001Z</time></trkpt>
      <trkpt lat="10.6045998" lon="104.1357843"><ele>6.4</ele><time>2026-05-02T01:46:50.001Z</time></trkpt>
      <trkpt lat="10.6046241" lon="104.1357519"><ele>6.3</ele><time>2026-05-02T01:46:51.000Z</time></trkpt>
      <trkpt lat="10.6046472" lon="104.1357188"><ele>6.2</ele><time>2026-05-02T01:46:52.000Z</time></trkpt>
      <trkpt lat="10.6046697" lon="104.1356848"><ele>6.2</ele><time>2026-05-02T01:46:53.000Z</time></trkpt>
      <trkpt lat="10.6046910" lon="104.1356518"><ele>6.3</ele><time>2026-05-02T01:46:54.001Z</time></trkpt>
      <trkpt lat="10.6047157" lon="104.1356210"><ele>6.4</ele><time>2026-05-02T01:46:54.999Z</time></trkpt>
      <trkpt lat="10.6047417" lon="104.1355919"><ele>6.4</ele><time>2026-05-02T01:46:56.000Z</time></trkpt>
      <trkpt lat="10.6047627" lon="104.1355604"><ele>6.3</ele><time>2026-05-02T01:46:57.002Z</time></trkpt>
      <trkpt lat="10.6047847" lon="104.1355305"><ele>6.3</ele><time>2026-05-02T01:46:58.000Z</time></trkpt>
      <trkpt lat="10.6048056" lon="104.1355025"><ele>6.2</ele><time>2026-05-02T01:46:59.001Z</time></trkpt>
      <trkpt lat="10.6048230" lon="104.1354752"><ele>6.2</ele><time>2026-05-02T01:47:00.000Z</time></trkpt>
      <trkpt lat="10.6048420" lon="104.1354511"><ele>6.3</ele><time>2026-05-02T01:47:00.999Z</time></trkpt>
      <trkpt lat="10.6048622" lon="104.1354280"><ele>6.4</ele><time>2026-05-02T01:47:02.001Z</time></trkpt>
      <trkpt lat="10.6048820" lon="104.1354028"><ele>6.4</ele><time>2026-05-02T01:47:03.001Z</time></trkpt>
      <trkpt lat="10.6048998" lon="104.1353761"><ele>6.6</ele><time>2026-05-02T01:47:04.001Z</time></trkpt>
      <trkpt lat="10.6049188" lon="104.1353493"><ele>6.8</ele><time>2026-05-02T01:47:05.002Z</time></trkpt>
      <trkpt lat="10.6049399" lon="104.1353233"><ele>6.9</ele><time>2026-05-02T01:47:05.999Z</time></trkpt>
      <trkpt lat="10.6049606" lon="104.1352946"><ele>6.9</ele><time>2026-05-02T01:47:07.000Z</time></trkpt>
      <trkpt lat="10.6049842" lon="104.1352668"><ele>6.8</ele><time>2026-05-02T01:47:08.001Z</time></trkpt>
      <trkpt lat="10.6050088" lon="104.1352398"><ele>6.9</ele><time>2026-05-02T01:47:09.000Z</time></trkpt>
      <trkpt lat="10.6050309" lon="104.1352124"><ele>7.0</ele><time>2026-05-02T01:47:10.001Z</time></trkpt>
      <trkpt lat="10.6050491" lon="104.1351831"><ele>6.9</ele><time>2026-05-02T01:47:11.001Z</time></trkpt>
      <trkpt lat="10.6050677" lon="104.1351515"><ele>6.8</ele><time>2026-05-02T01:47:12.000Z</time></trkpt>
      <trkpt lat="10.6050878" lon="104.1351223"><ele>6.8</ele><time>2026-05-02T01:47:13.000Z</time></trkpt>
      <trkpt lat="10.6051052" lon="104.1350918"><ele>6.9</ele><time>2026-05-02T01:47:14.001Z</time></trkpt>
      <trkpt lat="10.6051252" lon="104.1350620"><ele>7.2</ele><time>2026-05-02T01:47:14.999Z</time></trkpt>
      <trkpt lat="10.6051442" lon="104.1350311"><ele>7.4</ele><time>2026-05-02T01:47:16.000Z</time></trkpt>
      <trkpt lat="10.6051640" lon="104.1349995"><ele>7.5</ele><time>2026-05-02T01:47:17.000Z</time></trkpt>
      <trkpt lat="10.6051840" lon="104.1349659"><ele>7.4</ele><time>2026-05-02T01:47:18.000Z</time></trkpt>
      <trkpt lat="10.6052064" lon="104.1349334"><ele>7.4</ele><time>2026-05-02T01:47:19.000Z</time></trkpt>
      <trkpt lat="10.6052312" lon="104.1349031"><ele>7.4</ele><time>2026-05-02T01:47:20.001Z</time></trkpt>
      <trkpt lat="10.6052537" lon="104.1348701"><ele>7.5</ele><time>2026-05-02T01:47:21.001Z</time></trkpt>
      <trkpt lat="10.6052781" lon="104.1348373"><ele>7.4</ele><time>2026-05-02T01:47:22.000Z</time></trkpt>
      <trkpt lat="10.6053011" lon="104.1348026"><ele>7.5</ele><time>2026-05-02T01:47:23.001Z</time></trkpt>
      <trkpt lat="10.6053228" lon="104.1347677"><ele>7.6</ele><time>2026-05-02T01:47:24.000Z</time></trkpt>
      <trkpt lat="10.6053467" lon="104.1347341"><ele>7.7</ele><time>2026-05-02T01:47:25.000Z</time></trkpt>
      <trkpt lat="10.6053742" lon="104.1347018"><ele>7.7</ele><time>2026-05-02T01:47:26.000Z</time></trkpt>
      <trkpt lat="10.6053992" lon="104.1346677"><ele>7.8</ele><time>2026-05-02T01:47:27.001Z</time></trkpt>
      <trkpt lat="10.6054230" lon="104.1346347"><ele>7.8</ele><time>2026-05-02T01:47:28.000Z</time></trkpt>
      <trkpt lat="10.6054471" lon="104.1346022"><ele>8.0</ele><time>2026-05-02T01:47:29.000Z</time></trkpt>
      <trkpt lat="10.6054679" lon="104.1345719"><ele>8.1</ele><time>2026-05-02T01:47:30.000Z</time></trkpt>
      <trkpt lat="10.6054865" lon="104.1345429"><ele>8.3</ele><time>2026-05-02T01:47:30.999Z</time></trkpt>
      <trkpt lat="10.6055035" lon="104.1345161"><ele>8.3</ele><time>2026-05-02T01:47:32.001Z</time></trkpt>
      <trkpt lat="10.6055192" lon="104.1344929"><ele>8.5</ele><time>2026-05-02T01:47:33.001Z</time></trkpt>
      <trkpt lat="10.6055351" lon="104.1344697"><ele>8.8</ele><time>2026-05-02T01:47:34.000Z</time></trkpt>
      <trkpt lat="10.6055527" lon="104.1344469"><ele>9.0</ele><time>2026-05-02T01:47:35.001Z</time></trkpt>
      <trkpt lat="10.6055732" lon="104.1344233"><ele>9.3</ele><time>2026-05-02T01:47:36.001Z</time></trkpt>
      <trkpt lat="10.6055951" lon="104.1343993"><ele>9.2</ele><time>2026-05-02T01:47:37.000Z</time></trkpt>
      <trkpt lat="10.6056165" lon="104.1343769"><ele>9.3</ele><time>2026-05-02T01:47:37.999Z</time></trkpt>
      <trkpt lat="10.6056354" lon="104.1343511"><ele>9.5</ele><time>2026-05-02T01:47:39.000Z</time></trkpt>
      <trkpt lat="10.6056545" lon="104.1343277"><ele>9.6</ele><time>2026-05-02T01:47:40.000Z</time></trkpt>
      <trkpt lat="10.6056761" lon="104.1343062"><ele>9.6</ele><time>2026-05-02T01:47:41.000Z</time></trkpt>
      <trkpt lat="10.6056979" lon="104.1342839"><ele>9.5</ele><time>2026-05-02T01:47:41.999Z</time></trkpt>
      <trkpt lat="10.6057210" lon="104.1342627"><ele>9.6</ele><time>2026-05-02T01:47:43.000Z</time></trkpt>
      <trkpt lat="10.6057414" lon="104.1342391"><ele>9.7</ele><time>2026-05-02T01:47:44.001Z</time></trkpt>
      <trkpt lat="10.6057605" lon="104.1342122"><ele>9.6</ele><time>2026-05-02T01:47:45.001Z</time></trkpt>
      <trkpt lat="10.6057810" lon="104.1341841"><ele>9.5</ele><time>2026-05-02T01:47:46.000Z</time></trkpt>
      <trkpt lat="10.6057998" lon="104.1341544"><ele>9.5</ele><time>2026-05-02T01:47:47.001Z</time></trkpt>
      <trkpt lat="10.6058185" lon="104.1341238"><ele>9.7</ele><time>2026-05-02T01:47:47.999Z</time></trkpt>
      <trkpt lat="10.6058373" lon="104.1340946"><ele>9.9</ele><time>2026-05-02T01:47:49.000Z</time></trkpt>
      <trkpt lat="10.6058591" lon="104.1340678"><ele>9.9</ele><time>2026-05-02T01:47:50.000Z</time></trkpt>
      <trkpt lat="10.6058810" lon="104.1340408"><ele>9.9</ele><time>2026-05-02T01:47:51.000Z</time></trkpt>
      <trkpt lat="10.6059021" lon="104.1340130"><ele>9.9</ele><time>2026-05-02T01:47:52.000Z</time></trkpt>
      <trkpt lat="10.6059268" lon="104.1339907"><ele>9.9</ele><time>2026-05-02T01:47:53.002Z</time></trkpt>
      <trkpt lat="10.6059484" lon="104.1339644"><ele>9.8</ele><time>2026-05-02T01:47:54.001Z</time></trkpt>
      <trkpt lat="10.6059685" lon="104.1339388"><ele>9.8</ele><time>2026-05-02T01:47:55.000Z</time></trkpt>
      <trkpt lat="10.6059907" lon="104.1339153"><ele>9.9</ele><time>2026-05-02T01:47:55.999Z</time></trkpt>
      <trkpt lat="10.6060124" lon="104.1338903"><ele>9.9</ele><time>2026-05-02T01:47:57.000Z</time></trkpt>
      <trkpt lat="10.6060323" lon="104.1338635"><ele>9.9</ele><time>2026-05-02T01:47:58.001Z</time></trkpt>
      <trkpt lat="10.6060531" lon="104.1338374"><ele>9.9</ele><time>2026-05-02T01:47:58.999Z</time></trkpt>
      <trkpt lat="10.6060808" lon="104.1338067"><ele>10.1</ele><time>2026-05-02T01:48:00.001Z</time></trkpt>
      <trkpt lat="10.6060927" lon="104.1337938"><ele>10.2</ele><time>2026-05-02T01:48:00.516Z</time></trkpt>
      <trkpt lat="10.6061036" lon="104.1337806"><ele>10.3</ele><time>2026-05-02T01:48:01.005Z</time></trkpt>
      <trkpt lat="10.6061060" lon="104.1337776"><ele>10.4</ele><time>2026-05-02T01:48:01.141Z</time></trkpt>
      <trkpt lat="10.6061214" lon="104.1337582"><ele>10.4</ele><time>2026-05-02T01:48:01.885Z</time></trkpt>
      <trkpt lat="10.6061241" lon="104.1337548"><ele>10.4</ele><time>2026-05-02T01:48:02.010Z</time></trkpt>
      <trkpt lat="10.6061325" lon="104.1337444"><ele>10.4</ele><time>2026-05-02T01:48:02.436Z</time></trkpt>
      <trkpt lat="10.6061445" lon="104.1337296"><ele>10.4</ele><time>2026-05-02T01:48:02.999Z</time></trkpt>
      <trkpt lat="10.6061614" lon="104.1337090"><ele>10.4</ele><time>2026-05-02T01:48:03.803Z</time></trkpt>
      <trkpt lat="10.6061648" lon="104.1337043"><ele>10.5</ele><time>2026-05-02T01:48:04.001Z</time></trkpt>
      <trkpt lat="10.6061749" lon="104.1336912"><ele>10.7</ele><time>2026-05-02T01:48:04.487Z</time></trkpt>
      <trkpt lat="10.6061836" lon="104.1336774"><ele>10.8</ele><time>2026-05-02T01:48:05.000Z</time></trkpt>
      <trkpt lat="10.6062000" lon="104.1336516"><ele>10.8</ele><time>2026-05-02T01:48:05.884Z</time></trkpt>
      <trkpt lat="10.6062016" lon="104.1336494"><ele>10.7</ele><time>2026-05-02T01:48:06.000Z</time></trkpt>
      <trkpt lat="10.6062101" lon="104.1336384"><ele>10.7</ele><time>2026-05-02T01:48:06.426Z</time></trkpt>
      <trkpt lat="10.6062210" lon="104.1336240"><ele>10.7</ele><time>2026-05-02T01:48:07.000Z</time></trkpt>
      <trkpt lat="10.6062257" lon="104.1336179"><ele>10.6</ele><time>2026-05-02T01:48:07.221Z</time></trkpt>
      <trkpt lat="10.6062413" lon="104.1335977"><ele>10.6</ele><time>2026-05-02T01:48:07.943Z</time></trkpt>
      <trkpt lat="10.6062545" lon="104.1335802"><ele>10.6</ele><time>2026-05-02T01:48:08.599Z</time></trkpt>
      <trkpt lat="10.6062621" lon="104.1335696"><ele>10.6</ele><time>2026-05-02T01:48:09.000Z</time></trkpt>
      <trkpt lat="10.6062682" lon="104.1335613"><ele>10.5</ele><time>2026-05-02T01:48:09.295Z</time></trkpt>
      <trkpt lat="10.6062816" lon="104.1335411"><ele>10.5</ele><time>2026-05-02T01:48:10.000Z</time></trkpt>
      <trkpt lat="10.6062853" lon="104.1335351"><ele>10.5</ele><time>2026-05-02T01:48:10.185Z</time></trkpt>
      <trkpt lat="10.6062998" lon="104.1335205"><ele>10.5</ele><time>2026-05-02T01:48:11.000Z</time></trkpt>
      <trkpt lat="10.6063236" lon="104.1334929"><ele>10.5</ele><time>2026-05-02T01:48:12.000Z</time></trkpt>
      <trkpt lat="10.6063436" lon="104.1334644"><ele>10.7</ele><time>2026-05-02T01:48:12.999Z</time></trkpt>
      <trkpt lat="10.6063645" lon="104.1334363"><ele>11.0</ele><time>2026-05-02T01:48:14.000Z</time></trkpt>
      <trkpt lat="10.6063873" lon="104.1334100"><ele>11.2</ele><time>2026-05-02T01:48:15.000Z</time></trkpt>
      <trkpt lat="10.6064128" lon="104.1333851"><ele>11.4</ele><time>2026-05-02T01:48:16.001Z</time></trkpt>
      <trkpt lat="10.6064367" lon="104.1333593"><ele>11.6</ele><time>2026-05-02T01:48:17.000Z</time></trkpt>
      <trkpt lat="10.6064583" lon="104.1333348"><ele>11.8</ele><time>2026-05-02T01:48:18.000Z</time></trkpt>
      <trkpt lat="10.6064811" lon="104.1333136"><ele>11.9</ele><time>2026-05-02T01:48:19.000Z</time></trkpt>
      <trkpt lat="10.6065023" lon="104.1332924"><ele>11.9</ele><time>2026-05-02T01:48:20.000Z</time></trkpt>
      <trkpt lat="10.6065242" lon="104.1332687"><ele>11.9</ele><time>2026-05-02T01:48:21.000Z</time></trkpt>
      <trkpt lat="10.6065479" lon="104.1332439"><ele>11.9</ele><time>2026-05-02T01:48:22.001Z</time></trkpt>
      <trkpt lat="10.6065709" lon="104.1332187"><ele>12.0</ele><time>2026-05-02T01:48:23.001Z</time></trkpt>
      <trkpt lat="10.6065926" lon="104.1331915"><ele>12.1</ele><time>2026-05-02T01:48:24.000Z</time></trkpt>
      <trkpt lat="10.6066106" lon="104.1331635"><ele>12.3</ele><time>2026-05-02T01:48:25.000Z</time></trkpt>
      <trkpt lat="10.6066294" lon="104.1331365"><ele>12.3</ele><time>2026-05-02T01:48:26.000Z</time></trkpt>
      <trkpt lat="10.6066499" lon="104.1331106"><ele>12.2</ele><time>2026-05-02T01:48:27.000Z</time></trkpt>
      <trkpt lat="10.6066724" lon="104.1330861"><ele>12.1</ele><time>2026-05-02T01:48:28.000Z</time></trkpt>
      <trkpt lat="10.6066936" lon="104.1330587"><ele>12.1</ele><time>2026-05-02T01:48:29.000Z</time></trkpt>
      <trkpt lat="10.6067152" lon="104.1330304"><ele>12.2</ele><time>2026-05-02T01:48:30.001Z</time></trkpt>
      <trkpt lat="10.6067384" lon="104.1330041"><ele>12.2</ele><time>2026-05-02T01:48:31.000Z</time></trkpt>
      <trkpt lat="10.6067603" lon="104.1329788"><ele>12.2</ele><time>2026-05-02T01:48:32.000Z</time></trkpt>
      <trkpt lat="10.6067811" lon="104.1329523"><ele>12.2</ele><time>2026-05-02T01:48:33.000Z</time></trkpt>
      <trkpt lat="10.6067993" lon="104.1329251"><ele>12.2</ele><time>2026-05-02T01:48:34.000Z</time></trkpt>
      <trkpt lat="10.6068183" lon="104.1328973"><ele>12.2</ele><time>2026-05-02T01:48:35.001Z</time></trkpt>
      <trkpt lat="10.6068364" lon="104.1328687"><ele>12.2</ele><time>2026-05-02T01:48:36.001Z</time></trkpt>
      <trkpt lat="10.6068555" lon="104.1328428"><ele>12.3</ele><time>2026-05-02T01:48:37.000Z</time></trkpt>
      <trkpt lat="10.6068769" lon="104.1328178"><ele>12.5</ele><time>2026-05-02T01:48:38.000Z</time></trkpt>
      <trkpt lat="10.6069003" lon="104.1327927"><ele>12.7</ele><time>2026-05-02T01:48:39.000Z</time></trkpt>
      <trkpt lat="10.6069223" lon="104.1327657"><ele>13.0</ele><time>2026-05-02T01:48:40.001Z</time></trkpt>
      <trkpt lat="10.6069438" lon="104.1327388"><ele>13.3</ele><time>2026-05-02T01:48:41.000Z</time></trkpt>
      <trkpt lat="10.6069629" lon="104.1327090"><ele>13.6</ele><time>2026-05-02T01:48:41.999Z</time></trkpt>
      <trkpt lat="10.6069811" lon="104.1326807"><ele>14.0</ele><time>2026-05-02T01:48:43.000Z</time></trkpt>
      <trkpt lat="10.6070022" lon="104.1326537"><ele>14.1</ele><time>2026-05-02T01:48:44.000Z</time></trkpt>
      <trkpt lat="10.6070238" lon="104.1326277"><ele>14.3</ele><time>2026-05-02T01:48:44.998Z</time></trkpt>
      <trkpt lat="10.6070459" lon="104.1326027"><ele>14.4</ele><time>2026-05-02T01:48:45.999Z</time></trkpt>
      <trkpt lat="10.6070677" lon="104.1325761"><ele>14.5</ele><time>2026-05-02T01:48:47.000Z</time></trkpt>
      <trkpt lat="10.6070883" lon="104.1325492"><ele>14.7</ele><time>2026-05-02T01:48:48.000Z</time></trkpt>
      <trkpt lat="10.6071107" lon="104.1325230"><ele>14.9</ele><time>2026-05-02T01:48:49.001Z</time></trkpt>
      <trkpt lat="10.6071302" lon="104.1324945"><ele>15.1</ele><time>2026-05-02T01:48:50.001Z</time></trkpt>
      <trkpt lat="10.6071502" lon="104.1324662"><ele>15.1</ele><time>2026-05-02T01:48:51.000Z</time></trkpt>
      <trkpt lat="10.6071720" lon="104.1324382"><ele>15.2</ele><time>2026-05-02T01:48:52.000Z</time></trkpt>
      <trkpt lat="10.6071939" lon="104.1324106"><ele>15.4</ele><time>2026-05-02T01:48:53.001Z</time></trkpt>
      <trkpt lat="10.6072144" lon="104.1323860"><ele>15.5</ele><time>2026-05-02T01:48:54.001Z</time></trkpt>
      <trkpt lat="10.6072346" lon="104.1323628"><ele>15.6</ele><time>2026-05-02T01:48:55.001Z</time></trkpt>
      <trkpt lat="10.6072524" lon="104.1323404"><ele>15.6</ele><time>2026-05-02T01:48:56.000Z</time></trkpt>
      <trkpt lat="10.6072738" lon="104.1323083"><ele>15.6</ele><time>2026-05-02T01:48:57.000Z</time></trkpt>
      <trkpt lat="10.6072844" lon="104.1322923"><ele>15.6</ele><time>2026-05-02T01:48:57.638Z</time></trkpt>
      <trkpt lat="10.6072900" lon="104.1322837"><ele>15.5</ele><time>2026-05-02T01:48:58.000Z</time></trkpt>
      <trkpt lat="10.6072967" lon="104.1322732"><ele>15.5</ele><time>2026-05-02T01:48:58.420Z</time></trkpt>
      <trkpt lat="10.6073068" lon="104.1322590"><ele>15.4</ele><time>2026-05-02T01:48:59.000Z</time></trkpt>
      <trkpt lat="10.6073188" lon="104.1322423"><ele>15.5</ele><time>2026-05-02T01:48:59.637Z</time></trkpt>
      <trkpt lat="10.6073260" lon="104.1322333"><ele>15.5</ele><time>2026-05-02T01:49:00.000Z</time></trkpt>
      <trkpt lat="10.6073380" lon="104.1322189"><ele>15.6</ele><time>2026-05-02T01:49:00.563Z</time></trkpt>
      <trkpt lat="10.6073470" lon="104.1322077"><ele>15.6</ele><time>2026-05-02T01:49:01.000Z</time></trkpt>
      <trkpt lat="10.6073489" lon="104.1322052"><ele>15.6</ele><time>2026-05-02T01:49:01.085Z</time></trkpt>
      <trkpt lat="10.6073596" lon="104.1321908"><ele>15.6</ele><time>2026-05-02T01:49:01.619Z</time></trkpt>
      <trkpt lat="10.6073642" lon="104.1321852"><ele>15.6</ele><time>2026-05-02T01:49:02.000Z</time></trkpt>
      <trkpt lat="10.6073848" lon="104.1321597"><ele>15.6</ele><time>2026-05-02T01:49:03.000Z</time></trkpt>
      <trkpt lat="10.6074050" lon="104.1321348"><ele>15.6</ele><time>2026-05-02T01:49:04.000Z</time></trkpt>
      <trkpt lat="10.6074241" lon="104.1321083"><ele>15.6</ele><time>2026-05-02T01:49:05.001Z</time></trkpt>
      <trkpt lat="10.6074435" lon="104.1320823"><ele>15.5</ele><time>2026-05-02T01:49:06.000Z</time></trkpt>
      <trkpt lat="10.6074622" lon="104.1320555"><ele>15.5</ele><time>2026-05-02T01:49:07.000Z</time></trkpt>
      <trkpt lat="10.6074814" lon="104.1320285"><ele>15.5</ele><time>2026-05-02T01:49:08.000Z</time></trkpt>
      <trkpt lat="10.6075010" lon="104.1320011"><ele>15.6</ele><time>2026-05-02T01:49:09.000Z</time></trkpt>
      <trkpt lat="10.6075212" lon="104.1319730"><ele>15.7</ele><time>2026-05-02T01:49:10.000Z</time></trkpt>
      <trkpt lat="10.6075429" lon="104.1319481"><ele>15.8</ele><time>2026-05-02T01:49:11.001Z</time></trkpt>
      <trkpt lat="10.6075666" lon="104.1319250"><ele>15.9</ele><time>2026-05-02T01:49:11.999Z</time></trkpt>
      <trkpt lat="10.6075883" lon="104.1319012"><ele>16.0</ele><time>2026-05-02T01:49:13.000Z</time></trkpt>
      <trkpt lat="10.6076086" lon="104.1318752"><ele>16.1</ele><time>2026-05-02T01:49:14.000Z</time></trkpt>
      <trkpt lat="10.6076264" lon="104.1318467"><ele>16.2</ele><time>2026-05-02T01:49:15.000Z</time></trkpt>
      <trkpt lat="10.6076448" lon="104.1318199"><ele>16.4</ele><time>2026-05-02T01:49:16.000Z</time></trkpt>
      <trkpt lat="10.6076660" lon="104.1317926"><ele>16.6</ele><time>2026-05-02T01:49:17.001Z</time></trkpt>
      <trkpt lat="10.6076883" lon="104.1317659"><ele>16.9</ele><time>2026-05-02T01:49:18.000Z</time></trkpt>
      <trkpt lat="10.6077101" lon="104.1317416"><ele>16.9</ele><time>2026-05-02T01:49:18.999Z</time></trkpt>
      <trkpt lat="10.6077326" lon="104.1317173"><ele>17.1</ele><time>2026-05-02T01:49:20.000Z</time></trkpt>
      <trkpt lat="10.6077536" lon="104.1316917"><ele>17.2</ele><time>2026-05-02T01:49:21.001Z</time></trkpt>
      <trkpt lat="10.6077737" lon="104.1316651"><ele>17.5</ele><time>2026-05-02T01:49:22.001Z</time></trkpt>
      <trkpt lat="10.6077934" lon="104.1316377"><ele>17.7</ele><time>2026-05-02T01:49:23.000Z</time></trkpt>
      <trkpt lat="10.6078148" lon="104.1316131"><ele>17.7</ele><time>2026-05-02T01:49:24.000Z</time></trkpt>
      <trkpt lat="10.6078350" lon="104.1315884"><ele>17.5</ele><time>2026-05-02T01:49:25.000Z</time></trkpt>
      <trkpt lat="10.6078550" lon="104.1315610"><ele>17.4</ele><time>2026-05-02T01:49:26.000Z</time></trkpt>
      <trkpt lat="10.6078746" lon="104.1315344"><ele>17.4</ele><time>2026-05-02T01:49:27.000Z</time></trkpt>
      <trkpt lat="10.6078949" lon="104.1315076"><ele>17.5</ele><time>2026-05-02T01:49:28.000Z</time></trkpt>
      <trkpt lat="10.6079124" lon="104.1314809"><ele>17.7</ele><time>2026-05-02T01:49:29.000Z</time></trkpt>
      <trkpt lat="10.6079311" lon="104.1314526"><ele>17.9</ele><time>2026-05-02T01:49:30.000Z</time></trkpt>
      <trkpt lat="10.6079511" lon="104.1314262"><ele>18.1</ele><time>2026-05-02T01:49:31.000Z</time></trkpt>
      <trkpt lat="10.6079711" lon="104.1313993"><ele>18.3</ele><time>2026-05-02T01:49:32.000Z</time></trkpt>
      <trkpt lat="10.6079902" lon="104.1313699"><ele>18.4</ele><time>2026-05-02T01:49:33.001Z</time></trkpt>
      <trkpt lat="10.6080093" lon="104.1313441"><ele>18.6</ele><time>2026-05-02T01:49:33.999Z</time></trkpt>
      <trkpt lat="10.6080291" lon="104.1313184"><ele>18.8</ele><time>2026-05-02T01:49:35.001Z</time></trkpt>
      <trkpt lat="10.6080490" lon="104.1312936"><ele>18.9</ele><time>2026-05-02T01:49:36.000Z</time></trkpt>
      <trkpt lat="10.6080698" lon="104.1312678"><ele>19.0</ele><time>2026-05-02T01:49:37.000Z</time></trkpt>
      <trkpt lat="10.6080903" lon="104.1312402"><ele>19.0</ele><time>2026-05-02T01:49:38.001Z</time></trkpt>
      <trkpt lat="10.6081118" lon="104.1312150"><ele>19.2</ele><time>2026-05-02T01:49:38.999Z</time></trkpt>
      <trkpt lat="10.6081333" lon="104.1311903"><ele>19.3</ele><time>2026-05-02T01:49:40.000Z</time></trkpt>
      <trkpt lat="10.6081534" lon="104.1311659"><ele>19.4</ele><time>2026-05-02T01:49:41.000Z</time></trkpt>
      <trkpt lat="10.6081737" lon="104.1311413"><ele>19.5</ele><time>2026-05-02T01:49:41.999Z</time></trkpt>
      <trkpt lat="10.6081929" lon="104.1311158"><ele>19.6</ele><time>2026-05-02T01:49:43.000Z</time></trkpt>
      <trkpt lat="10.6082121" lon="104.1310893"><ele>19.6</ele><time>2026-05-02T01:49:44.001Z</time></trkpt>
      <trkpt lat="10.6082327" lon="104.1310652"><ele>19.7</ele><time>2026-05-02T01:49:45.000Z</time></trkpt>
      <trkpt lat="10.6082555" lon="104.1310444"><ele>19.7</ele><time>2026-05-02T01:49:46.000Z</time></trkpt>
      <trkpt lat="10.6082770" lon="104.1310243"><ele>19.7</ele><time>2026-05-02T01:49:47.000Z</time></trkpt>
      <trkpt lat="10.6082991" lon="104.1310041"><ele>19.7</ele><time>2026-05-02T01:49:48.000Z</time></trkpt>
      <trkpt lat="10.6083199" lon="104.1309817"><ele>19.7</ele><time>2026-05-02T01:49:49.000Z</time></trkpt>
      <trkpt lat="10.6083423" lon="104.1309605"><ele>19.9</ele><time>2026-05-02T01:49:50.000Z</time></trkpt>
      <trkpt lat="10.6083648" lon="104.1309391"><ele>20.1</ele><time>2026-05-02T01:49:51.000Z</time></trkpt>
      <trkpt lat="10.6083844" lon="104.1309157"><ele>20.3</ele><time>2026-05-02T01:49:52.000Z</time></trkpt>
      <trkpt lat="10.6084019" lon="104.1308912"><ele>20.5</ele><time>2026-05-02T01:49:53.000Z</time></trkpt>
      <trkpt lat="10.6084253" lon="104.1308702"><ele>20.7</ele><time>2026-05-02T01:49:54.000Z</time></trkpt>
      <trkpt lat="10.6084502" lon="104.1308516"><ele>20.8</ele><time>2026-05-02T01:49:55.000Z</time></trkpt>
      <trkpt lat="10.6084721" lon="104.1308316"><ele>21.0</ele><time>2026-05-02T01:49:55.999Z</time></trkpt>
      <trkpt lat="10.6084892" lon="104.1308068"><ele>21.1</ele><time>2026-05-02T01:49:57.001Z</time></trkpt>
      <trkpt lat="10.6085030" lon="104.1307796"><ele>21.2</ele><time>2026-05-02T01:49:58.001Z</time></trkpt>
      <trkpt lat="10.6085199" lon="104.1307530"><ele>21.2</ele><time>2026-05-02T01:49:59.000Z</time></trkpt>
      <trkpt lat="10.6085365" lon="104.1307267"><ele>21.0</ele><time>2026-05-02T01:49:59.999Z</time></trkpt>
      <trkpt lat="10.6085517" lon="104.1307006"><ele>20.8</ele><time>2026-05-02T01:50:01.001Z</time></trkpt>
      <trkpt lat="10.6085658" lon="104.1306726"><ele>20.6</ele><time>2026-05-02T01:50:02.000Z</time></trkpt>
      <trkpt lat="10.6085830" lon="104.1306465"><ele>20.6</ele><time>2026-05-02T01:50:03.000Z</time></trkpt>
      <trkpt lat="10.6086037" lon="104.1306222"><ele>20.5</ele><time>2026-05-02T01:50:03.999Z</time></trkpt>
      <trkpt lat="10.6086246" lon="104.1305974"><ele>20.4</ele><time>2026-05-02T01:50:04.999Z</time></trkpt>
      <trkpt lat="10.6086468" lon="104.1305728"><ele>20.4</ele><time>2026-05-02T01:50:06.000Z</time></trkpt>
      <trkpt lat="10.6086680" lon="104.1305479"><ele>20.4</ele><time>2026-05-02T01:50:07.001Z</time></trkpt>
      <trkpt lat="10.6086890" lon="104.1305237"><ele>20.6</ele><time>2026-05-02T01:50:08.000Z</time></trkpt>
      <trkpt lat="10.6087110" lon="104.1304998"><ele>20.8</ele><time>2026-05-02T01:50:09.000Z</time></trkpt>
      <trkpt lat="10.6087319" lon="104.1304760"><ele>21.1</ele><time>2026-05-02T01:50:09.999Z</time></trkpt>
      <trkpt lat="10.6087518" lon="104.1304527"><ele>21.1</ele><time>2026-05-02T01:50:11.000Z</time></trkpt>
      <trkpt lat="10.6087719" lon="104.1304308"><ele>21.1</ele><time>2026-05-02T01:50:12.000Z</time></trkpt>
      <trkpt lat="10.6087912" lon="104.1304067"><ele>20.9</ele><time>2026-05-02T01:50:12.999Z</time></trkpt>
      <trkpt lat="10.6088108" lon="104.1303826"><ele>20.7</ele><time>2026-05-02T01:50:14.000Z</time></trkpt>
      <trkpt lat="10.6088305" lon="104.1303597"><ele>20.7</ele><time>2026-05-02T01:50:14.998Z</time></trkpt>
      <trkpt lat="10.6088508" lon="104.1303356"><ele>20.7</ele><time>2026-05-02T01:50:16.000Z</time></trkpt>
      <trkpt lat="10.6088744" lon="104.1303129"><ele>20.9</ele><time>2026-05-02T01:50:17.001Z</time></trkpt>
      <trkpt lat="10.6088926" lon="104.1302886"><ele>21.0</ele><time>2026-05-02T01:50:18.000Z</time></trkpt>
      <trkpt lat="10.6089086" lon="104.1302611"><ele>21.1</ele><time>2026-05-02T01:50:18.999Z</time></trkpt>
      <trkpt lat="10.6089282" lon="104.1302356"><ele>21.0</ele><time>2026-05-02T01:50:20.001Z</time></trkpt>
      <trkpt lat="10.6089497" lon="104.1302096"><ele>21.1</ele><time>2026-05-02T01:50:21.000Z</time></trkpt>
      <trkpt lat="10.6089712" lon="104.1301838"><ele>21.2</ele><time>2026-05-02T01:50:22.001Z</time></trkpt>
      <trkpt lat="10.6089937" lon="104.1301590"><ele>21.3</ele><time>2026-05-02T01:50:23.000Z</time></trkpt>
      <trkpt lat="10.6090156" lon="104.1301323"><ele>21.4</ele><time>2026-05-02T01:50:23.999Z</time></trkpt>
      <trkpt lat="10.6090357" lon="104.1301054"><ele>21.5</ele><time>2026-05-02T01:50:24.999Z</time></trkpt>
      <trkpt lat="10.6090569" lon="104.1300805"><ele>21.7</ele><time>2026-05-02T01:50:26.000Z</time></trkpt>
      <trkpt lat="10.6090783" lon="104.1300570"><ele>21.8</ele><time>2026-05-02T01:50:27.000Z</time></trkpt>
      <trkpt lat="10.6090999" lon="104.1300324"><ele>22.1</ele><time>2026-05-02T01:50:28.000Z</time></trkpt>
      <trkpt lat="10.6091209" lon="104.1300082"><ele>22.3</ele><time>2026-05-02T01:50:29.000Z</time></trkpt>
      <trkpt lat="10.6091394" lon="104.1299832"><ele>22.3</ele><time>2026-05-02T01:50:30.000Z</time></trkpt>
      <trkpt lat="10.6091597" lon="104.1299583"><ele>22.4</ele><time>2026-05-02T01:50:30.999Z</time></trkpt>
      <trkpt lat="10.6091785" lon="104.1299343"><ele>22.5</ele><time>2026-05-02T01:50:31.999Z</time></trkpt>
      <trkpt lat="10.6091971" lon="104.1299102"><ele>22.7</ele><time>2026-05-02T01:50:33.000Z</time></trkpt>
      <trkpt lat="10.6092145" lon="104.1298857"><ele>22.9</ele><time>2026-05-02T01:50:33.999Z</time></trkpt>
      <trkpt lat="10.6092307" lon="104.1298605"><ele>22.9</ele><time>2026-05-02T01:50:35.000Z</time></trkpt>
      <trkpt lat="10.6092491" lon="104.1298344"><ele>22.9</ele><time>2026-05-02T01:50:35.999Z</time></trkpt>
      <trkpt lat="10.6092671" lon="104.1298102"><ele>22.7</ele><time>2026-05-02T01:50:36.999Z</time></trkpt>
      <trkpt lat="10.6092857" lon="104.1297858"><ele>22.5</ele><time>2026-05-02T01:50:38.001Z</time></trkpt>
      <trkpt lat="10.6093068" lon="104.1297623"><ele>22.4</ele><time>2026-05-02T01:50:38.999Z</time></trkpt>
      <trkpt lat="10.6093283" lon="104.1297405"><ele>22.3</ele><time>2026-05-02T01:50:40.000Z</time></trkpt>
      <trkpt lat="10.6093476" lon="104.1297183"><ele>22.4</ele><time>2026-05-02T01:50:40.998Z</time></trkpt>
      <trkpt lat="10.6093659" lon="104.1296960"><ele>22.6</ele><time>2026-05-02T01:50:41.999Z</time></trkpt>
      <trkpt lat="10.6093867" lon="104.1296774"><ele>22.7</ele><time>2026-05-02T01:50:42.999Z</time></trkpt>
      <trkpt lat="10.6094057" lon="104.1296586"><ele>22.5</ele><time>2026-05-02T01:50:44.000Z</time></trkpt>
      <trkpt lat="10.6094273" lon="104.1296393"><ele>22.3</ele><time>2026-05-02T01:50:44.999Z</time></trkpt>
      <trkpt lat="10.6094515" lon="104.1296221"><ele>22.2</ele><time>2026-05-02T01:50:46.000Z</time></trkpt>
      <trkpt lat="10.6094759" lon="104.1296088"><ele>22.3</ele><time>2026-05-02T01:50:47.000Z</time></trkpt>
      <trkpt lat="10.6095003" lon="104.1296008"><ele>22.1</ele><time>2026-05-02T01:50:48.000Z</time></trkpt>
      <trkpt lat="10.6095254" lon="104.1295983"><ele>21.8</ele><time>2026-05-02T01:50:49.000Z</time></trkpt>
      <trkpt lat="10.6095482" lon="104.1296014"><ele>21.4</ele><time>2026-05-02T01:50:50.000Z</time></trkpt>
      <trkpt lat="10.6095685" lon="104.1296016"><ele>21.3</ele><time>2026-05-02T01:50:50.999Z</time></trkpt>
      <trkpt lat="10.6095870" lon="104.1296011"><ele>21.3</ele><time>2026-05-02T01:50:52.000Z</time></trkpt>
      <trkpt lat="10.6096032" lon="104.1295985"><ele>21.5</ele><time>2026-05-02T01:50:53.000Z</time></trkpt>
      <trkpt lat="10.6096177" lon="104.1295964"><ele>21.7</ele><time>2026-05-02T01:50:53.998Z</time></trkpt>
      <trkpt lat="10.6096283" lon="104.1295953"><ele>22.0</ele><time>2026-05-02T01:50:54.999Z</time></trkpt>
      <trkpt lat="10.6096430" lon="104.1295899"><ele>22.2</ele><time>2026-05-02T01:51:01.000Z</time></trkpt>
      <trkpt lat="10.6096483" lon="104.1295895"><ele>22.3</ele><time>2026-05-02T01:51:02.000Z</time></trkpt>
      <trkpt lat="10.6096529" lon="104.1295902"><ele>22.3</ele><time>2026-05-02T01:51:03.000Z</time></trkpt>
      <trkpt lat="10.6096663" lon="104.1295981"><ele>20.1</ele><time>2026-05-02T02:07:22.997Z</time></trkpt>
      <trkpt lat="10.6096744" lon="104.1296095"><ele>20.0</ele><time>2026-05-02T02:07:23.997Z</time></trkpt>
      <trkpt lat="10.6096913" lon="104.1296211"><ele>19.9</ele><time>2026-05-02T02:07:24.997Z</time></trkpt>
      <trkpt lat="10.6097147" lon="104.1296335"><ele>19.9</ele><time>2026-05-02T02:07:25.997Z</time></trkpt>
      <trkpt lat="10.6097432" lon="104.1296442"><ele>19.9</ele><time>2026-05-02T02:07:26.996Z</time></trkpt>
      <trkpt lat="10.6097737" lon="104.1296499"><ele>20.0</ele><time>2026-05-02T02:07:27.998Z</time></trkpt>
      <trkpt lat="10.6098042" lon="104.1296529"><ele>19.9</ele><time>2026-05-02T02:07:28.997Z</time></trkpt>
      <trkpt lat="10.6098365" lon="104.1296544"><ele>19.7</ele><time>2026-05-02T02:07:29.997Z</time></trkpt>
      <trkpt lat="10.6098689" lon="104.1296567"><ele>19.6</ele><time>2026-05-02T02:07:30.997Z</time></trkpt>
      <trkpt lat="10.6098970" lon="104.1296562"><ele>19.6</ele><time>2026-05-02T02:07:31.997Z</time></trkpt>
      <trkpt lat="10.6099240" lon="104.1296530"><ele>19.9</ele><time>2026-05-02T02:07:32.996Z</time></trkpt>
      <trkpt lat="10.6099494" lon="104.1296490"><ele>20.1</ele><time>2026-05-02T02:07:33.997Z</time></trkpt>
      <trkpt lat="10.6099734" lon="104.1296442"><ele>20.3</ele><time>2026-05-02T02:07:34.998Z</time></trkpt>
      <trkpt lat="10.6099945" lon="104.1296403"><ele>20.1</ele><time>2026-05-02T02:07:35.996Z</time></trkpt>
      <trkpt lat="10.6100153" lon="104.1296385"><ele>20.0</ele><time>2026-05-02T02:07:36.998Z</time></trkpt>
      <trkpt lat="10.6100338" lon="104.1296413"><ele>19.8</ele><time>2026-05-02T02:07:37.997Z</time></trkpt>
      <trkpt lat="10.6100552" lon="104.1296486"><ele>19.4</ele><time>2026-05-02T02:07:38.997Z</time></trkpt>
      <trkpt lat="10.6100811" lon="104.1296593"><ele>19.0</ele><time>2026-05-02T02:07:39.995Z</time></trkpt>
      <trkpt lat="10.6101095" lon="104.1296699"><ele>18.6</ele><time>2026-05-02T02:07:40.997Z</time></trkpt>
      <trkpt lat="10.6101389" lon="104.1296805"><ele>18.7</ele><time>2026-05-02T02:07:41.996Z</time></trkpt>
      <trkpt lat="10.6101688" lon="104.1296957"><ele>18.9</ele><time>2026-05-02T02:07:42.996Z</time></trkpt>
      <trkpt lat="10.6101920" lon="104.1297251"><ele>19.1</ele><time>2026-05-02T02:07:43.996Z</time></trkpt>
      <trkpt lat="10.6102105" lon="104.1297607"><ele>19.3</ele><time>2026-05-02T02:07:44.996Z</time></trkpt>
      <trkpt lat="10.6102285" lon="104.1297955"><ele>19.2</ele><time>2026-05-02T02:07:45.997Z</time></trkpt>
      <trkpt lat="10.6102500" lon="104.1298286"><ele>19.3</ele><time>2026-05-02T02:07:46.997Z</time></trkpt>
      <trkpt lat="10.6102748" lon="104.1298582"><ele>19.3</ele><time>2026-05-02T02:07:47.996Z</time></trkpt>
      <trkpt lat="10.6103047" lon="104.1298866"><ele>19.3</ele><time>2026-05-02T02:07:48.998Z</time></trkpt>
      <trkpt lat="10.6103356" lon="104.1299145"><ele>18.9</ele><time>2026-05-02T02:07:49.996Z</time></trkpt>
      <trkpt lat="10.6103706" lon="104.1299461"><ele>18.4</ele><time>2026-05-02T02:07:50.997Z</time></trkpt>
      <trkpt lat="10.6104011" lon="104.1299705"><ele>17.6</ele><time>2026-05-02T02:07:51.996Z</time></trkpt>
      <trkpt lat="10.6104372" lon="104.1300045"><ele>17.1</ele><time>2026-05-02T02:07:52.997Z</time></trkpt>
      <trkpt lat="10.6104704" lon="104.1300363"><ele>16.8</ele><time>2026-05-02T02:07:53.997Z</time></trkpt>
      <trkpt lat="10.6104998" lon="104.1300624"><ele>16.7</ele><time>2026-05-02T02:07:54.996Z</time></trkpt>
      <trkpt lat="10.6105227" lon="104.1300821"><ele>16.6</ele><time>2026-05-02T02:07:55.997Z</time></trkpt>
      <trkpt lat="10.6105438" lon="104.1301005"><ele>16.3</ele><time>2026-05-02T02:07:56.996Z</time></trkpt>
      <trkpt lat="10.6105691" lon="104.1301261"><ele>16.3</ele><time>2026-05-02T02:07:57.995Z</time></trkpt>
      <trkpt lat="10.6105868" lon="104.1301520"><ele>16.6</ele><time>2026-05-02T02:07:58.997Z</time></trkpt>
      <trkpt lat="10.6105999" lon="104.1301802"><ele>16.9</ele><time>2026-05-02T02:07:59.996Z</time></trkpt>
      <trkpt lat="10.6106129" lon="104.1302097"><ele>17.0</ele><time>2026-05-02T02:08:00.996Z</time></trkpt>
      <trkpt lat="10.6106274" lon="104.1302413"><ele>17.1</ele><time>2026-05-02T02:08:01.997Z</time></trkpt>
      <trkpt lat="10.6106421" lon="104.1302771"><ele>17.2</ele><time>2026-05-02T02:08:02.997Z</time></trkpt>
      <trkpt lat="10.6106596" lon="104.1303108"><ele>17.4</ele><time>2026-05-02T02:08:03.997Z</time></trkpt>
      <trkpt lat="10.6106865" lon="104.1303405"><ele>17.4</ele><time>2026-05-02T02:08:04.997Z</time></trkpt>
      <trkpt lat="10.6107185" lon="104.1303661"><ele>17.4</ele><time>2026-05-02T02:08:05.996Z</time></trkpt>
      <trkpt lat="10.6107504" lon="104.1303914"><ele>17.2</ele><time>2026-05-02T02:08:06.996Z</time></trkpt>
      <trkpt lat="10.6107796" lon="104.1304218"><ele>17.1</ele><time>2026-05-02T02:08:07.998Z</time></trkpt>
      <trkpt lat="10.6108038" lon="104.1304485"><ele>16.6</ele><time>2026-05-02T02:08:08.997Z</time></trkpt>
      <trkpt lat="10.6108324" lon="104.1304699"><ele>16.2</ele><time>2026-05-02T02:08:09.997Z</time></trkpt>
      <trkpt lat="10.6108647" lon="104.1304893"><ele>15.8</ele><time>2026-05-02T02:08:10.996Z</time></trkpt>
      <trkpt lat="10.6108953" lon="104.1305128"><ele>15.8</ele><time>2026-05-02T02:08:11.997Z</time></trkpt>
      <trkpt lat="10.6109244" lon="104.1305370"><ele>15.9</ele><time>2026-05-02T02:08:12.997Z</time></trkpt>
      <trkpt lat="10.6109504" lon="104.1305600"><ele>15.8</ele><time>2026-05-02T02:08:13.997Z</time></trkpt>
      <trkpt lat="10.6109753" lon="104.1305837"><ele>15.5</ele><time>2026-05-02T02:08:14.998Z</time></trkpt>
      <trkpt lat="10.6109953" lon="104.1306094"><ele>15.2</ele><time>2026-05-02T02:08:15.997Z</time></trkpt>
      <trkpt lat="10.6110126" lon="104.1306345"><ele>15.1</ele><time>2026-05-02T02:08:16.996Z</time></trkpt>
      <trkpt lat="10.6110359" lon="104.1306538"><ele>15.1</ele><time>2026-05-02T02:08:17.997Z</time></trkpt>
      <trkpt lat="10.6110594" lon="104.1306725"><ele>15.1</ele><time>2026-05-02T02:08:18.996Z</time></trkpt>
      <trkpt lat="10.6110767" lon="104.1306994"><ele>15.0</ele><time>2026-05-02T02:08:19.998Z</time></trkpt>
      <trkpt lat="10.6110857" lon="104.1307246"><ele>14.9</ele><time>2026-05-02T02:08:20.995Z</time></trkpt>
      <trkpt lat="10.6110954" lon="104.1307505"><ele>14.8</ele><time>2026-05-02T02:08:21.996Z</time></trkpt>
      <trkpt lat="10.6110984" lon="104.1307810"><ele>14.7</ele><time>2026-05-02T02:08:22.996Z</time></trkpt>
      <trkpt lat="10.6110983" lon="104.1308144"><ele>14.6</ele><time>2026-05-02T02:08:23.996Z</time></trkpt>
      <trkpt lat="10.6110967" lon="104.1308502"><ele>14.7</ele><time>2026-05-02T02:08:24.997Z</time></trkpt>
      <trkpt lat="10.6110902" lon="104.1308855"><ele>15.0</ele><time>2026-05-02T02:08:25.996Z</time></trkpt>
      <trkpt lat="10.6110795" lon="104.1309172"><ele>15.2</ele><time>2026-05-02T02:08:26.997Z</time></trkpt>
      <trkpt lat="10.6110673" lon="104.1309499"><ele>15.4</ele><time>2026-05-02T02:08:27.996Z</time></trkpt>
      <trkpt lat="10.6110552" lon="104.1309824"><ele>15.6</ele><time>2026-05-02T02:08:28.996Z</time></trkpt>
      <trkpt lat="10.6110452" lon="104.1310130"><ele>15.8</ele><time>2026-05-02T02:08:29.997Z</time></trkpt>
      <trkpt lat="10.6110351" lon="104.1310387"><ele>16.0</ele><time>2026-05-02T02:08:30.997Z</time></trkpt>
      <trkpt lat="10.6110247" lon="104.1310594"><ele>16.0</ele><time>2026-05-02T02:08:31.997Z</time></trkpt>
      <trkpt lat="10.6110149" lon="104.1310786"><ele>16.0</ele><time>2026-05-02T02:08:32.998Z</time></trkpt>
      <trkpt lat="10.6110062" lon="104.1311012"><ele>15.9</ele><time>2026-05-02T02:08:33.997Z</time></trkpt>
      <trkpt lat="10.6110041" lon="104.1311279"><ele>15.7</ele><time>2026-05-02T02:08:34.997Z</time></trkpt>
      <trkpt lat="10.6110159" lon="104.1311554"><ele>15.5</ele><time>2026-05-02T02:08:35.998Z</time></trkpt>
      <trkpt lat="10.6110323" lon="104.1311870"><ele>15.3</ele><time>2026-05-02T02:08:36.996Z</time></trkpt>
      <trkpt lat="10.6110410" lon="104.1312207"><ele>14.8</ele><time>2026-05-02T02:08:37.997Z</time></trkpt>
      <trkpt lat="10.6110506" lon="104.1312519"><ele>14.2</ele><time>2026-05-02T02:08:38.996Z</time></trkpt>
      <trkpt lat="10.6110580" lon="104.1312815"><ele>13.8</ele><time>2026-05-02T02:08:39.998Z</time></trkpt>
      <trkpt lat="10.6110700" lon="104.1313107"><ele>13.7</ele><time>2026-05-02T02:08:40.996Z</time></trkpt>
      <trkpt lat="10.6110778" lon="104.1313430"><ele>13.6</ele><time>2026-05-02T02:08:41.998Z</time></trkpt>
      <trkpt lat="10.6110796" lon="104.1313746"><ele>13.4</ele><time>2026-05-02T02:08:42.995Z</time></trkpt>
      <trkpt lat="10.6110825" lon="104.1314071"><ele>13.4</ele><time>2026-05-02T02:08:43.997Z</time></trkpt>
      <trkpt lat="10.6110911" lon="104.1314382"><ele>13.4</ele><time>2026-05-02T02:08:44.996Z</time></trkpt>
      <trkpt lat="10.6111026" lon="104.1314648"><ele>13.4</ele><time>2026-05-02T02:08:45.996Z</time></trkpt>
      <trkpt lat="10.6111081" lon="104.1314939"><ele>13.3</ele><time>2026-05-02T02:08:46.996Z</time></trkpt>
      <trkpt lat="10.6111134" lon="104.1315227"><ele>13.1</ele><time>2026-05-02T02:08:47.996Z</time></trkpt>
      <trkpt lat="10.6111203" lon="104.1315522"><ele>12.9</ele><time>2026-05-02T02:08:48.997Z</time></trkpt>
      <trkpt lat="10.6111274" lon="104.1315838"><ele>12.7</ele><time>2026-05-02T02:08:49.996Z</time></trkpt>
      <trkpt lat="10.6111360" lon="104.1316161"><ele>12.8</ele><time>2026-05-02T02:08:50.996Z</time></trkpt>
      <trkpt lat="10.6111450" lon="104.1316495"><ele>12.9</ele><time>2026-05-02T02:08:51.997Z</time></trkpt>
      <trkpt lat="10.6111519" lon="104.1316857"><ele>12.9</ele><time>2026-05-02T02:08:52.998Z</time></trkpt>
      <trkpt lat="10.6111562" lon="104.1317241"><ele>12.8</ele><time>2026-05-02T02:08:53.997Z</time></trkpt>
      <trkpt lat="10.6111561" lon="104.1317622"><ele>12.9</ele><time>2026-05-02T02:08:54.997Z</time></trkpt>
      <trkpt lat="10.6111504" lon="104.1318020"><ele>13.0</ele><time>2026-05-02T02:08:55.997Z</time></trkpt>
      <trkpt lat="10.6111411" lon="104.1318411"><ele>13.2</ele><time>2026-05-02T02:08:56.996Z</time></trkpt>
      <trkpt lat="10.6111300" lon="104.1318778"><ele>13.3</ele><time>2026-05-02T02:08:57.996Z</time></trkpt>
      <trkpt lat="10.6111147" lon="104.1319136"><ele>13.7</ele><time>2026-05-02T02:08:58.996Z</time></trkpt>
      <trkpt lat="10.6110982" lon="104.1319491"><ele>14.0</ele><time>2026-05-02T02:08:59.997Z</time></trkpt>
      <trkpt lat="10.6110823" lon="104.1319828"><ele>14.5</ele><time>2026-05-02T02:09:00.997Z</time></trkpt>
      <trkpt lat="10.6110636" lon="104.1320124"><ele>14.9</ele><time>2026-05-02T02:09:01.996Z</time></trkpt>
      <trkpt lat="10.6110416" lon="104.1320396"><ele>14.9</ele><time>2026-05-02T02:09:02.996Z</time></trkpt>
      <trkpt lat="10.6110186" lon="104.1320634"><ele>14.7</ele><time>2026-05-02T02:09:03.996Z</time></trkpt>
      <trkpt lat="10.6109949" lon="104.1320823"><ele>14.5</ele><time>2026-05-02T02:09:04.996Z</time></trkpt>
      <trkpt lat="10.6109763" lon="104.1321056"><ele>14.6</ele><time>2026-05-02T02:09:05.996Z</time></trkpt>
      <trkpt lat="10.6109603" lon="104.1321303"><ele>14.8</ele><time>2026-05-02T02:09:06.996Z</time></trkpt>
      <trkpt lat="10.6109453" lon="104.1321549"><ele>14.8</ele><time>2026-05-02T02:09:07.995Z</time></trkpt>
      <trkpt lat="10.6109241" lon="104.1321762"><ele>14.9</ele><time>2026-05-02T02:09:08.996Z</time></trkpt>
      <trkpt lat="10.6109007" lon="104.1321948"><ele>14.9</ele><time>2026-05-02T02:09:09.996Z</time></trkpt>
      <trkpt lat="10.6108748" lon="104.1322093"><ele>15.0</ele><time>2026-05-02T02:09:10.996Z</time></trkpt>
      <trkpt lat="10.6108481" lon="104.1322167"><ele>15.1</ele><time>2026-05-02T02:09:11.997Z</time></trkpt>
      <trkpt lat="10.6108213" lon="104.1322186"><ele>15.1</ele><time>2026-05-02T02:09:12.995Z</time></trkpt>
      <trkpt lat="10.6107945" lon="104.1322128"><ele>15.1</ele><time>2026-05-02T02:09:13.997Z</time></trkpt>
      <trkpt lat="10.6107654" lon="104.1322093"><ele>15.1</ele><time>2026-05-02T02:09:14.997Z</time></trkpt>
      <trkpt lat="10.6107355" lon="104.1322065"><ele>15.3</ele><time>2026-05-02T02:09:15.998Z</time></trkpt>
      <trkpt lat="10.6107061" lon="104.1322006"><ele>15.5</ele><time>2026-05-02T02:09:16.996Z</time></trkpt>
      <trkpt lat="10.6106784" lon="104.1321912"><ele>15.7</ele><time>2026-05-02T02:09:17.996Z</time></trkpt>
      <trkpt lat="10.6106536" lon="104.1321785"><ele>15.7</ele><time>2026-05-02T02:09:18.995Z</time></trkpt>
      <trkpt lat="10.6106289" lon="104.1321641"><ele>15.4</ele><time>2026-05-02T02:09:19.997Z</time></trkpt>
      <trkpt lat="10.6106051" lon="104.1321506"><ele>15.2</ele><time>2026-05-02T02:09:20.996Z</time></trkpt>
      <trkpt lat="10.6105817" lon="104.1321373"><ele>15.0</ele><time>2026-05-02T02:09:21.996Z</time></trkpt>
      <trkpt lat="10.6105592" lon="104.1321255"><ele>14.9</ele><time>2026-05-02T02:09:22.996Z</time></trkpt>
      <trkpt lat="10.6105360" lon="104.1321140"><ele>15.0</ele><time>2026-05-02T02:09:23.996Z</time></trkpt>
      <trkpt lat="10.6105101" lon="104.1321032"><ele>15.1</ele><time>2026-05-02T02:09:24.996Z</time></trkpt>
      <trkpt lat="10.6104786" lon="104.1320955"><ele>15.2</ele><time>2026-05-02T02:09:25.996Z</time></trkpt>
      <trkpt lat="10.6104464" lon="104.1320896"><ele>15.2</ele><time>2026-05-02T02:09:26.996Z</time></trkpt>
      <trkpt lat="10.6104125" lon="104.1320829"><ele>15.2</ele><time>2026-05-02T02:09:27.996Z</time></trkpt>
      <trkpt lat="10.6103815" lon="104.1320759"><ele>15.2</ele><time>2026-05-02T02:09:28.996Z</time></trkpt>
      <trkpt lat="10.6103505" lon="104.1320700"><ele>15.2</ele><time>2026-05-02T02:09:29.996Z</time></trkpt>
      <trkpt lat="10.6103218" lon="104.1320694"><ele>15.2</ele><time>2026-05-02T02:09:30.996Z</time></trkpt>
      <trkpt lat="10.6102965" lon="104.1320809"><ele>15.4</ele><time>2026-05-02T02:09:31.996Z</time></trkpt>
      <trkpt lat="10.6102727" lon="104.1320980"><ele>15.5</ele><time>2026-05-02T02:09:32.997Z</time></trkpt>
      <trkpt lat="10.6102502" lon="104.1321187"><ele>15.6</ele><time>2026-05-02T02:09:33.995Z</time></trkpt>
      <trkpt lat="10.6102310" lon="104.1321439"><ele>15.6</ele><time>2026-05-02T02:09:34.996Z</time></trkpt>
      <trkpt lat="10.6102144" lon="104.1321720"><ele>15.6</ele><time>2026-05-02T02:09:35.996Z</time></trkpt>
      <trkpt lat="10.6101969" lon="104.1322020"><ele>15.5</ele><time>2026-05-02T02:09:36.998Z</time></trkpt>
      <trkpt lat="10.6101751" lon="104.1322310"><ele>15.5</ele><time>2026-05-02T02:09:37.997Z</time></trkpt>
      <trkpt lat="10.6101495" lon="104.1322580"><ele>15.4</ele><time>2026-05-02T02:09:38.996Z</time></trkpt>
      <trkpt lat="10.6101241" lon="104.1322897"><ele>15.4</ele><time>2026-05-02T02:09:39.997Z</time></trkpt>
      <trkpt lat="10.6101170" lon="104.1322980"><ele>15.3</ele><time>2026-05-02T02:09:40.316Z</time></trkpt>
      <trkpt lat="10.6101140" lon="104.1323018"><ele>15.2</ele><time>2026-05-02T02:09:40.669Z</time></trkpt>
      <trkpt lat="10.6100993" lon="104.1323209"><ele>15.2</ele><time>2026-05-02T02:09:40.906Z</time></trkpt>
      <trkpt lat="10.6100992" lon="104.1323216"><ele>15.2</ele><time>2026-05-02T02:09:40.996Z</time></trkpt>
      <trkpt lat="10.6100937" lon="104.1323295"><ele>15.2</ele><time>2026-05-02T02:09:41.328Z</time></trkpt>
      <trkpt lat="10.6100810" lon="104.1323487"><ele>15.2</ele><time>2026-05-02T02:09:41.997Z</time></trkpt>
      <trkpt lat="10.6100780" lon="104.1323532"><ele>15.3</ele><time>2026-05-02T02:09:42.141Z</time></trkpt>
      <trkpt lat="10.6100599" lon="104.1323765"><ele>15.3</ele><time>2026-05-02T02:09:42.966Z</time></trkpt>
      <trkpt lat="10.6100506" lon="104.1323889"><ele>15.4</ele><time>2026-05-02T02:09:43.408Z</time></trkpt>
      <trkpt lat="10.6100376" lon="104.1324046"><ele>15.4</ele><time>2026-05-02T02:09:43.996Z</time></trkpt>
      <trkpt lat="10.6100314" lon="104.1324122"><ele>15.5</ele><time>2026-05-02T02:09:44.262Z</time></trkpt>
      <trkpt lat="10.6100160" lon="104.1324314"><ele>15.6</ele><time>2026-05-02T02:09:44.997Z</time></trkpt>
      <trkpt lat="10.6100040" lon="104.1324470"><ele>15.5</ele><time>2026-05-02T02:09:45.568Z</time></trkpt>
      <trkpt lat="10.6099950" lon="104.1324589"><ele>15.5</ele><time>2026-05-02T02:09:45.997Z</time></trkpt>
      <trkpt lat="10.6099925" lon="104.1324620"><ele>15.5</ele><time>2026-05-02T02:09:46.100Z</time></trkpt>
      <trkpt lat="10.6099804" lon="104.1324754"><ele>15.5</ele><time>2026-05-02T02:09:46.623Z</time></trkpt>
      <trkpt lat="10.6099710" lon="104.1324847"><ele>15.5</ele><time>2026-05-02T02:09:47.000Z</time></trkpt>
      <trkpt lat="10.6099643" lon="104.1324925"><ele>15.4</ele><time>2026-05-02T02:09:47.267Z</time></trkpt>
      <trkpt lat="10.6099510" lon="104.1325059"><ele>15.4</ele><time>2026-05-02T02:09:47.809Z</time></trkpt>
      <trkpt lat="10.6099472" lon="104.1325106"><ele>15.5</ele><time>2026-05-02T02:09:47.995Z</time></trkpt>
      <trkpt lat="10.6099286" lon="104.1325287"><ele>15.6</ele><time>2026-05-02T02:09:48.765Z</time></trkpt>
      <trkpt lat="10.6099240" lon="104.1325340"><ele>15.7</ele><time>2026-05-02T02:09:48.996Z</time></trkpt>
      <trkpt lat="10.6099112" lon="104.1325461"><ele>15.7</ele><time>2026-05-02T02:09:49.548Z</time></trkpt>
      <trkpt lat="10.6099019" lon="104.1325569"><ele>15.6</ele><time>2026-05-02T02:09:49.997Z</time></trkpt>
      <trkpt lat="10.6098945" lon="104.1325655"><ele>15.6</ele><time>2026-05-02T02:09:50.342Z</time></trkpt>
      <trkpt lat="10.6098815" lon="104.1325818"><ele>15.5</ele><time>2026-05-02T02:09:50.997Z</time></trkpt>
      <trkpt lat="10.6098698" lon="104.1325964"><ele>15.5</ele><time>2026-05-02T02:09:51.567Z</time></trkpt>
      <trkpt lat="10.6098622" lon="104.1326072"><ele>15.3</ele><time>2026-05-02T02:09:51.997Z</time></trkpt>
      <trkpt lat="10.6098582" lon="104.1326126"><ele>15.0</ele><time>2026-05-02T02:09:52.202Z</time></trkpt>
      <trkpt lat="10.6098482" lon="104.1326242"><ele>14.8</ele><time>2026-05-02T02:09:52.683Z</time></trkpt>
      <trkpt lat="10.6098410" lon="104.1326325"><ele>14.8</ele><time>2026-05-02T02:09:53.030Z</time></trkpt>
      <trkpt lat="10.6098273" lon="104.1326462"><ele>14.8</ele><time>2026-05-02T02:09:53.587Z</time></trkpt>
      <trkpt lat="10.6098179" lon="104.1326552"><ele>14.7</ele><time>2026-05-02T02:09:53.958Z</time></trkpt>
      <trkpt lat="10.6098026" lon="104.1326722"><ele>14.8</ele><time>2026-05-02T02:09:54.583Z</time></trkpt>
      <trkpt lat="10.6097940" lon="104.1326840"><ele>14.8</ele><time>2026-05-02T02:09:54.996Z</time></trkpt>
      <trkpt lat="10.6097867" lon="104.1326933"><ele>14.8</ele><time>2026-05-02T02:09:55.316Z</time></trkpt>
      <trkpt lat="10.6097767" lon="104.1327057"><ele>14.7</ele><time>2026-05-02T02:09:55.747Z</time></trkpt>
      <trkpt lat="10.6097725" lon="104.1327131"><ele>14.8</ele><time>2026-05-02T02:09:55.996Z</time></trkpt>
      <trkpt lat="10.6097666" lon="104.1327225"><ele>14.9</ele><time>2026-05-02T02:09:56.302Z</time></trkpt>
      <trkpt lat="10.6097577" lon="104.1327361"><ele>14.9</ele><time>2026-05-02T02:09:56.741Z</time></trkpt>
      <trkpt lat="10.6097541" lon="104.1327431"><ele>15.0</ele><time>2026-05-02T02:09:56.997Z</time></trkpt>
      <trkpt lat="10.6097417" lon="104.1327610"><ele>15.0</ele><time>2026-05-02T02:09:57.627Z</time></trkpt>
      <trkpt lat="10.6097369" lon="104.1327694"><ele>15.1</ele><time>2026-05-02T02:09:57.996Z</time></trkpt>
      <trkpt lat="10.6097328" lon="104.1327759"><ele>15.2</ele><time>2026-05-02T02:09:58.260Z</time></trkpt>
      <trkpt lat="10.6097240" lon="104.1327910"><ele>15.2</ele><time>2026-05-02T02:09:58.804Z</time></trkpt>
      <trkpt lat="10.6097252" lon="104.1327935"><ele>15.2</ele><time>2026-05-02T02:09:58.995Z</time></trkpt>
      <trkpt lat="10.6097217" lon="104.1328042"><ele>15.3</ele><time>2026-05-02T02:09:59.485Z</time></trkpt>
      <trkpt lat="10.6097263" lon="104.1327981"><ele>15.4</ele><time>2026-05-02T02:09:59.998Z</time></trkpt>
      <trkpt lat="10.6097084" lon="104.1328131"><ele>15.4</ele><time>2026-05-02T02:10:00.995Z</time></trkpt>
      <trkpt lat="10.6096868" lon="104.1328374"><ele>15.4</ele><time>2026-05-02T02:10:01.997Z</time></trkpt>
      <trkpt lat="10.6096668" lon="104.1328663"><ele>15.4</ele><time>2026-05-02T02:10:02.997Z</time></trkpt>
      <trkpt lat="10.6096444" lon="104.1328980"><ele>15.4</ele><time>2026-05-02T02:10:03.995Z</time></trkpt>
      <trkpt lat="10.6096211" lon="104.1329317"><ele>15.4</ele><time>2026-05-02T02:10:04.996Z</time></trkpt>
      <trkpt lat="10.6095979" lon="104.1329672"><ele>15.2</ele><time>2026-05-02T02:10:05.996Z</time></trkpt>
      <trkpt lat="10.6095742" lon="104.1330033"><ele>15.1</ele><time>2026-05-02T02:10:06.997Z</time></trkpt>
      <trkpt lat="10.6095465" lon="104.1330373"><ele>14.9</ele><time>2026-05-02T02:10:07.996Z</time></trkpt>
      <trkpt lat="10.6095205" lon="104.1330721"><ele>14.9</ele><time>2026-05-02T02:10:08.996Z</time></trkpt>
      <trkpt lat="10.6094963" lon="104.1331081"><ele>15.1</ele><time>2026-05-02T02:10:09.996Z</time></trkpt>
      <trkpt lat="10.6094727" lon="104.1331436"><ele>15.5</ele><time>2026-05-02T02:10:10.995Z</time></trkpt>
      <trkpt lat="10.6094528" lon="104.1331772"><ele>15.8</ele><time>2026-05-02T02:10:11.997Z</time></trkpt>
      <trkpt lat="10.6094460" lon="104.1331847"><ele>15.9</ele><time>2026-05-02T02:10:12.147Z</time></trkpt>
      <trkpt lat="10.6094317" lon="104.1332026"><ele>15.9</ele><time>2026-05-02T02:10:12.680Z</time></trkpt>
      <trkpt lat="10.6094234" lon="104.1332132"><ele>15.8</ele><time>2026-05-02T02:10:12.996Z</time></trkpt>
      <trkpt lat="10.6094178" lon="104.1332202"><ele>15.8</ele><time>2026-05-02T02:10:13.202Z</time></trkpt>
      <trkpt lat="10.6093983" lon="104.1332453"><ele>15.7</ele><time>2026-05-02T02:10:13.988Z</time></trkpt>
      <trkpt lat="10.6093886" lon="104.1332631"><ele>15.7</ele><time>2026-05-02T02:10:14.480Z</time></trkpt>
      <trkpt lat="10.6093777" lon="104.1332823"><ele>15.7</ele><time>2026-05-02T02:10:14.997Z</time></trkpt>
      <trkpt lat="10.6093713" lon="104.1332934"><ele>15.8</ele><time>2026-05-02T02:10:15.298Z</time></trkpt>
      <trkpt lat="10.6093577" lon="104.1333188"><ele>15.8</ele><time>2026-05-02T02:10:15.997Z</time></trkpt>
      <trkpt lat="10.6093526" lon="104.1333287"><ele>15.6</ele><time>2026-05-02T02:10:16.248Z</time></trkpt>
      <trkpt lat="10.6093425" lon="104.1333478"><ele>15.5</ele><time>2026-05-02T02:10:16.781Z</time></trkpt>
      <trkpt lat="10.6093395" lon="104.1333560"><ele>15.6</ele><time>2026-05-02T02:10:16.997Z</time></trkpt>
      <trkpt lat="10.6093310" lon="104.1333751"><ele>15.6</ele><time>2026-05-02T02:10:17.525Z</time></trkpt>
      <trkpt lat="10.6093242" lon="104.1333918"><ele>15.7</ele><time>2026-05-02T02:10:17.997Z</time></trkpt>
      <trkpt lat="10.6093207" lon="104.1333998"><ele>15.7</ele><time>2026-05-02T02:10:18.208Z</time></trkpt>
      <trkpt lat="10.6093092" lon="104.1334229"><ele>15.8</ele><time>2026-05-02T02:10:18.861Z</time></trkpt>
      <trkpt lat="10.6093070" lon="104.1334262"><ele>15.8</ele><time>2026-05-02T02:10:18.996Z</time></trkpt>
      <trkpt lat="10.6093013" lon="104.1334364"><ele>15.8</ele><time>2026-05-02T02:10:19.316Z</time></trkpt>
      <trkpt lat="10.6092893" lon="104.1334567"><ele>15.7</ele><time>2026-05-02T02:10:19.995Z</time></trkpt>
      <trkpt lat="10.6092779" lon="104.1334752"><ele>15.7</ele><time>2026-05-02T02:10:20.581Z</time></trkpt>
      <trkpt lat="10.6092692" lon="104.1334901"><ele>15.6</ele><time>2026-05-02T02:10:21.023Z</time></trkpt>
      <trkpt lat="10.6092613" lon="104.1335061"><ele>15.6</ele><time>2026-05-02T02:10:21.590Z</time></trkpt>
      <trkpt lat="10.6092572" lon="104.1335145"><ele>15.5</ele><time>2026-05-02T02:10:21.996Z</time></trkpt>
      <trkpt lat="10.6092494" lon="104.1335295"><ele>15.4</ele><time>2026-05-02T02:10:22.549Z</time></trkpt>
      <trkpt lat="10.6092436" lon="104.1335403"><ele>15.1</ele><time>2026-05-02T02:10:22.996Z</time></trkpt>
      <trkpt lat="10.6092303" lon="104.1335631"><ele>15.0</ele><time>2026-05-02T02:10:23.804Z</time></trkpt>
      <trkpt lat="10.6092271" lon="104.1335668"><ele>14.7</ele><time>2026-05-02T02:10:23.997Z</time></trkpt>
      <trkpt lat="10.6092184" lon="104.1335788"><ele>14.5</ele><time>2026-05-02T02:10:24.467Z</time></trkpt>
      <trkpt lat="10.6092093" lon="104.1335928"><ele>14.2</ele><time>2026-05-02T02:10:24.961Z</time></trkpt>
      <trkpt lat="10.6091990" lon="104.1336103"><ele>14.3</ele><time>2026-05-02T02:10:25.623Z</time></trkpt>
      <trkpt lat="10.6091930" lon="104.1336186"><ele>14.4</ele><time>2026-05-02T02:10:25.996Z</time></trkpt>
      <trkpt lat="10.6091889" lon="104.1336240"><ele>14.6</ele><time>2026-05-02T02:10:26.226Z</time></trkpt>
      <trkpt lat="10.6091803" lon="104.1336357"><ele>14.6</ele><time>2026-05-02T02:10:26.668Z</time></trkpt>
      <trkpt lat="10.6091744" lon="104.1336429"><ele>14.6</ele><time>2026-05-02T02:10:26.997Z</time></trkpt>
      <trkpt lat="10.6091556" lon="104.1336701"><ele>14.6</ele><time>2026-05-02T02:10:28.006Z</time></trkpt>
      <trkpt lat="10.6091429" lon="104.1336928"><ele>14.7</ele><time>2026-05-02T02:10:28.860Z</time></trkpt>
      <trkpt lat="10.6091401" lon="104.1336963"><ele>14.8</ele><time>2026-05-02T02:10:29.005Z</time></trkpt>
      <trkpt lat="10.6091253" lon="104.1337128"><ele>14.8</ele><time>2026-05-02T02:10:29.745Z</time></trkpt>
      <trkpt lat="10.6091196" lon="104.1337180"><ele>14.9</ele><time>2026-05-02T02:10:29.996Z</time></trkpt>
      <trkpt lat="10.6091137" lon="104.1337257"><ele>15.0</ele><time>2026-05-02T02:10:30.304Z</time></trkpt>
      <trkpt lat="10.6091050" lon="104.1337387"><ele>15.0</ele><time>2026-05-02T02:10:30.770Z</time></trkpt>
      <trkpt lat="10.6091009" lon="104.1337449"><ele>15.1</ele><time>2026-05-02T02:10:30.998Z</time></trkpt>
      <trkpt lat="10.6090949" lon="104.1337529"><ele>15.1</ele><time>2026-05-02T02:10:31.313Z</time></trkpt>
      <trkpt lat="10.6090817" lon="104.1337709"><ele>15.0</ele><time>2026-05-02T02:10:31.997Z</time></trkpt>
      <trkpt lat="10.6090781" lon="104.1337754"><ele>14.8</ele><time>2026-05-02T02:10:32.422Z</time></trkpt>
      <trkpt lat="10.6090628" lon="104.1337952"><ele>14.7</ele><time>2026-05-02T02:10:32.810Z</time></trkpt>
      <trkpt lat="10.6090601" lon="104.1337992"><ele>14.7</ele><time>2026-05-02T02:10:32.996Z</time></trkpt>
      <trkpt lat="10.6090525" lon="104.1338111"><ele>14.7</ele><time>2026-05-02T02:10:33.445Z</time></trkpt>
      <trkpt lat="10.6090426" lon="104.1338261"><ele>14.7</ele><time>2026-05-02T02:10:33.964Z</time></trkpt>
      <trkpt lat="10.6090315" lon="104.1338369"><ele>14.7</ele><time>2026-05-02T02:10:34.407Z</time></trkpt>
      <trkpt lat="10.6090162" lon="104.1338516"><ele>14.7</ele><time>2026-05-02T02:10:34.997Z</time></trkpt>
      <trkpt lat="10.6090129" lon="104.1338544"><ele>14.8</ele><time>2026-05-02T02:10:35.101Z</time></trkpt>
      <trkpt lat="10.6089980" lon="104.1338705"><ele>14.8</ele><time>2026-05-02T02:10:35.703Z</time></trkpt>
      <trkpt lat="10.6089903" lon="104.1338781"><ele>14.8</ele><time>2026-05-02T02:10:35.996Z</time></trkpt>
      <trkpt lat="10.6089835" lon="104.1338846"><ele>14.8</ele><time>2026-05-02T02:10:36.246Z</time></trkpt>
      <trkpt lat="10.6089684" lon="104.1338997"><ele>14.7</ele><time>2026-05-02T02:10:36.828Z</time></trkpt>
      <trkpt lat="10.6089646" lon="104.1339045"><ele>14.8</ele><time>2026-05-02T02:10:36.997Z</time></trkpt>
      <trkpt lat="10.6089578" lon="104.1339123"><ele>14.8</ele><time>2026-05-02T02:10:37.264Z</time></trkpt>
      <trkpt lat="10.6089424" lon="104.1339282"><ele>14.9</ele><time>2026-05-02T02:10:37.843Z</time></trkpt>
      <trkpt lat="10.6089382" lon="104.1339317"><ele>14.9</ele><time>2026-05-02T02:10:37.996Z</time></trkpt>
      <trkpt lat="10.6089288" lon="104.1339397"><ele>14.8</ele><time>2026-05-02T02:10:38.326Z</time></trkpt>
      <trkpt lat="10.6089133" lon="104.1339537"><ele>14.8</ele><time>2026-05-02T02:10:38.870Z</time></trkpt>
      <trkpt lat="10.6089104" lon="104.1339567"><ele>14.7</ele><time>2026-05-02T02:10:38.995Z</time></trkpt>
      <trkpt lat="10.6088964" lon="104.1339713"><ele>14.7</ele><time>2026-05-02T02:10:39.541Z</time></trkpt>
      <trkpt lat="10.6088855" lon="104.1339831"><ele>14.4</ele><time>2026-05-02T02:10:39.996Z</time></trkpt>
      <trkpt lat="10.6088803" lon="104.1339884"><ele>14.2</ele><time>2026-05-02T02:10:40.185Z</time></trkpt>
      <trkpt lat="10.6088636" lon="104.1340050"><ele>13.9</ele><time>2026-05-02T02:10:40.807Z</time></trkpt>
      <trkpt lat="10.6088594" lon="104.1340104"><ele>14.0</ele><time>2026-05-02T02:10:40.996Z</time></trkpt>
      <trkpt lat="10.6088506" lon="104.1340207"><ele>14.0</ele><time>2026-05-02T02:10:41.360Z</time></trkpt>
      <trkpt lat="10.6088363" lon="104.1340387"><ele>14.0</ele><time>2026-05-02T02:10:41.944Z</time></trkpt>
      <trkpt lat="10.6088180" lon="104.1340654"><ele>14.0</ele><time>2026-05-02T02:10:42.790Z</time></trkpt>
      <trkpt lat="10.6088142" lon="104.1340721"><ele>14.0</ele><time>2026-05-02T02:10:42.996Z</time></trkpt>
      <trkpt lat="10.6088041" lon="104.1340862"><ele>14.0</ele><time>2026-05-02T02:10:43.460Z</time></trkpt>
      <trkpt lat="10.6087936" lon="104.1341007"><ele>14.0</ele><time>2026-05-02T02:10:43.922Z</time></trkpt>
      <trkpt lat="10.6087767" lon="104.1341254"><ele>14.0</ele><time>2026-05-02T02:10:44.687Z</time></trkpt>
      <trkpt lat="10.6087704" lon="104.1341356"><ele>14.0</ele><time>2026-05-02T02:10:44.996Z</time></trkpt>
      <trkpt lat="10.6087650" lon="104.1341438"><ele>14.1</ele><time>2026-05-02T02:10:45.240Z</time></trkpt>
      <trkpt lat="10.6087490" lon="104.1341685"><ele>14.1</ele><time>2026-05-02T02:10:45.996Z</time></trkpt>
      <trkpt lat="10.6087376" lon="104.1341877"><ele>14.0</ele><time>2026-05-02T02:10:46.567Z</time></trkpt>
      <trkpt lat="10.6087301" lon="104.1342038"><ele>14.2</ele><time>2026-05-02T02:10:46.996Z</time></trkpt>
      <trkpt lat="10.6087280" lon="104.1342087"><ele>14.3</ele><time>2026-05-02T02:10:47.111Z</time></trkpt>
      <trkpt lat="10.6087168" lon="104.1342306"><ele>14.5</ele><time>2026-05-02T02:10:47.722Z</time></trkpt>
      <trkpt lat="10.6087118" lon="104.1342412"><ele>14.3</ele><time>2026-05-02T02:10:47.998Z</time></trkpt>
      <trkpt lat="10.6087086" lon="104.1342509"><ele>14.2</ele><time>2026-05-02T02:10:48.223Z</time></trkpt>
      <trkpt lat="10.6087009" lon="104.1342696"><ele>14.1</ele><time>2026-05-02T02:10:48.706Z</time></trkpt>
      <trkpt lat="10.6086961" lon="104.1342815"><ele>14.2</ele><time>2026-05-02T02:10:49.003Z</time></trkpt>
      <trkpt lat="10.6086901" lon="104.1342996"><ele>14.3</ele><time>2026-05-02T02:10:49.440Z</time></trkpt>
      <trkpt lat="10.6086820" lon="104.1343229"><ele>14.2</ele><time>2026-05-02T02:10:50.008Z</time></trkpt>
      <trkpt lat="10.6086807" lon="104.1343304"><ele>14.1</ele><time>2026-05-02T02:10:50.164Z</time></trkpt>
      <trkpt lat="10.6086757" lon="104.1343487"><ele>13.9</ele><time>2026-05-02T02:10:50.605Z</time></trkpt>
      <trkpt lat="10.6086724" lon="104.1343656"><ele>13.9</ele><time>2026-05-02T02:10:50.996Z</time></trkpt>
      <trkpt lat="10.6086656" lon="104.1343909"><ele>13.9</ele><time>2026-05-02T02:10:51.600Z</time></trkpt>
      <trkpt lat="10.6086597" lon="104.1344089"><ele>13.9</ele><time>2026-05-02T02:10:52.031Z</time></trkpt>
      <trkpt lat="10.6086571" lon="104.1344171"><ele>13.9</ele><time>2026-05-02T02:10:52.622Z</time></trkpt>
      <trkpt lat="10.6086481" lon="104.1344492"><ele>14.0</ele><time>2026-05-02T02:10:52.996Z</time></trkpt>
      <trkpt lat="10.6086471" lon="104.1344546"><ele>14.1</ele><time>2026-05-02T02:10:53.127Z</time></trkpt>
      <trkpt lat="10.6086388" lon="104.1344857"><ele>14.1</ele><time>2026-05-02T02:10:53.881Z</time></trkpt>
      <trkpt lat="10.6086365" lon="104.1344909"><ele>14.1</ele><time>2026-05-02T02:10:53.996Z</time></trkpt>
      <trkpt lat="10.6086292" lon="104.1345068"><ele>14.1</ele><time>2026-05-02T02:10:54.404Z</time></trkpt>
      <trkpt lat="10.6086167" lon="104.1345299"><ele>14.2</ele><time>2026-05-02T02:10:54.997Z</time></trkpt>
      <trkpt lat="10.6086109" lon="104.1345405"><ele>14.4</ele><time>2026-05-02T02:10:55.250Z</time></trkpt>
      <trkpt lat="10.6086002" lon="104.1345608"><ele>14.5</ele><time>2026-05-02T02:10:55.780Z</time></trkpt>
      <trkpt lat="10.6085948" lon="104.1345693"><ele>14.4</ele><time>2026-05-02T02:10:55.997Z</time></trkpt>
      <trkpt lat="10.6085814" lon="104.1345928"><ele>14.4</ele><time>2026-05-02T02:10:56.605Z</time></trkpt>
      <trkpt lat="10.6085716" lon="104.1346076"><ele>14.4</ele><time>2026-05-02T02:10:56.996Z</time></trkpt>
      <trkpt lat="10.6085647" lon="104.1346193"><ele>14.4</ele><time>2026-05-02T02:10:57.304Z</time></trkpt>
      <trkpt lat="10.6085514" lon="104.1346431"><ele>14.5</ele><time>2026-05-02T02:10:57.923Z</time></trkpt>
      <trkpt lat="10.6085354" lon="104.1346651"><ele>14.5</ele><time>2026-05-02T02:10:58.504Z</time></trkpt>
      <trkpt lat="10.6085205" lon="104.1346788"><ele>14.5</ele><time>2026-05-02T02:10:58.996Z</time></trkpt>
      <trkpt lat="10.6084950" lon="104.1347200"><ele>14.3</ele><time>2026-05-02T02:10:59.996Z</time></trkpt>
      <trkpt lat="10.6084889" lon="104.1347290"><ele>14.2</ele><time>2026-05-02T02:11:00.222Z</time></trkpt>
      <trkpt lat="10.6084823" lon="104.1347391"><ele>14.1</ele><time>2026-05-02T02:11:00.756Z</time></trkpt>
      <trkpt lat="10.6084754" lon="104.1347503"><ele>14.0</ele><time>2026-05-02T02:11:00.996Z</time></trkpt>
      <trkpt lat="10.6084650" lon="104.1347677"><ele>14.0</ele><time>2026-05-02T02:11:01.517Z</time></trkpt>
      <trkpt lat="10.6084528" lon="104.1347913"><ele>14.0</ele><time>2026-05-02T02:11:01.996Z</time></trkpt>
      <trkpt lat="10.6084458" lon="104.1348028"><ele>14.0</ele><time>2026-05-02T02:11:02.306Z</time></trkpt>
      <trkpt lat="10.6084338" lon="104.1348226"><ele>14.0</ele><time>2026-05-02T02:11:02.874Z</time></trkpt>
      <trkpt lat="10.6084311" lon="104.1348290"><ele>14.1</ele><time>2026-05-02T02:11:02.996Z</time></trkpt>
      <trkpt lat="10.6084158" lon="104.1348550"><ele>14.1</ele><time>2026-05-02T02:11:03.720Z</time></trkpt>
      <trkpt lat="10.6084089" lon="104.1348645"><ele>14.3</ele><time>2026-05-02T02:11:03.996Z</time></trkpt>
      <trkpt lat="10.6083996" lon="104.1348771"><ele>14.4</ele><time>2026-05-02T02:11:04.383Z</time></trkpt>
      <trkpt lat="10.6083887" lon="104.1348920"><ele>14.5</ele><time>2026-05-02T02:11:04.835Z</time></trkpt>
      <trkpt lat="10.6083847" lon="104.1348966"><ele>14.4</ele><time>2026-05-02T02:11:04.995Z</time></trkpt>
      <trkpt lat="10.6083750" lon="104.1349089"><ele>14.3</ele><time>2026-05-02T02:11:05.418Z</time></trkpt>
      <trkpt lat="10.6083642" lon="104.1349274"><ele>14.2</ele><time>2026-05-02T02:11:05.996Z</time></trkpt>
      <trkpt lat="10.6083543" lon="104.1349437"><ele>14.2</ele><time>2026-05-02T02:11:06.505Z</time></trkpt>
      <trkpt lat="10.6083475" lon="104.1349596"><ele>14.1</ele><time>2026-05-02T02:11:06.997Z</time></trkpt>
      <trkpt lat="10.6083465" lon="104.1349634"><ele>14.0</ele><time>2026-05-02T02:11:07.095Z</time></trkpt>
      <trkpt lat="10.6083387" lon="104.1349778"><ele>13.9</ele><time>2026-05-02T02:11:07.559Z</time></trkpt>
      <trkpt lat="10.6083312" lon="104.1349920"><ele>13.9</ele><time>2026-05-02T02:11:07.996Z</time></trkpt>
      <trkpt lat="10.6083292" lon="104.1350031"><ele>13.8</ele><time>2026-05-02T02:11:08.326Z</time></trkpt>
      <trkpt lat="10.6083212" lon="104.1350256"><ele>13.8</ele><time>2026-05-02T02:11:09.002Z</time></trkpt>
      <trkpt lat="10.6083193" lon="104.1350358"><ele>13.8</ele><time>2026-05-02T02:11:09.307Z</time></trkpt>
      <trkpt lat="10.6083123" lon="104.1350540"><ele>13.7</ele><time>2026-05-02T02:11:09.860Z</time></trkpt>
      <trkpt lat="10.6083101" lon="104.1350588"><ele>13.8</ele><time>2026-05-02T02:11:10.005Z</time></trkpt>
      <trkpt lat="10.6083065" lon="104.1350648"><ele>13.8</ele><time>2026-05-02T02:11:10.262Z</time></trkpt>
      <trkpt lat="10.6082976" lon="104.1350758"><ele>13.9</ele><time>2026-05-02T02:11:10.727Z</time></trkpt>
      <trkpt lat="10.6082917" lon="104.1350801"><ele>13.8</ele><time>2026-05-02T02:11:10.996Z</time></trkpt>
      <trkpt lat="10.6082869" lon="104.1350838"><ele>13.7</ele><time>2026-05-02T02:11:11.196Z</time></trkpt>
      <trkpt lat="10.6082703" lon="104.1351011"><ele>13.6</ele><time>2026-05-02T02:11:11.940Z</time></trkpt>
      <trkpt lat="10.6082702" lon="104.1351035"><ele>13.5</ele><time>2026-05-02T02:11:12.210Z</time></trkpt>
      <trkpt lat="10.6082589" lon="104.1351272"><ele>13.4</ele><time>2026-05-02T02:11:12.995Z</time></trkpt>
      <trkpt lat="10.6082443" lon="104.1351583"><ele>13.3</ele><time>2026-05-02T02:11:13.995Z</time></trkpt>
      <trkpt lat="10.6082246" lon="104.1351846"><ele>13.0</ele><time>2026-05-02T02:11:14.995Z</time></trkpt>
      <trkpt lat="10.6082035" lon="104.1352136"><ele>12.8</ele><time>2026-05-02T02:11:15.996Z</time></trkpt>
      <trkpt lat="10.6081863" lon="104.1352444"><ele>12.5</ele><time>2026-05-02T02:11:16.997Z</time></trkpt>
      <trkpt lat="10.6081699" lon="104.1352752"><ele>12.2</ele><time>2026-05-02T02:11:17.997Z</time></trkpt>
      <trkpt lat="10.6081522" lon="104.1353060"><ele>11.9</ele><time>2026-05-02T02:11:18.996Z</time></trkpt>
      <trkpt lat="10.6081400" lon="104.1353388"><ele>11.5</ele><time>2026-05-02T02:11:19.997Z</time></trkpt>
      <trkpt lat="10.6081395" lon="104.1353696"><ele>11.2</ele><time>2026-05-02T02:11:20.997Z</time></trkpt>
      <trkpt lat="10.6081602" lon="104.1353973"><ele>10.8</ele><time>2026-05-02T02:11:21.996Z</time></trkpt>
      <trkpt lat="10.6081980" lon="104.1354146"><ele>10.6</ele><time>2026-05-02T02:11:22.996Z</time></trkpt>
      <trkpt lat="10.6082428" lon="104.1354148"><ele>10.7</ele><time>2026-05-02T02:11:23.996Z</time></trkpt>
      <trkpt lat="10.6082854" lon="104.1354194"><ele>10.6</ele><time>2026-05-02T02:11:24.997Z</time></trkpt>
      <trkpt lat="10.6083279" lon="104.1354285"><ele>10.3</ele><time>2026-05-02T02:11:25.996Z</time></trkpt>
      <trkpt lat="10.6083703" lon="104.1354351"><ele>9.9</ele><time>2026-05-02T02:11:26.996Z</time></trkpt>
      <trkpt lat="10.6084134" lon="104.1354407"><ele>9.7</ele><time>2026-05-02T02:11:27.996Z</time></trkpt>
      <trkpt lat="10.6084570" lon="104.1354492"><ele>9.6</ele><time>2026-05-02T02:11:28.996Z</time></trkpt>
      <trkpt lat="10.6084996" lon="104.1354608"><ele>9.7</ele><time>2026-05-02T02:11:29.996Z</time></trkpt>
      <trkpt lat="10.6085411" lon="104.1354741"><ele>9.8</ele><time>2026-05-02T02:11:30.997Z</time></trkpt>
      <trkpt lat="10.6085835" lon="104.1354869"><ele>10.1</ele><time>2026-05-02T02:11:31.997Z</time></trkpt>
      <trkpt lat="10.6086259" lon="104.1354989"><ele>10.2</ele><time>2026-05-02T02:11:32.996Z</time></trkpt>
      <trkpt lat="10.6086671" lon="104.1355153"><ele>10.2</ele><time>2026-05-02T02:11:33.996Z</time></trkpt>
      <trkpt lat="10.6087102" lon="104.1355243"><ele>10.0</ele><time>2026-05-02T02:11:34.997Z</time></trkpt>
      <trkpt lat="10.6087525" lon="104.1355336"><ele>10.0</ele><time>2026-05-02T02:11:35.996Z</time></trkpt>
      <trkpt lat="10.6087912" lon="104.1355443"><ele>10.0</ele><time>2026-05-02T02:11:36.995Z</time></trkpt>
      <trkpt lat="10.6088290" lon="104.1355537"><ele>9.9</ele><time>2026-05-02T02:11:37.996Z</time></trkpt>
      <trkpt lat="10.6088703" lon="104.1355705"><ele>9.8</ele><time>2026-05-02T02:11:38.997Z</time></trkpt>
      <trkpt lat="10.6089107" lon="104.1355833"><ele>9.7</ele><time>2026-05-02T02:11:39.997Z</time></trkpt>
      <trkpt lat="10.6089511" lon="104.1355953"><ele>9.6</ele><time>2026-05-02T02:11:40.996Z</time></trkpt>
      <trkpt lat="10.6089917" lon="104.1356077"><ele>9.6</ele><time>2026-05-02T02:11:41.996Z</time></trkpt>
      <trkpt lat="10.6090323" lon="104.1356214"><ele>9.6</ele><time>2026-05-02T02:11:42.996Z</time></trkpt>
      <trkpt lat="10.6090731" lon="104.1356345"><ele>9.5</ele><time>2026-05-02T02:11:43.996Z</time></trkpt>
      <trkpt lat="10.6091129" lon="104.1356495"><ele>9.4</ele><time>2026-05-02T02:11:44.996Z</time></trkpt>
      <trkpt lat="10.6091517" lon="104.1356662"><ele>9.4</ele><time>2026-05-02T02:11:45.997Z</time></trkpt>
      <trkpt lat="10.6091916" lon="104.1356805"><ele>9.4</ele><time>2026-05-02T02:11:46.996Z</time></trkpt>
      <trkpt lat="10.6092322" lon="104.1356967"><ele>9.4</ele><time>2026-05-02T02:11:47.996Z</time></trkpt>
      <trkpt lat="10.6092731" lon="104.1357118"><ele>9.3</ele><time>2026-05-02T02:11:48.996Z</time></trkpt>
      <trkpt lat="10.6093142" lon="104.1357248"><ele>9.2</ele><time>2026-05-02T02:11:49.995Z</time></trkpt>
      <trkpt lat="10.6093545" lon="104.1357336"><ele>9.2</ele><time>2026-05-02T02:11:50.996Z</time></trkpt>
      <trkpt lat="10.6093932" lon="104.1357468"><ele>9.3</ele><time>2026-05-02T02:11:51.995Z</time></trkpt>
      <trkpt lat="10.6094327" lon="104.1357577"><ele>9.6</ele><time>2026-05-02T02:11:52.996Z</time></trkpt>
      <trkpt lat="10.6094720" lon="104.1357703"><ele>9.8</ele><time>2026-05-02T02:11:53.996Z</time></trkpt>
      <trkpt lat="10.6095090" lon="104.1357867"><ele>10.0</ele><time>2026-05-02T02:11:54.996Z</time></trkpt>
      <trkpt lat="10.6095463" lon="104.1357994"><ele>10.0</ele><time>2026-05-02T02:11:55.997Z</time></trkpt>
      <trkpt lat="10.6095847" lon="104.1358074"><ele>9.9</ele><time>2026-05-02T02:11:56.996Z</time></trkpt>
      <trkpt lat="10.6096230" lon="104.1358139"><ele>9.8</ele><time>2026-05-02T02:11:57.996Z</time></trkpt>
      <trkpt lat="10.6096603" lon="104.1358223"><ele>9.8</ele><time>2026-05-02T02:11:58.996Z</time></trkpt>
      <trkpt lat="10.6096973" lon="104.1358271"><ele>9.9</ele><time>2026-05-02T02:11:59.996Z</time></trkpt>
      <trkpt lat="10.6097350" lon="104.1358308"><ele>10.0</ele><time>2026-05-02T02:12:00.996Z</time></trkpt>
      <trkpt lat="10.6097709" lon="104.1358372"><ele>10.0</ele><time>2026-05-02T02:12:01.997Z</time></trkpt>
      <trkpt lat="10.6098064" lon="104.1358463"><ele>10.2</ele><time>2026-05-02T02:12:02.996Z</time></trkpt>
      <trkpt lat="10.6098435" lon="104.1358491"><ele>10.3</ele><time>2026-05-02T02:12:03.996Z</time></trkpt>
      <trkpt lat="10.6098797" lon="104.1358508"><ele>10.4</ele><time>2026-05-02T02:12:04.996Z</time></trkpt>
      <trkpt lat="10.6099164" lon="104.1358507"><ele>10.2</ele><time>2026-05-02T02:12:05.995Z</time></trkpt>
      <trkpt lat="10.6099554" lon="104.1358527"><ele>10.3</ele><time>2026-05-02T02:12:06.995Z</time></trkpt>
      <trkpt lat="10.6099964" lon="104.1358571"><ele>10.4</ele><time>2026-05-02T02:12:07.996Z</time></trkpt>
      <trkpt lat="10.6100396" lon="104.1358606"><ele>10.4</ele><time>2026-05-02T02:12:08.996Z</time></trkpt>
      <trkpt lat="10.6100858" lon="104.1358660"><ele>10.3</ele><time>2026-05-02T02:12:09.997Z</time></trkpt>
      <trkpt lat="10.6101355" lon="104.1358677"><ele>10.2</ele><time>2026-05-02T02:12:10.996Z</time></trkpt>
      <trkpt lat="10.6101813" lon="104.1358728"><ele>10.1</ele><time>2026-05-02T02:12:11.996Z</time></trkpt>
      <trkpt lat="10.6102284" lon="104.1358752"><ele>10.0</ele><time>2026-05-02T02:12:12.995Z</time></trkpt>
      <trkpt lat="10.6102806" lon="104.1358845"><ele>9.8</ele><time>2026-05-02T02:12:13.996Z</time></trkpt>
      <trkpt lat="10.6103283" lon="104.1358904"><ele>9.6</ele><time>2026-05-02T02:12:14.997Z</time></trkpt>
      <trkpt lat="10.6103793" lon="104.1358961"><ele>9.4</ele><time>2026-05-02T02:12:15.996Z</time></trkpt>
      <trkpt lat="10.6104298" lon="104.1359045"><ele>9.2</ele><time>2026-05-02T02:12:16.996Z</time></trkpt>
      <trkpt lat="10.6104842" lon="104.1359090"><ele>9.1</ele><time>2026-05-02T02:12:17.995Z</time></trkpt>
      <trkpt lat="10.6105370" lon="104.1359160"><ele>8.8</ele><time>2026-05-02T02:12:18.994Z</time></trkpt>
      <trkpt lat="10.6105901" lon="104.1359219"><ele>8.5</ele><time>2026-05-02T02:12:19.996Z</time></trkpt>
      <trkpt lat="10.6106373" lon="104.1359280"><ele>8.2</ele><time>2026-05-02T02:12:20.996Z</time></trkpt>
      <trkpt lat="10.6106853" lon="104.1359327"><ele>8.1</ele><time>2026-05-02T02:12:21.996Z</time></trkpt>
      <trkpt lat="10.6107336" lon="104.1359416"><ele>8.0</ele><time>2026-05-02T02:12:22.997Z</time></trkpt>
      <trkpt lat="10.6107802" lon="104.1359480"><ele>8.0</ele><time>2026-05-02T02:12:23.996Z</time></trkpt>
      <trkpt lat="10.6108291" lon="104.1359525"><ele>7.8</ele><time>2026-05-02T02:12:24.996Z</time></trkpt>
      <trkpt lat="10.6108797" lon="104.1359512"><ele>7.7</ele><time>2026-05-02T02:12:25.997Z</time></trkpt>
      <trkpt lat="10.6109275" lon="104.1359576"><ele>7.5</ele><time>2026-05-02T02:12:26.996Z</time></trkpt>
      <trkpt lat="10.6109770" lon="104.1359651"><ele>7.3</ele><time>2026-05-02T02:12:27.996Z</time></trkpt>
      <trkpt lat="10.6110218" lon="104.1359672"><ele>7.0</ele><time>2026-05-02T02:12:28.996Z</time></trkpt>
      <trkpt lat="10.6110669" lon="104.1359714"><ele>6.9</ele><time>2026-05-02T02:12:29.996Z</time></trkpt>
      <trkpt lat="10.6111156" lon="104.1359745"><ele>6.8</ele><time>2026-05-02T02:12:30.995Z</time></trkpt>
      <trkpt lat="10.6111640" lon="104.1359807"><ele>6.7</ele><time>2026-05-02T02:12:31.996Z</time></trkpt>
      <trkpt lat="10.6112108" lon="104.1359881"><ele>6.7</ele><time>2026-05-02T02:12:32.996Z</time></trkpt>
      <trkpt lat="10.6112586" lon="104.1359954"><ele>6.7</ele><time>2026-05-02T02:12:33.996Z</time></trkpt>
      <trkpt lat="10.6113061" lon="104.1360027"><ele>6.8</ele><time>2026-05-02T02:12:34.996Z</time></trkpt>
      <trkpt lat="10.6113502" lon="104.1360102"><ele>7.1</ele><time>2026-05-02T02:12:35.996Z</time></trkpt>
      <trkpt lat="10.6113977" lon="104.1360143"><ele>7.7</ele><time>2026-05-02T02:12:36.996Z</time></trkpt>
      <trkpt lat="10.6114418" lon="104.1360220"><ele>8.1</ele><time>2026-05-02T02:12:37.996Z</time></trkpt>
      <trkpt lat="10.6114833" lon="104.1360324"><ele>8.3</ele><time>2026-05-02T02:12:38.995Z</time></trkpt>
      <trkpt lat="10.6115298" lon="104.1360367"><ele>8.2</ele><time>2026-05-02T02:12:39.997Z</time></trkpt>
      <trkpt lat="10.6115736" lon="104.1360395"><ele>8.1</ele><time>2026-05-02T02:12:40.997Z</time></trkpt>
      <trkpt lat="10.6116183" lon="104.1360464"><ele>8.1</ele><time>2026-05-02T02:12:41.996Z</time></trkpt>
      <trkpt lat="10.6116616" lon="104.1360571"><ele>8.0</ele><time>2026-05-02T02:12:42.996Z</time></trkpt>
      <trkpt lat="10.6117028" lon="104.1360632"><ele>8.0</ele><time>2026-05-02T02:12:43.996Z</time></trkpt>
      <trkpt lat="10.6117487" lon="104.1360657"><ele>8.2</ele><time>2026-05-02T02:12:44.996Z</time></trkpt>
      <trkpt lat="10.6117903" lon="104.1360643"><ele>8.4</ele><time>2026-05-02T02:12:45.996Z</time></trkpt>
      <trkpt lat="10.6118304" lon="104.1360574"><ele>8.5</ele><time>2026-05-02T02:12:46.996Z</time></trkpt>
      <trkpt lat="10.6118681" lon="104.1360529"><ele>8.7</ele><time>2026-05-02T02:12:47.996Z</time></trkpt>
      <trkpt lat="10.6119038" lon="104.1360553"><ele>8.7</ele><time>2026-05-02T02:12:48.996Z</time></trkpt>
      <trkpt lat="10.6119353" lon="104.1360608"><ele>8.7</ele><time>2026-05-02T02:12:49.996Z</time></trkpt>
      <trkpt lat="10.6119657" lon="104.1360668"><ele>8.6</ele><time>2026-05-02T02:12:50.995Z</time></trkpt>
      <trkpt lat="10.6119932" lon="104.1360794"><ele>8.6</ele><time>2026-05-02T02:12:51.995Z</time></trkpt>
      <trkpt lat="10.6120173" lon="104.1361001"><ele>8.6</ele><time>2026-05-02T02:12:52.996Z</time></trkpt>
      <trkpt lat="10.6120372" lon="104.1361269"><ele>8.5</ele><time>2026-05-02T02:12:53.997Z</time></trkpt>
      <trkpt lat="10.6120474" lon="104.1361633"><ele>8.2</ele><time>2026-05-02T02:12:54.994Z</time></trkpt>
      <trkpt lat="10.6120521" lon="104.1362011"><ele>8.1</ele><time>2026-05-02T02:12:55.997Z</time></trkpt>
      <trkpt lat="10.6120529" lon="104.1362388"><ele>8.1</ele><time>2026-05-02T02:12:56.996Z</time></trkpt>
      <trkpt lat="10.6120534" lon="104.1362777"><ele>8.1</ele><time>2026-05-02T02:12:57.995Z</time></trkpt>
      <trkpt lat="10.6120479" lon="104.1363166"><ele>8.1</ele><time>2026-05-02T02:12:58.996Z</time></trkpt>
      <trkpt lat="10.6120467" lon="104.1363557"><ele>7.9</ele><time>2026-05-02T02:12:59.995Z</time></trkpt>
      <trkpt lat="10.6120459" lon="104.1363976"><ele>7.7</ele><time>2026-05-02T02:13:00.995Z</time></trkpt>
      <trkpt lat="10.6120442" lon="104.1364384"><ele>7.5</ele><time>2026-05-02T02:13:01.996Z</time></trkpt>
      <trkpt lat="10.6120430" lon="104.1364803"><ele>7.4</ele><time>2026-05-02T02:13:02.995Z</time></trkpt>
      <trkpt lat="10.6120448" lon="104.1365229"><ele>7.4</ele><time>2026-05-02T02:13:03.996Z</time></trkpt>
      <trkpt lat="10.6120445" lon="104.1365658"><ele>7.3</ele><time>2026-05-02T02:13:04.995Z</time></trkpt>
      <trkpt lat="10.6120444" lon="104.1366092"><ele>7.3</ele><time>2026-05-02T02:13:05.995Z</time></trkpt>
      <trkpt lat="10.6120449" lon="104.1366523"><ele>7.5</ele><time>2026-05-02T02:13:06.995Z</time></trkpt>
      <trkpt lat="10.6120474" lon="104.1366954"><ele>7.6</ele><time>2026-05-02T02:13:07.996Z</time></trkpt>
      <trkpt lat="10.6120474" lon="104.1367354"><ele>7.8</ele><time>2026-05-02T02:13:08.995Z</time></trkpt>
      <trkpt lat="10.6120420" lon="104.1367715"><ele>7.6</ele><time>2026-05-02T02:13:09.996Z</time></trkpt>
      <trkpt lat="10.6120400" lon="104.1368077"><ele>7.4</ele><time>2026-05-02T02:13:10.996Z</time></trkpt>
      <trkpt lat="10.6120399" lon="104.1368438"><ele>7.2</ele><time>2026-05-02T02:13:11.996Z</time></trkpt>
      <trkpt lat="10.6120388" lon="104.1368785"><ele>7.2</ele><time>2026-05-02T02:13:12.996Z</time></trkpt>
      <trkpt lat="10.6120469" lon="104.1369117"><ele>7.1</ele><time>2026-05-02T02:13:13.996Z</time></trkpt>
      <trkpt lat="10.6120682" lon="104.1369386"><ele>6.9</ele><time>2026-05-02T02:13:14.997Z</time></trkpt>
      <trkpt lat="10.6120967" lon="104.1369576"><ele>6.6</ele><time>2026-05-02T02:13:15.995Z</time></trkpt>
      <trkpt lat="10.6121283" lon="104.1369705"><ele>6.5</ele><time>2026-05-02T02:13:16.996Z</time></trkpt>
      <trkpt lat="10.6121619" lon="104.1369798"><ele>6.2</ele><time>2026-05-02T02:13:17.996Z</time></trkpt>
      <trkpt lat="10.6121953" lon="104.1369910"><ele>6.2</ele><time>2026-05-02T02:13:18.996Z</time></trkpt>
      <trkpt lat="10.6122246" lon="104.1370049"><ele>5.9</ele><time>2026-05-02T02:13:19.996Z</time></trkpt>
      <trkpt lat="10.6122540" lon="104.1370220"><ele>5.9</ele><time>2026-05-02T02:13:20.997Z</time></trkpt>
      <trkpt lat="10.6122821" lon="104.1370436"><ele>5.9</ele><time>2026-05-02T02:13:21.995Z</time></trkpt>
      <trkpt lat="10.6123086" lon="104.1370673"><ele>6.0</ele><time>2026-05-02T02:13:22.996Z</time></trkpt>
      <trkpt lat="10.6123310" lon="104.1370969"><ele>6.2</ele><time>2026-05-02T02:13:23.996Z</time></trkpt>
      <trkpt lat="10.6123532" lon="104.1371276"><ele>6.4</ele><time>2026-05-02T02:13:24.995Z</time></trkpt>
      <trkpt lat="10.6123739" lon="104.1371611"><ele>6.6</ele><time>2026-05-02T02:13:25.995Z</time></trkpt>
      <trkpt lat="10.6123933" lon="104.1371966"><ele>6.4</ele><time>2026-05-02T02:13:26.997Z</time></trkpt>
      <trkpt lat="10.6124151" lon="104.1372281"><ele>6.3</ele><time>2026-05-02T02:13:27.995Z</time></trkpt>
      <trkpt lat="10.6124366" lon="104.1372604"><ele>6.2</ele><time>2026-05-02T02:13:28.995Z</time></trkpt>
      <trkpt lat="10.6124566" lon="104.1372965"><ele>6.3</ele><time>2026-05-02T02:13:29.996Z</time></trkpt>
      <trkpt lat="10.6124768" lon="104.1373326"><ele>6.4</ele><time>2026-05-02T02:13:30.995Z</time></trkpt>
      <trkpt lat="10.6124982" lon="104.1373676"><ele>6.6</ele><time>2026-05-02T02:13:31.995Z</time></trkpt>
      <trkpt lat="10.6125183" lon="104.1374012"><ele>6.8</ele><time>2026-05-02T02:13:32.996Z</time></trkpt>
      <trkpt lat="10.6125372" lon="104.1374339"><ele>6.7</ele><time>2026-05-02T02:13:33.995Z</time></trkpt>
      <trkpt lat="10.6125561" lon="104.1374666"><ele>6.5</ele><time>2026-05-02T02:13:34.995Z</time></trkpt>
      <trkpt lat="10.6125719" lon="104.1374996"><ele>6.2</ele><time>2026-05-02T02:13:35.996Z</time></trkpt>
      <trkpt lat="10.6125860" lon="104.1375356"><ele>5.9</ele><time>2026-05-02T02:13:36.996Z</time></trkpt>
      <trkpt lat="10.6126028" lon="104.1375733"><ele>5.8</ele><time>2026-05-02T02:13:37.996Z</time></trkpt>
      <trkpt lat="10.6126237" lon="104.1376095"><ele>5.6</ele><time>2026-05-02T02:13:38.996Z</time></trkpt>
      <trkpt lat="10.6126429" lon="104.1376450"><ele>5.3</ele><time>2026-05-02T02:13:39.995Z</time></trkpt>
      <trkpt lat="10.6126643" lon="104.1376811"><ele>4.8</ele><time>2026-05-02T02:13:40.996Z</time></trkpt>
      <trkpt lat="10.6126883" lon="104.1377186"><ele>4.4</ele><time>2026-05-02T02:13:41.995Z</time></trkpt>
      <trkpt lat="10.6127070" lon="104.1377585"><ele>3.9</ele><time>2026-05-02T02:13:42.996Z</time></trkpt>
      <trkpt lat="10.6127224" lon="104.1377982"><ele>3.7</ele><time>2026-05-02T02:13:43.995Z</time></trkpt>
      <trkpt lat="10.6127423" lon="104.1378346"><ele>3.5</ele><time>2026-05-02T02:13:44.996Z</time></trkpt>
      <trkpt lat="10.6127618" lon="104.1378707"><ele>3.5</ele><time>2026-05-02T02:13:45.996Z</time></trkpt>
      <trkpt lat="10.6127761" lon="104.1379056"><ele>3.4</ele><time>2026-05-02T02:13:46.995Z</time></trkpt>
      <trkpt lat="10.6127907" lon="104.1379453"><ele>3.2</ele><time>2026-05-02T02:13:47.995Z</time></trkpt>
      <trkpt lat="10.6128074" lon="104.1379845"><ele>2.9</ele><time>2026-05-02T02:13:48.997Z</time></trkpt>
      <trkpt lat="10.6128239" lon="104.1380262"><ele>2.7</ele><time>2026-05-02T02:13:49.996Z</time></trkpt>
      <trkpt lat="10.6128409" lon="104.1380683"><ele>2.8</ele><time>2026-05-02T02:13:50.995Z</time></trkpt>
      <trkpt lat="10.6128559" lon="104.1381119"><ele>3.1</ele><time>2026-05-02T02:13:51.995Z</time></trkpt>
      <trkpt lat="10.6128659" lon="104.1381493"><ele>3.4</ele><time>2026-05-02T02:13:52.995Z</time></trkpt>
      <trkpt lat="10.6128897" lon="104.1381854"><ele>3.3</ele><time>2026-05-02T02:13:53.996Z</time></trkpt>
      <trkpt lat="10.6129113" lon="104.1382246"><ele>3.2</ele><time>2026-05-02T02:13:54.996Z</time></trkpt>
      <trkpt lat="10.6129362" lon="104.1382651"><ele>3.2</ele><time>2026-05-02T02:13:55.995Z</time></trkpt>
      <trkpt lat="10.6129491" lon="104.1382987"><ele>2.8</ele><time>2026-05-02T02:13:56.996Z</time></trkpt>
      <trkpt lat="10.6129635" lon="104.1383440"><ele>2.4</ele><time>2026-05-02T02:13:57.995Z</time></trkpt>
      <trkpt lat="10.6129796" lon="104.1383875"><ele>2.0</ele><time>2026-05-02T02:13:58.996Z</time></trkpt>
      <trkpt lat="10.6129969" lon="104.1384265"><ele>2.0</ele><time>2026-05-02T02:13:59.995Z</time></trkpt>
      <trkpt lat="10.6130082" lon="104.1384647"><ele>1.7</ele><time>2026-05-02T02:14:00.994Z</time></trkpt>
      <trkpt lat="10.6130234" lon="104.1385053"><ele>1.4</ele><time>2026-05-02T02:14:01.997Z</time></trkpt>
      <trkpt lat="10.6130417" lon="104.1385462"><ele>1.2</ele><time>2026-05-02T02:14:02.997Z</time></trkpt>
      <trkpt lat="10.6130604" lon="104.1385826"><ele>1.3</ele><time>2026-05-02T02:14:03.996Z</time></trkpt>
      <trkpt lat="10.6130774" lon="104.1386228"><ele>1.2</ele><time>2026-05-02T02:14:04.995Z</time></trkpt>
      <trkpt lat="10.6131025" lon="104.1386593"><ele>0.9</ele><time>2026-05-02T02:14:05.995Z</time></trkpt>
      <trkpt lat="10.6131185" lon="104.1387012"><ele>0.4</ele><time>2026-05-02T02:14:06.996Z</time></trkpt>
      <trkpt lat="10.6131327" lon="104.1387378"><ele>0.1</ele><time>2026-05-02T02:14:07.995Z</time></trkpt>
      <trkpt lat="10.6131507" lon="104.1387820"><ele>-0.1</ele><time>2026-05-02T02:14:08.996Z</time></trkpt>
      <trkpt lat="10.6131636" lon="104.1388292"><ele>-0.3</ele><time>2026-05-02T02:14:09.994Z</time></trkpt>
      <trkpt lat="10.6131762" lon="104.1388723"><ele>-0.3</ele><time>2026-05-02T02:14:10.995Z</time></trkpt>
      <trkpt lat="10.6131926" lon="104.1389152"><ele>-0.3</ele><time>2026-05-02T02:14:11.996Z</time></trkpt>
      <trkpt lat="10.6132080" lon="104.1389581"><ele>-0.1</ele><time>2026-05-02T02:14:12.994Z</time></trkpt>
      <trkpt lat="10.6132335" lon="104.1389999"><ele>0.2</ele><time>2026-05-02T02:14:13.996Z</time></trkpt>
      <trkpt lat="10.6132522" lon="104.1390317"><ele>0.4</ele><time>2026-05-02T02:14:14.995Z</time></trkpt>
      <trkpt lat="10.6132766" lon="104.1390661"><ele>0.4</ele><time>2026-05-02T02:14:15.995Z</time></trkpt>
      <trkpt lat="10.6132965" lon="104.1390935"><ele>0.2</ele><time>2026-05-02T02:14:16.994Z</time></trkpt>
      <trkpt lat="10.6133302" lon="104.1391139"><ele>0.2</ele><time>2026-05-02T02:14:17.995Z</time></trkpt>
      <trkpt lat="10.6133638" lon="104.1391322"><ele>0.4</ele><time>2026-05-02T02:14:18.996Z</time></trkpt>
      <trkpt lat="10.6133922" lon="104.1391554"><ele>0.7</ele><time>2026-05-02T02:14:19.994Z</time></trkpt>
      <trkpt lat="10.6134144" lon="104.1391773"><ele>0.6</ele><time>2026-05-02T02:14:20.996Z</time></trkpt>
      <trkpt lat="10.6134324" lon="104.1391958"><ele>0.5</ele><time>2026-05-02T02:14:21.997Z</time></trkpt>
      <trkpt lat="10.6134454" lon="104.1392118"><ele>0.5</ele><time>2026-05-02T02:14:22.997Z</time></trkpt>
      <trkpt lat="10.6134547" lon="104.1392228"><ele>0.7</ele><time>2026-05-02T02:14:23.994Z</time></trkpt>
      <trkpt lat="10.6134666" lon="104.1392325"><ele>1.0</ele><time>2026-05-02T02:14:24.996Z</time></trkpt>
      <trkpt lat="10.6134781" lon="104.1392404"><ele>1.4</ele><time>2026-05-02T02:14:25.996Z</time></trkpt>
      <trkpt lat="10.6134888" lon="104.1392540"><ele>2.2</ele><time>2026-05-02T02:14:40.996Z</time></trkpt>
      <trkpt lat="10.6134950" lon="104.1392564"><ele>2.4</ele><time>2026-05-02T02:14:41.995Z</time></trkpt>
      <trkpt lat="10.6135077" lon="104.1392590"><ele>2.6</ele><time>2026-05-02T02:14:42.995Z</time></trkpt>
      <trkpt lat="10.6135222" lon="104.1392614"><ele>2.8</ele><time>2026-05-02T02:14:43.995Z</time></trkpt>
      <trkpt lat="10.6135340" lon="104.1392579"><ele>3.0</ele><time>2026-05-02T02:14:44.996Z</time></trkpt>
      <trkpt lat="10.6135416" lon="104.1392505"><ele>3.3</ele><time>2026-05-02T02:14:45.995Z</time></trkpt>
      <trkpt lat="10.6135435" lon="104.1392396"><ele>3.4</ele><time>2026-05-02T02:14:46.995Z</time></trkpt>
      <trkpt lat="10.6135432" lon="104.1392283"><ele>3.5</ele><time>2026-05-02T02:14:47.994Z</time></trkpt>
      <trkpt lat="10.6135450" lon="104.1392181"><ele>3.6</ele><time>2026-05-02T02:14:48.995Z</time></trkpt>
      <trkpt lat="10.6135505" lon="104.1392029"><ele>3.5</ele><time>2026-05-02T02:14:49.994Z</time></trkpt>
      <trkpt lat="10.6135658" lon="104.1391895"><ele>3.5</ele><time>2026-05-02T02:14:50.995Z</time></trkpt>
      <trkpt lat="10.6135845" lon="104.1391867"><ele>3.5</ele><time>2026-05-02T02:14:51.995Z</time></trkpt>
      <trkpt lat="10.6136032" lon="104.1391914"><ele>3.5</ele><time>2026-05-02T02:14:52.996Z</time></trkpt>
      <trkpt lat="10.6136192" lon="104.1391926"><ele>3.5</ele><time>2026-05-02T02:14:53.996Z</time></trkpt>
      <trkpt lat="10.6136338" lon="104.1391928"><ele>3.4</ele><time>2026-05-02T02:14:54.994Z</time></trkpt>
      <trkpt lat="10.6136426" lon="104.1391900"><ele>3.2</ele><time>2026-05-02T02:14:55.996Z</time></trkpt>
      <trkpt lat="10.6136529" lon="104.1391866"><ele>3.1</ele><time>2026-05-02T02:14:56.994Z</time></trkpt>
      <trkpt lat="10.6136615" lon="104.1391849"><ele>3.0</ele><time>2026-05-02T02:14:57.995Z</time></trkpt>
      <trkpt lat="10.6136760" lon="104.1391870"><ele>3.0</ele><time>2026-05-02T02:15:03.996Z</time></trkpt>
      <trkpt lat="10.6136876" lon="104.1391865"><ele>2.9</ele><time>2026-05-02T02:15:04.996Z</time></trkpt>
      <trkpt lat="10.6136972" lon="104.1391854"><ele>2.7</ele><time>2026-05-02T02:15:05.995Z</time></trkpt>
      <trkpt lat="10.6137069" lon="104.1391841"><ele>2.6</ele><time>2026-05-02T02:15:06.995Z</time></trkpt>
      <trkpt lat="10.6137187" lon="104.1391802"><ele>2.5</ele><time>2026-05-02T02:15:07.994Z</time></trkpt>
      <trkpt lat="10.6137314" lon="104.1391769"><ele>2.4</ele><time>2026-05-02T02:15:08.995Z</time></trkpt>
      <trkpt lat="10.6137432" lon="104.1391763"><ele>2.2</ele><time>2026-05-02T02:15:09.995Z</time></trkpt>
      <trkpt lat="10.6137537" lon="104.1391774"><ele>2.1</ele><time>2026-05-02T02:15:10.994Z</time></trkpt>
      <trkpt lat="10.6137463" lon="104.1391798"><ele>1.4</ele><time>2026-05-02T02:15:34.996Z</time></trkpt>
      <trkpt lat="10.6137413" lon="104.1391876"><ele>1.4</ele><time>2026-05-02T02:15:35.994Z</time></trkpt>
      <trkpt lat="10.6137299" lon="104.1391959"><ele>1.5</ele><time>2026-05-02T02:15:36.995Z</time></trkpt>
      <trkpt lat="10.6137171" lon="104.1392030"><ele>1.3</ele><time>2026-05-02T02:15:37.996Z</time></trkpt>
      <trkpt lat="10.6137080" lon="104.1392103"><ele>1.2</ele><time>2026-05-02T02:15:38.995Z</time></trkpt>
      <trkpt lat="10.6137035" lon="104.1392199"><ele>0.9</ele><time>2026-05-02T02:15:39.995Z</time></trkpt>
      <trkpt lat="10.6137019" lon="104.1392304"><ele>0.6</ele><time>2026-05-02T02:15:40.994Z</time></trkpt>
      <trkpt lat="10.6137026" lon="104.1392430"><ele>0.4</ele><time>2026-05-02T02:15:41.995Z</time></trkpt>
      <trkpt lat="10.6137049" lon="104.1392527"><ele>0.4</ele><time>2026-05-02T02:15:42.995Z</time></trkpt>
      <trkpt lat="10.6137092" lon="104.1392601"><ele>0.4</ele><time>2026-05-02T02:15:43.995Z</time></trkpt>
      <trkpt lat="10.6137138" lon="104.1392681"><ele>0.4</ele><time>2026-05-02T02:15:44.994Z</time></trkpt>
      <trkpt lat="10.6137159" lon="104.1392752"><ele>0.3</ele><time>2026-05-02T02:15:45.996Z</time></trkpt>
      <trkpt lat="10.6137179" lon="104.1392829"><ele>0.1</ele><time>2026-05-02T02:15:46.996Z</time></trkpt>
      <trkpt lat="10.6137208" lon="104.1392882"><ele>0.1</ele><time>2026-05-02T02:15:47.996Z</time></trkpt>
      <trkpt lat="10.6137252" lon="104.1392936"><ele>0.2</ele><time>2026-05-02T02:15:48.995Z</time></trkpt>
      <trkpt lat="10.6137325" lon="104.1392977"><ele>0.3</ele><time>2026-05-02T02:15:49.994Z</time></trkpt>
      <trkpt lat="10.6137384" lon="104.1393018"><ele>0.4</ele><time>2026-05-02T02:15:50.995Z</time></trkpt>
      <trkpt lat="10.6137436" lon="104.1393069"><ele>0.5</ele><time>2026-05-02T02:15:51.994Z</time></trkpt>
      <trkpt lat="10.6137436" lon="104.1393196"><ele>0.3</ele><time>2026-05-02T02:15:56.995Z</time></trkpt>
      <trkpt lat="10.6137435" lon="104.1393297"><ele>0.1</ele><time>2026-05-02T02:15:57.995Z</time></trkpt>
      <trkpt lat="10.6137440" lon="104.1393422"><ele>-0.1</ele><time>2026-05-02T02:15:58.995Z</time></trkpt>
      <trkpt lat="10.6137454" lon="104.1393521"><ele>-0.2</ele><time>2026-05-02T02:15:59.996Z</time></trkpt>
      <trkpt lat="10.6137461" lon="104.1393625"><ele>-0.1</ele><time>2026-05-02T02:16:00.995Z</time></trkpt>
      <trkpt lat="10.6137480" lon="104.1393740"><ele>0.0</ele><time>2026-05-02T02:16:01.995Z</time></trkpt>
      <trkpt lat="10.6137509" lon="104.1393862"><ele>0.1</ele><time>2026-05-02T02:16:02.994Z</time></trkpt>
      <trkpt lat="10.6137539" lon="104.1393963"><ele>0.3</ele><time>2026-05-02T02:16:03.997Z</time></trkpt>
      <trkpt lat="10.6137583" lon="104.1394071"><ele>0.4</ele><time>2026-05-02T02:16:04.995Z</time></trkpt>
      <trkpt lat="10.6137645" lon="104.1394170"><ele>0.3</ele><time>2026-05-02T02:16:05.995Z</time></trkpt>
      <trkpt lat="10.6137694" lon="104.1394286"><ele>0.4</ele><time>2026-05-02T02:16:06.995Z</time></trkpt>
      <trkpt lat="10.6137726" lon="104.1394373"><ele>0.5</ele><time>2026-05-02T02:16:07.995Z</time></trkpt>
      <trkpt lat="10.6137735" lon="104.1394466"><ele>0.3</ele><time>2026-05-02T02:16:12.996Z</time></trkpt>
      <trkpt lat="10.6137702" lon="104.1394548"><ele>0.4</ele><time>2026-05-02T02:16:13.996Z</time></trkpt>
      <trkpt lat="10.6137672" lon="104.1394607"><ele>0.4</ele><time>2026-05-02T02:16:23.995Z</time></trkpt>
      <trkpt lat="10.6137614" lon="104.1394656"><ele>0.4</ele><time>2026-05-02T02:16:24.995Z</time></trkpt>
      <trkpt lat="10.6137567" lon="104.1394692"><ele>0.4</ele><time>2026-05-02T02:16:25.995Z</time></trkpt>
      <trkpt lat="10.6137519" lon="104.1394791"><ele>0.4</ele><time>2026-05-02T02:16:26.994Z</time></trkpt>
      <trkpt lat="10.6137490" lon="104.1394877"><ele>0.4</ele><time>2026-05-02T02:16:27.996Z</time></trkpt>
      <trkpt lat="10.6137461" lon="104.1394931"><ele>0.4</ele><time>2026-05-02T02:16:28.995Z</time></trkpt>
      <trkpt lat="10.6137311" lon="104.1394909"><ele>0.4</ele><time>2026-05-02T02:17:00.996Z</time></trkpt>
      <trkpt lat="10.6137311" lon="104.1394866"><ele>0.4</ele><time>2026-05-02T02:17:03.995Z</time></trkpt>
      <trkpt lat="10.6137273" lon="104.1394846"><ele>0.6</ele><time>2026-05-02T02:17:04.995Z</time></trkpt>
      <trkpt lat="10.6137235" lon="104.1394766"><ele>0.8</ele><time>2026-05-02T02:17:05.994Z</time></trkpt>
      <trkpt lat="10.6137221" lon="104.1394712"><ele>0.9</ele><time>2026-05-02T02:17:06.995Z</time></trkpt>
      <trkpt lat="10.6137188" lon="104.1394652"><ele>0.9</ele><time>2026-05-02T02:17:07.996Z</time></trkpt>
      <trkpt lat="10.6137190" lon="104.1394576"><ele>1.0</ele><time>2026-05-02T02:17:08.996Z</time></trkpt>
      <trkpt lat="10.6137215" lon="104.1394502"><ele>1.0</ele><time>2026-05-02T02:17:09.995Z</time></trkpt>
      <trkpt lat="10.6137240" lon="104.1394407"><ele>1.1</ele><time>2026-05-02T02:17:10.995Z</time></trkpt>
      <trkpt lat="10.6137238" lon="104.1394313"><ele>1.2</ele><time>2026-05-02T02:17:11.995Z</time></trkpt>
      <trkpt lat="10.6137233" lon="104.1394235"><ele>1.3</ele><time>2026-05-02T02:17:12.995Z</time></trkpt>
      <trkpt lat="10.6137233" lon="104.1394169"><ele>1.4</ele><time>2026-05-02T02:17:13.995Z</time></trkpt>
      <trkpt lat="10.6137223" lon="104.1394075"><ele>1.7</ele><time>2026-05-02T02:17:14.996Z</time></trkpt>
      <trkpt lat="10.6137220" lon="104.1394009"><ele>1.8</ele><time>2026-05-02T02:17:15.995Z</time></trkpt>
      <trkpt lat="10.6137223" lon="104.1393936"><ele>1.7</ele><time>2026-05-02T02:17:16.994Z</time></trkpt>
      <trkpt lat="10.6137220" lon="104.1393869"><ele>1.6</ele><time>2026-05-02T02:17:17.995Z</time></trkpt>
      <trkpt lat="10.6137224" lon="104.1393782"><ele>1.6</ele><time>2026-05-02T02:17:19.995Z</time></trkpt>
      <trkpt lat="10.6137206" lon="104.1393721"><ele>1.5</ele><time>2026-05-02T02:17:20.995Z</time></trkpt>
      <trkpt lat="10.6137194" lon="104.1393660"><ele>2.4</ele><time>2026-05-02T02:17:33.994Z</time></trkpt>
      <trkpt lat="10.6137236" lon="104.1393610"><ele>1.9</ele><time>2026-05-02T02:17:34.996Z</time></trkpt>
      <trkpt lat="10.6137295" lon="104.1393562"><ele>1.4</ele><time>2026-05-02T02:17:35.995Z</time></trkpt>
      <trkpt lat="10.6137369" lon="104.1393486"><ele>0.9</ele><time>2026-05-02T02:17:36.995Z</time></trkpt>
      <trkpt lat="10.6137380" lon="104.1393361"><ele>0.8</ele><time>2026-05-02T02:17:37.995Z</time></trkpt>
      <trkpt lat="10.6137351" lon="104.1393279"><ele>0.7</ele><time>2026-05-02T02:17:38.995Z</time></trkpt>
      <trkpt lat="10.6137347" lon="104.1393244"><ele>1.0</ele><time>2026-05-02T02:17:39.995Z</time></trkpt>
      <trkpt lat="10.6137252" lon="104.1393257"><ele>1.6</ele><time>2026-05-02T02:19:26.996Z</time></trkpt>
      <trkpt lat="10.6137181" lon="104.1393261"><ele>1.6</ele><time>2026-05-02T02:19:27.994Z</time></trkpt>
      <trkpt lat="10.6137083" lon="104.1393248"><ele>1.6</ele><time>2026-05-02T02:19:28.995Z</time></trkpt>
      <trkpt lat="10.6136998" lon="104.1393212"><ele>1.8</ele><time>2026-05-02T02:19:29.995Z</time></trkpt>
      <trkpt lat="10.6136936" lon="104.1393154"><ele>2.1</ele><time>2026-05-02T02:19:30.994Z</time></trkpt>
      <trkpt lat="10.6136898" lon="104.1393107"><ele>2.3</ele><time>2026-05-02T02:19:31.994Z</time></trkpt>
      <trkpt lat="10.6136858" lon="104.1393030"><ele>2.4</ele><time>2026-05-02T02:19:32.995Z</time></trkpt>
      <trkpt lat="10.6136824" lon="104.1392940"><ele>2.4</ele><time>2026-05-02T02:19:33.994Z</time></trkpt>
      <trkpt lat="10.6136790" lon="104.1392853"><ele>2.6</ele><time>2026-05-02T02:19:34.994Z</time></trkpt>
      <trkpt lat="10.6136759" lon="104.1392774"><ele>2.8</ele><time>2026-05-02T02:19:35.993Z</time></trkpt>
      <trkpt lat="10.6136737" lon="104.1392696"><ele>3.1</ele><time>2026-05-02T02:19:36.994Z</time></trkpt>
      <trkpt lat="10.6136717" lon="104.1392621"><ele>3.2</ele><time>2026-05-02T02:19:37.995Z</time></trkpt>
      <trkpt lat="10.6136703" lon="104.1392553"><ele>3.2</ele><time>2026-05-02T02:19:38.993Z</time></trkpt>
      <trkpt lat="10.6136700" lon="104.1392485"><ele>3.2</ele><time>2026-05-02T02:19:39.994Z</time></trkpt>
      <trkpt lat="10.6136699" lon="104.1392432"><ele>3.2</ele><time>2026-05-02T02:19:40.994Z</time></trkpt>
      <trkpt lat="10.6136673" lon="104.1392393"><ele>3.2</ele><time>2026-05-02T02:19:41.994Z</time></trkpt>
      <trkpt lat="10.6136616" lon="104.1392340"><ele>3.3</ele><time>2026-05-02T02:19:47.994Z</time></trkpt>
      <trkpt lat="10.6136573" lon="104.1392242"><ele>3.4</ele><time>2026-05-02T02:19:48.994Z</time></trkpt>
      <trkpt lat="10.6136526" lon="104.1392165"><ele>3.6</ele><time>2026-05-02T02:19:49.994Z</time></trkpt>
      <trkpt lat="10.6136483" lon="104.1392087"><ele>3.8</ele><time>2026-05-02T02:19:50.994Z</time></trkpt>
      <trkpt lat="10.6136401" lon="104.1392007"><ele>3.9</ele><time>2026-05-02T02:19:51.995Z</time></trkpt>
      <trkpt lat="10.6136301" lon="104.1391968"><ele>4.0</ele><time>2026-05-02T02:19:52.994Z</time></trkpt>
      <trkpt lat="10.6136164" lon="104.1391963"><ele>4.1</ele><time>2026-05-02T02:19:53.994Z</time></trkpt>
      <trkpt lat="10.6136022" lon="104.1391988"><ele>4.2</ele><time>2026-05-02T02:19:54.995Z</time></trkpt>
      <trkpt lat="10.6135896" lon="104.1392005"><ele>4.3</ele><time>2026-05-02T02:19:55.994Z</time></trkpt>
      <trkpt lat="10.6135780" lon="104.1391971"><ele>4.4</ele><time>2026-05-02T02:19:56.994Z</time></trkpt>
      <trkpt lat="10.6135677" lon="104.1391929"><ele>4.5</ele><time>2026-05-02T02:19:57.994Z</time></trkpt>
      <trkpt lat="10.6135565" lon="104.1391915"><ele>4.6</ele><time>2026-05-02T02:19:58.994Z</time></trkpt>
      <trkpt lat="10.6135447" lon="104.1391899"><ele>4.7</ele><time>2026-05-02T02:19:59.993Z</time></trkpt>
      <trkpt lat="10.6135312" lon="104.1391870"><ele>4.9</ele><time>2026-05-02T02:20:00.995Z</time></trkpt>
      <trkpt lat="10.6135181" lon="104.1391836"><ele>5.0</ele><time>2026-05-02T02:20:01.994Z</time></trkpt>
      <trkpt lat="10.6135036" lon="104.1391820"><ele>5.1</ele><time>2026-05-02T02:20:02.994Z</time></trkpt>
      <trkpt lat="10.6134898" lon="104.1391812"><ele>5.2</ele><time>2026-05-02T02:20:03.994Z</time></trkpt>
      <trkpt lat="10.6134757" lon="104.1391769"><ele>5.3</ele><time>2026-05-02T02:20:04.994Z</time></trkpt>
      <trkpt lat="10.6134618" lon="104.1391709"><ele>5.3</ele><time>2026-05-02T02:20:05.994Z</time></trkpt>
      <trkpt lat="10.6134485" lon="104.1391682"><ele>5.4</ele><time>2026-05-02T02:20:06.994Z</time></trkpt>
      <trkpt lat="10.6134342" lon="104.1391668"><ele>5.4</ele><time>2026-05-02T02:20:07.993Z</time></trkpt>
      <trkpt lat="10.6134182" lon="104.1391637"><ele>5.4</ele><time>2026-05-02T02:20:08.994Z</time></trkpt>
      <trkpt lat="10.6134021" lon="104.1391604"><ele>5.4</ele><time>2026-05-02T02:20:09.994Z</time></trkpt>
      <trkpt lat="10.6133862" lon="104.1391582"><ele>5.4</ele><time>2026-05-02T02:20:10.994Z</time></trkpt>
      <trkpt lat="10.6133701" lon="104.1391546"><ele>5.5</ele><time>2026-05-02T02:20:11.994Z</time></trkpt>
      <trkpt lat="10.6133551" lon="104.1391472"><ele>5.5</ele><time>2026-05-02T02:20:12.994Z</time></trkpt>
      <trkpt lat="10.6133401" lon="104.1391373"><ele>5.4</ele><time>2026-05-02T02:20:13.994Z</time></trkpt>
      <trkpt lat="10.6133233" lon="104.1391272"><ele>5.3</ele><time>2026-05-02T02:20:14.993Z</time></trkpt>
      <trkpt lat="10.6133060" lon="104.1391144"><ele>5.2</ele><time>2026-05-02T02:20:15.994Z</time></trkpt>
      <trkpt lat="10.6132916" lon="104.1390979"><ele>5.1</ele><time>2026-05-02T02:20:16.994Z</time></trkpt>
      <trkpt lat="10.6132769" lon="104.1390788"><ele>5.1</ele><time>2026-05-02T02:20:17.994Z</time></trkpt>
      <trkpt lat="10.6132609" lon="104.1390580"><ele>5.1</ele><time>2026-05-02T02:20:18.994Z</time></trkpt>
      <trkpt lat="10.6132459" lon="104.1390342"><ele>5.3</ele><time>2026-05-02T02:20:19.994Z</time></trkpt>
      <trkpt lat="10.6132286" lon="104.1390097"><ele>5.5</ele><time>2026-05-02T02:20:20.994Z</time></trkpt>
      <trkpt lat="10.6132124" lon="104.1389852"><ele>5.7</ele><time>2026-05-02T02:20:21.994Z</time></trkpt>
      <trkpt lat="10.6132003" lon="104.1389577"><ele>5.8</ele><time>2026-05-02T02:20:22.993Z</time></trkpt>
      <trkpt lat="10.6131915" lon="104.1389295"><ele>5.9</ele><time>2026-05-02T02:20:23.994Z</time></trkpt>
      <trkpt lat="10.6131817" lon="104.1389021"><ele>6.0</ele><time>2026-05-02T02:20:24.994Z</time></trkpt>
      <trkpt lat="10.6131729" lon="104.1388719"><ele>6.2</ele><time>2026-05-02T02:20:25.993Z</time></trkpt>
      <trkpt lat="10.6131651" lon="104.1388439"><ele>6.3</ele><time>2026-05-02T02:20:26.995Z</time></trkpt>
      <trkpt lat="10.6131559" lon="104.1388160"><ele>6.4</ele><time>2026-05-02T02:20:27.994Z</time></trkpt>
      <trkpt lat="10.6131468" lon="104.1387881"><ele>6.4</ele><time>2026-05-02T02:20:28.993Z</time></trkpt>
      <trkpt lat="10.6131363" lon="104.1387621"><ele>6.5</ele><time>2026-05-02T02:20:29.995Z</time></trkpt>
      <trkpt lat="10.6131252" lon="104.1387349"><ele>6.6</ele><time>2026-05-02T02:20:30.994Z</time></trkpt>
      <trkpt lat="10.6131153" lon="104.1387083"><ele>6.8</ele><time>2026-05-02T02:20:31.994Z</time></trkpt>
      <trkpt lat="10.6131040" lon="104.1386830"><ele>6.8</ele><time>2026-05-02T02:20:32.993Z</time></trkpt>
      <trkpt lat="10.6130901" lon="104.1386572"><ele>6.7</ele><time>2026-05-02T02:20:33.994Z</time></trkpt>
      <trkpt lat="10.6130723" lon="104.1386349"><ele>6.8</ele><time>2026-05-02T02:20:34.994Z</time></trkpt>
      <trkpt lat="10.6130589" lon="104.1386103"><ele>6.7</ele><time>2026-05-02T02:20:35.995Z</time></trkpt>
      <trkpt lat="10.6130449" lon="104.1385822"><ele>6.7</ele><time>2026-05-02T02:20:36.994Z</time></trkpt>
      <trkpt lat="10.6130314" lon="104.1385586"><ele>6.6</ele><time>2026-05-02T02:20:37.994Z</time></trkpt>
      <trkpt lat="10.6130181" lon="104.1385345"><ele>6.7</ele><time>2026-05-02T02:20:38.996Z</time></trkpt>
      <trkpt lat="10.6130088" lon="104.1385121"><ele>6.4</ele><time>2026-05-02T02:20:39.994Z</time></trkpt>
      <trkpt lat="10.6130013" lon="104.1384886"><ele>6.1</ele><time>2026-05-02T02:20:40.994Z</time></trkpt>
      <trkpt lat="10.6129926" lon="104.1384669"><ele>5.8</ele><time>2026-05-02T02:20:41.995Z</time></trkpt>
      <trkpt lat="10.6129846" lon="104.1384453"><ele>5.7</ele><time>2026-05-02T02:20:42.995Z</time></trkpt>
      <trkpt lat="10.6129782" lon="104.1384228"><ele>5.6</ele><time>2026-05-02T02:20:43.993Z</time></trkpt>
      <trkpt lat="10.6129744" lon="104.1384032"><ele>5.5</ele><time>2026-05-02T02:20:44.994Z</time></trkpt>
      <trkpt lat="10.6129719" lon="104.1383877"><ele>5.5</ele><time>2026-05-02T02:20:45.995Z</time></trkpt>
      <trkpt lat="10.6129768" lon="104.1383742"><ele>5.4</ele><time>2026-05-02T02:20:46.995Z</time></trkpt>
      <trkpt lat="10.6129843" lon="104.1383632"><ele>5.4</ele><time>2026-05-02T02:20:47.994Z</time></trkpt>
      <trkpt lat="10.6130057" lon="104.1383600"><ele>5.1</ele><time>2026-05-02T02:21:03.993Z</time></trkpt>
      <trkpt lat="10.6130166" lon="104.1383558"><ele>4.9</ele><time>2026-05-02T02:21:04.995Z</time></trkpt>
      <trkpt lat="10.6130303" lon="104.1383535"><ele>4.7</ele><time>2026-05-02T02:21:05.996Z</time></trkpt>
      <trkpt lat="10.6130500" lon="104.1383524"><ele>4.5</ele><time>2026-05-02T02:21:06.995Z</time></trkpt>
      <trkpt lat="10.6130751" lon="104.1383516"><ele>4.3</ele><time>2026-05-02T02:21:07.994Z</time></trkpt>
      <trkpt lat="10.6131038" lon="104.1383524"><ele>4.3</ele><time>2026-05-02T02:21:08.995Z</time></trkpt>
      <trkpt lat="10.6131354" lon="104.1383525"><ele>4.2</ele><time>2026-05-02T02:21:09.996Z</time></trkpt>
      <trkpt lat="10.6131668" lon="104.1383534"><ele>3.8</ele><time>2026-05-02T02:21:10.995Z</time></trkpt>
      <trkpt lat="10.6131971" lon="104.1383550"><ele>3.7</ele><time>2026-05-02T02:21:11.994Z</time></trkpt>
      <trkpt lat="10.6132251" lon="104.1383563"><ele>3.6</ele><time>2026-05-02T02:21:12.994Z</time></trkpt>
      <trkpt lat="10.6132499" lon="104.1383508"><ele>3.6</ele><time>2026-05-02T02:21:13.995Z</time></trkpt>
      <trkpt lat="10.6132737" lon="104.1383413"><ele>3.7</ele><time>2026-05-02T02:21:14.995Z</time></trkpt>
      <trkpt lat="10.6132963" lon="104.1383383"><ele>3.7</ele><time>2026-05-02T02:21:15.995Z</time></trkpt>
      <trkpt lat="10.6133181" lon="104.1383449"><ele>3.8</ele><time>2026-05-02T02:21:16.995Z</time></trkpt>
      <trkpt lat="10.6133393" lon="104.1383564"><ele>3.8</ele><time>2026-05-02T02:21:17.995Z</time></trkpt>
      <trkpt lat="10.6133609" lon="104.1383647"><ele>3.7</ele><time>2026-05-02T02:21:18.993Z</time></trkpt>
      <trkpt lat="10.6133811" lon="104.1383705"><ele>3.6</ele><time>2026-05-02T02:21:19.994Z</time></trkpt>
      <trkpt lat="10.6133971" lon="104.1383774"><ele>3.5</ele><time>2026-05-02T02:21:20.995Z</time></trkpt>
      <trkpt lat="10.6134106" lon="104.1383869"><ele>3.7</ele><time>2026-05-02T02:21:21.995Z</time></trkpt>
      <trkpt lat="10.6134247" lon="104.1383943"><ele>3.9</ele><time>2026-05-02T02:21:22.993Z</time></trkpt>
      <trkpt lat="10.6134382" lon="104.1383996"><ele>4.2</ele><time>2026-05-02T02:21:23.994Z</time></trkpt>
      <trkpt lat="10.6134477" lon="104.1384041"><ele>4.3</ele><time>2026-05-02T02:21:24.994Z</time></trkpt>
      <trkpt lat="10.6134600" lon="104.1384082"><ele>4.2</ele><time>2026-05-02T02:21:25.996Z</time></trkpt>
      <trkpt lat="10.6134766" lon="104.1384124"><ele>3.8</ele><time>2026-05-02T02:21:26.994Z</time></trkpt>
      <trkpt lat="10.6134963" lon="104.1384197"><ele>3.4</ele><time>2026-05-02T02:21:27.995Z</time></trkpt>
      <trkpt lat="10.6135153" lon="104.1384228"><ele>2.6</ele><time>2026-05-02T02:21:28.995Z</time></trkpt>
      <trkpt lat="10.6135269" lon="104.1384231"><ele>1.9</ele><time>2026-05-02T02:21:29.994Z</time></trkpt>
      <trkpt lat="10.6135420" lon="104.1384237"><ele>0.8</ele><time>2026-05-02T02:21:44.994Z</time></trkpt>
      <trkpt lat="10.6135458" lon="104.1384223"><ele>0.4</ele><time>2026-05-02T02:21:45.996Z</time></trkpt>
      <trkpt lat="10.6135627" lon="104.1384099"><ele>-0.7</ele><time>2026-05-02T02:22:02.994Z</time></trkpt>
      <trkpt lat="10.6135644" lon="104.1384080"><ele>-0.5</ele><time>2026-05-02T02:22:03.994Z</time></trkpt>
      <trkpt lat="10.6135571" lon="104.1384081"><ele>-0.2</ele><time>2026-05-02T02:22:07.995Z</time></trkpt>
      <trkpt lat="10.6135669" lon="104.1384152"><ele>-0.1</ele><time>2026-05-02T02:22:15.995Z</time></trkpt>
      <trkpt lat="10.6135731" lon="104.1384179"><ele>-0.0</ele><time>2026-05-02T02:22:16.995Z</time></trkpt>
      <trkpt lat="10.6135792" lon="104.1384227"><ele>0.2</ele><time>2026-05-02T02:22:17.994Z</time></trkpt>
      <trkpt lat="10.6135865" lon="104.1384270"><ele>0.3</ele><time>2026-05-02T02:22:18.994Z</time></trkpt>
      <trkpt lat="10.6135947" lon="104.1384317"><ele>0.3</ele><time>2026-05-02T02:22:19.994Z</time></trkpt>
      <trkpt lat="10.6136038" lon="104.1384378"><ele>0.3</ele><time>2026-05-02T02:22:20.994Z</time></trkpt>
      <trkpt lat="10.6136135" lon="104.1384405"><ele>0.2</ele><time>2026-05-02T02:22:21.995Z</time></trkpt>
      <trkpt lat="10.6136261" lon="104.1384418"><ele>0.2</ele><time>2026-05-02T02:22:22.994Z</time></trkpt>
      <trkpt lat="10.6136387" lon="104.1384459"><ele>0.0</ele><time>2026-05-02T02:22:23.995Z</time></trkpt>
      <trkpt lat="10.6136522" lon="104.1384472"><ele>-0.1</ele><time>2026-05-02T02:22:24.996Z</time></trkpt>
      <trkpt lat="10.6136634" lon="104.1384482"><ele>-0.1</ele><time>2026-05-02T02:22:25.994Z</time></trkpt>
      <trkpt lat="10.6136770" lon="104.1384504"><ele>-0.1</ele><time>2026-05-02T02:22:26.994Z</time></trkpt>
      <trkpt lat="10.6136896" lon="104.1384517"><ele>-0.3</ele><time>2026-05-02T02:22:27.994Z</time></trkpt>
      <trkpt lat="10.6137019" lon="104.1384579"><ele>-0.6</ele><time>2026-05-02T02:22:28.996Z</time></trkpt>
      <trkpt lat="10.6137117" lon="104.1384670"><ele>-0.9</ele><time>2026-05-02T02:22:29.994Z</time></trkpt>
      <trkpt lat="10.6137215" lon="104.1384737"><ele>-1.2</ele><time>2026-05-02T02:22:30.994Z</time></trkpt>
      <trkpt lat="10.6137338" lon="104.1384741"><ele>-1.4</ele><time>2026-05-02T02:22:31.994Z</time></trkpt>
      <trkpt lat="10.6137477" lon="104.1384740"><ele>-1.4</ele><time>2026-05-02T02:22:32.993Z</time></trkpt>
      <trkpt lat="10.6137590" lon="104.1384739"><ele>-1.3</ele><time>2026-05-02T02:22:33.994Z</time></trkpt>
      <trkpt lat="10.6137677" lon="104.1384720"><ele>-0.9</ele><time>2026-05-02T02:22:34.995Z</time></trkpt>
      <trkpt lat="10.6137778" lon="104.1384680"><ele>-0.4</ele><time>2026-05-02T02:22:35.995Z</time></trkpt>
      <trkpt lat="10.6137889" lon="104.1384646"><ele>0.0</ele><time>2026-05-02T02:22:36.994Z</time></trkpt>
      <trkpt lat="10.6137992" lon="104.1384615"><ele>0.3</ele><time>2026-05-02T02:22:37.993Z</time></trkpt>
      <trkpt lat="10.6138068" lon="104.1384535"><ele>0.5</ele><time>2026-05-02T02:22:38.994Z</time></trkpt>
      <trkpt lat="10.6138124" lon="104.1384453"><ele>0.9</ele><time>2026-05-02T02:22:39.994Z</time></trkpt>
      <trkpt lat="10.6138153" lon="104.1384390"><ele>1.3</ele><time>2026-05-02T02:22:40.995Z</time></trkpt>
      <trkpt lat="10.6138212" lon="104.1384277"><ele>1.7</ele><time>2026-05-02T02:22:41.994Z</time></trkpt>
      <trkpt lat="10.6138272" lon="104.1384173"><ele>2.0</ele><time>2026-05-02T02:22:42.994Z</time></trkpt>
      <trkpt lat="10.6138310" lon="104.1384055"><ele>2.3</ele><time>2026-05-02T02:22:43.993Z</time></trkpt>
      <trkpt lat="10.6138347" lon="104.1383942"><ele>2.7</ele><time>2026-05-02T02:22:44.994Z</time></trkpt>
      <trkpt lat="10.6138393" lon="104.1383850"><ele>2.8</ele><time>2026-05-02T02:22:45.994Z</time></trkpt>
      <trkpt lat="10.6138445" lon="104.1383774"><ele>2.8</ele><time>2026-05-02T02:22:46.994Z</time></trkpt>
      <trkpt lat="10.6138482" lon="104.1383696"><ele>2.5</ele><time>2026-05-02T02:22:47.995Z</time></trkpt>
      <trkpt lat="10.6138520" lon="104.1383577"><ele>2.3</ele><time>2026-05-02T02:22:48.994Z</time></trkpt>
      <trkpt lat="10.6138546" lon="104.1383463"><ele>2.2</ele><time>2026-05-02T02:22:49.993Z</time></trkpt>
      <trkpt lat="10.6138565" lon="104.1383364"><ele>2.2</ele><time>2026-05-02T02:22:50.994Z</time></trkpt>
      <trkpt lat="10.6138605" lon="104.1383265"><ele>2.0</ele><time>2026-05-02T02:22:51.994Z</time></trkpt>
      <trkpt lat="10.6138652" lon="104.1383144"><ele>1.7</ele><time>2026-05-02T02:22:52.995Z</time></trkpt>
      <trkpt lat="10.6138708" lon="104.1383020"><ele>1.3</ele><time>2026-05-02T02:22:53.993Z</time></trkpt>
      <trkpt lat="10.6138760" lon="104.1382889"><ele>0.9</ele><time>2026-05-02T02:22:54.994Z</time></trkpt>
      <trkpt lat="10.6138789" lon="104.1382762"><ele>0.7</ele><time>2026-05-02T02:22:55.995Z</time></trkpt>
      <trkpt lat="10.6138793" lon="104.1382590"><ele>0.5</ele><time>2026-05-02T02:22:56.994Z</time></trkpt>
      <trkpt lat="10.6138818" lon="104.1382466"><ele>0.6</ele><time>2026-05-02T02:22:57.994Z</time></trkpt>
      <trkpt lat="10.6138854" lon="104.1382400"><ele>0.7</ele><time>2026-05-02T02:22:58.993Z</time></trkpt>
      <trkpt lat="10.6138872" lon="104.1382308"><ele>0.8</ele><time>2026-05-02T02:22:59.994Z</time></trkpt>
      <trkpt lat="10.6138911" lon="104.1382190"><ele>0.6</ele><time>2026-05-02T02:23:00.994Z</time></trkpt>
      <trkpt lat="10.6138952" lon="104.1382070"><ele>0.2</ele><time>2026-05-02T02:23:01.993Z</time></trkpt>
      <trkpt lat="10.6138967" lon="104.1381935"><ele>0.0</ele><time>2026-05-02T02:23:02.993Z</time></trkpt>
      <trkpt lat="10.6138999" lon="104.1381807"><ele>-0.0</ele><time>2026-05-02T02:23:03.994Z</time></trkpt>
      <trkpt lat="10.6139038" lon="104.1381689"><ele>0.1</ele><time>2026-05-02T02:23:04.994Z</time></trkpt>
      <trkpt lat="10.6139095" lon="104.1381564"><ele>0.1</ele><time>2026-05-02T02:23:05.993Z</time></trkpt>
      <trkpt lat="10.6139131" lon="104.1381471"><ele>0.2</ele><time>2026-05-02T02:23:06.994Z</time></trkpt>
      <trkpt lat="10.6139155" lon="104.1381401"><ele>0.5</ele><time>2026-05-02T02:23:07.994Z</time></trkpt>
      <trkpt lat="10.6139177" lon="104.1381323"><ele>1.1</ele><time>2026-05-02T02:23:08.994Z</time></trkpt>
      <trkpt lat="10.6139218" lon="104.1381251"><ele>1.5</ele><time>2026-05-02T02:23:09.995Z</time></trkpt>
      <trkpt lat="10.6139251" lon="104.1381183"><ele>1.9</ele><time>2026-05-02T02:23:10.994Z</time></trkpt>
      <trkpt lat="10.6139272" lon="104.1381100"><ele>2.0</ele><time>2026-05-02T02:23:11.993Z</time></trkpt>
      <trkpt lat="10.6139281" lon="104.1381032"><ele>2.2</ele><time>2026-05-02T02:23:12.994Z</time></trkpt>
      <trkpt lat="10.6139300" lon="104.1380979"><ele>2.2</ele><time>2026-05-02T02:23:13.995Z</time></trkpt>
      <trkpt lat="10.6139298" lon="104.1380945"><ele>2.2</ele><time>2026-05-02T02:23:14.994Z</time></trkpt>
      <trkpt lat="10.6139224" lon="104.1380930"><ele>0.7</ele><time>2026-05-02T02:23:41.993Z</time></trkpt>
      <trkpt lat="10.6139164" lon="104.1380896"><ele>0.8</ele><time>2026-05-02T02:23:42.995Z</time></trkpt>
      <trkpt lat="10.6139140" lon="104.1380867"><ele>0.7</ele><time>2026-05-02T02:23:43.994Z</time></trkpt>
      <trkpt lat="10.6139141" lon="104.1380808"><ele>0.4</ele><time>2026-05-02T02:23:44.994Z</time></trkpt>
      <trkpt lat="10.6139267" lon="104.1380652"><ele>0.6</ele><time>2026-05-02T02:24:16.994Z</time></trkpt>
      <trkpt lat="10.6139302" lon="104.1380539"><ele>0.9</ele><time>2026-05-02T02:24:17.994Z</time></trkpt>
      <trkpt lat="10.6139351" lon="104.1380394"><ele>1.2</ele><time>2026-05-02T02:24:18.994Z</time></trkpt>
      <trkpt lat="10.6139406" lon="104.1380171"><ele>1.3</ele><time>2026-05-02T02:24:19.995Z</time></trkpt>
      <trkpt lat="10.6139393" lon="104.1379979"><ele>1.4</ele><time>2026-05-02T02:24:20.994Z</time></trkpt>
      <trkpt lat="10.6139339" lon="104.1379773"><ele>1.3</ele><time>2026-05-02T02:24:21.994Z</time></trkpt>
      <trkpt lat="10.6139317" lon="104.1379551"><ele>1.3</ele><time>2026-05-02T02:24:22.993Z</time></trkpt>
      <trkpt lat="10.6139286" lon="104.1379363"><ele>1.2</ele><time>2026-05-02T02:24:23.994Z</time></trkpt>
      <trkpt lat="10.6139265" lon="104.1379176"><ele>1.4</ele><time>2026-05-02T02:24:24.994Z</time></trkpt>
      <trkpt lat="10.6139275" lon="104.1379011"><ele>1.7</ele><time>2026-05-02T02:24:25.994Z</time></trkpt>
      <trkpt lat="10.6139260" lon="104.1378854"><ele>2.1</ele><time>2026-05-02T02:24:26.993Z</time></trkpt>
      <trkpt lat="10.6139258" lon="104.1378687"><ele>2.3</ele><time>2026-05-02T02:24:27.994Z</time></trkpt>
      <trkpt lat="10.6139257" lon="104.1378474"><ele>2.5</ele><time>2026-05-02T02:24:28.994Z</time></trkpt>
      <trkpt lat="10.6139255" lon="104.1378228"><ele>2.7</ele><time>2026-05-02T02:24:29.994Z</time></trkpt>
      <trkpt lat="10.6139287" lon="104.1378007"><ele>2.9</ele><time>2026-05-02T02:24:30.993Z</time></trkpt>
      <trkpt lat="10.6139383" lon="104.1377850"><ele>3.1</ele><time>2026-05-02T02:24:31.994Z</time></trkpt>
      <trkpt lat="10.6139454" lon="104.1377674"><ele>3.2</ele><time>2026-05-02T02:24:32.995Z</time></trkpt>
      <trkpt lat="10.6139454" lon="104.1377479"><ele>3.6</ele><time>2026-05-02T02:24:33.994Z</time></trkpt>
      <trkpt lat="10.6139517" lon="104.1377268"><ele>3.5</ele><time>2026-05-02T02:24:34.994Z</time></trkpt>
      <trkpt lat="10.6139624" lon="104.1377037"><ele>3.4</ele><time>2026-05-02T02:24:35.995Z</time></trkpt>
      <trkpt lat="10.6139713" lon="104.1376783"><ele>3.3</ele><time>2026-05-02T02:24:36.995Z</time></trkpt>
      <trkpt lat="10.6139793" lon="104.1376509"><ele>3.1</ele><time>2026-05-02T02:24:37.993Z</time></trkpt>
      <trkpt lat="10.6139900" lon="104.1376212"><ele>2.9</ele><time>2026-05-02T02:24:38.994Z</time></trkpt>
      <trkpt lat="10.6140001" lon="104.1375900"><ele>2.7</ele><time>2026-05-02T02:24:39.995Z</time></trkpt>
      <trkpt lat="10.6140102" lon="104.1375589"><ele>2.6</ele><time>2026-05-02T02:24:40.995Z</time></trkpt>
      <trkpt lat="10.6140229" lon="104.1375284"><ele>2.3</ele><time>2026-05-02T02:24:41.994Z</time></trkpt>
      <trkpt lat="10.6140351" lon="104.1375011"><ele>1.8</ele><time>2026-05-02T02:24:42.994Z</time></trkpt>
      <trkpt lat="10.6140476" lon="104.1374740"><ele>1.7</ele><time>2026-05-02T02:24:43.995Z</time></trkpt>
      <trkpt lat="10.6140612" lon="104.1374488"><ele>1.8</ele><time>2026-05-02T02:24:44.993Z</time></trkpt>
      <trkpt lat="10.6140724" lon="104.1374220"><ele>2.2</ele><time>2026-05-02T02:24:45.992Z</time></trkpt>
      <trkpt lat="10.6140829" lon="104.1373945"><ele>2.5</ele><time>2026-05-02T02:24:46.995Z</time></trkpt>
      <trkpt lat="10.6140929" lon="104.1373670"><ele>2.9</ele><time>2026-05-02T02:24:47.994Z</time></trkpt>
      <trkpt lat="10.6140977" lon="104.1373420"><ele>3.2</ele><time>2026-05-02T02:24:48.994Z</time></trkpt>
      <trkpt lat="10.6140990" lon="104.1373154"><ele>3.2</ele><time>2026-05-02T02:24:49.994Z</time></trkpt>
      <trkpt lat="10.6141046" lon="104.1372887"><ele>3.1</ele><time>2026-05-02T02:24:50.993Z</time></trkpt>
      <trkpt lat="10.6141136" lon="104.1372640"><ele>2.8</ele><time>2026-05-02T02:24:51.994Z</time></trkpt>
      <trkpt lat="10.6141219" lon="104.1372394"><ele>2.8</ele><time>2026-05-02T02:24:52.993Z</time></trkpt>
      <trkpt lat="10.6141252" lon="104.1372131"><ele>3.0</ele><time>2026-05-02T02:24:53.995Z</time></trkpt>
      <trkpt lat="10.6141298" lon="104.1371894"><ele>3.4</ele><time>2026-05-02T02:24:54.994Z</time></trkpt>
      <trkpt lat="10.6141304" lon="104.1371666"><ele>3.6</ele><time>2026-05-02T02:24:55.992Z</time></trkpt>
      <trkpt lat="10.6141345" lon="104.1371414"><ele>3.7</ele><time>2026-05-02T02:24:56.994Z</time></trkpt>
      <trkpt lat="10.6141392" lon="104.1371166"><ele>3.6</ele><time>2026-05-02T02:24:57.994Z</time></trkpt>
      <trkpt lat="10.6141488" lon="104.1370922"><ele>3.6</ele><time>2026-05-02T02:24:58.992Z</time></trkpt>
      <trkpt lat="10.6141583" lon="104.1370683"><ele>3.6</ele><time>2026-05-02T02:24:59.994Z</time></trkpt>
      <trkpt lat="10.6141647" lon="104.1370438"><ele>3.7</ele><time>2026-05-02T02:25:00.994Z</time></trkpt>
      <trkpt lat="10.6141728" lon="104.1370208"><ele>3.8</ele><time>2026-05-02T02:25:01.994Z</time></trkpt>
      <trkpt lat="10.6141827" lon="104.1369979"><ele>4.0</ele><time>2026-05-02T02:25:02.993Z</time></trkpt>
      <trkpt lat="10.6141911" lon="104.1369750"><ele>4.1</ele><time>2026-05-02T02:25:03.993Z</time></trkpt>
      <trkpt lat="10.6141994" lon="104.1369539"><ele>4.2</ele><time>2026-05-02T02:25:04.994Z</time></trkpt>
      <trkpt lat="10.6142048" lon="104.1369330"><ele>4.3</ele><time>2026-05-02T02:25:05.993Z</time></trkpt>
      <trkpt lat="10.6142115" lon="104.1369092"><ele>4.4</ele><time>2026-05-02T02:25:06.994Z</time></trkpt>
      <trkpt lat="10.6142189" lon="104.1368860"><ele>4.5</ele><time>2026-05-02T02:25:07.994Z</time></trkpt>
      <trkpt lat="10.6142277" lon="104.1368614"><ele>4.4</ele><time>2026-05-02T02:25:08.994Z</time></trkpt>
      <trkpt lat="10.6142348" lon="104.1368372"><ele>4.2</ele><time>2026-05-02T02:25:09.994Z</time></trkpt>
      <trkpt lat="10.6142437" lon="104.1368153"><ele>4.1</ele><time>2026-05-02T02:25:10.993Z</time></trkpt>
      <trkpt lat="10.6142505" lon="104.1367939"><ele>4.1</ele><time>2026-05-02T02:25:11.995Z</time></trkpt>
      <trkpt lat="10.6142554" lon="104.1367737"><ele>4.3</ele><time>2026-05-02T02:25:12.994Z</time></trkpt>
      <trkpt lat="10.6142608" lon="104.1367540"><ele>4.5</ele><time>2026-05-02T02:25:13.994Z</time></trkpt>
      <trkpt lat="10.6142678" lon="104.1367353"><ele>4.7</ele><time>2026-05-02T02:25:14.994Z</time></trkpt>
      <trkpt lat="10.6142742" lon="104.1367172"><ele>4.9</ele><time>2026-05-02T02:25:15.993Z</time></trkpt>
      <trkpt lat="10.6142830" lon="104.1367006"><ele>5.0</ele><time>2026-05-02T02:25:16.994Z</time></trkpt>
      <trkpt lat="10.6142887" lon="104.1366860"><ele>5.3</ele><time>2026-05-02T02:25:17.994Z</time></trkpt>
      <trkpt lat="10.6142959" lon="104.1366749"><ele>5.5</ele><time>2026-05-02T02:25:18.994Z</time></trkpt>
      <trkpt lat="10.6143009" lon="104.1366614"><ele>5.7</ele><time>2026-05-02T02:25:19.994Z</time></trkpt>
      <trkpt lat="10.6143047" lon="104.1366470"><ele>5.9</ele><time>2026-05-02T02:25:20.995Z</time></trkpt>
      <trkpt lat="10.6143070" lon="104.1366299"><ele>6.2</ele><time>2026-05-02T02:25:21.993Z</time></trkpt>
      <trkpt lat="10.6143089" lon="104.1366139"><ele>6.4</ele><time>2026-05-02T02:25:22.992Z</time></trkpt>
      <trkpt lat="10.6143092" lon="104.1365946"><ele>6.5</ele><time>2026-05-02T02:25:23.995Z</time></trkpt>
      <trkpt lat="10.6143118" lon="104.1365733"><ele>6.4</ele><time>2026-05-02T02:25:24.993Z</time></trkpt>
      <trkpt lat="10.6143168" lon="104.1365519"><ele>6.3</ele><time>2026-05-02T02:25:25.995Z</time></trkpt>
      <trkpt lat="10.6143207" lon="104.1365293"><ele>6.4</ele><time>2026-05-02T02:25:26.994Z</time></trkpt>
      <trkpt lat="10.6143259" lon="104.1365072"><ele>6.6</ele><time>2026-05-02T02:25:27.994Z</time></trkpt>
      <trkpt lat="10.6143313" lon="104.1364844"><ele>6.7</ele><time>2026-05-02T02:25:28.994Z</time></trkpt>
      <trkpt lat="10.6143352" lon="104.1364633"><ele>6.7</ele><time>2026-05-02T02:25:29.993Z</time></trkpt>
      <trkpt lat="10.6143396" lon="104.1364427"><ele>6.8</ele><time>2026-05-02T02:25:30.994Z</time></trkpt>
      <trkpt lat="10.6143425" lon="104.1364229"><ele>6.8</ele><time>2026-05-02T02:25:31.993Z</time></trkpt>
      <trkpt lat="10.6143481" lon="104.1364036"><ele>6.9</ele><time>2026-05-02T02:25:32.994Z</time></trkpt>
      <trkpt lat="10.6143541" lon="104.1363849"><ele>6.8</ele><time>2026-05-02T02:25:33.993Z</time></trkpt>
      <trkpt lat="10.6143608" lon="104.1363671"><ele>6.8</ele><time>2026-05-02T02:25:34.993Z</time></trkpt>
      <trkpt lat="10.6143678" lon="104.1363472"><ele>6.7</ele><time>2026-05-02T02:25:35.994Z</time></trkpt>
      <trkpt lat="10.6143716" lon="104.1363271"><ele>6.8</ele><time>2026-05-02T02:25:36.994Z</time></trkpt>
      <trkpt lat="10.6143709" lon="104.1363073"><ele>6.8</ele><time>2026-05-02T02:25:37.993Z</time></trkpt>
      <trkpt lat="10.6143640" lon="104.1362859"><ele>7.1</ele><time>2026-05-02T02:25:38.993Z</time></trkpt>
      <trkpt lat="10.6143487" lon="104.1362682"><ele>7.3</ele><time>2026-05-02T02:25:39.994Z</time></trkpt>
      <trkpt lat="10.6143324" lon="104.1362521"><ele>7.7</ele><time>2026-05-02T02:25:40.993Z</time></trkpt>
      <trkpt lat="10.6143199" lon="104.1362415"><ele>7.8</ele><time>2026-05-02T02:25:41.994Z</time></trkpt>
      <trkpt lat="10.6143047" lon="104.1362341"><ele>7.9</ele><time>2026-05-02T02:25:42.994Z</time></trkpt>
      <trkpt lat="10.6142839" lon="104.1362267"><ele>8.2</ele><time>2026-05-02T02:25:43.994Z</time></trkpt>
      <trkpt lat="10.6142617" lon="104.1362197"><ele>8.4</ele><time>2026-05-02T02:25:44.993Z</time></trkpt>
      <trkpt lat="10.6142424" lon="104.1362070"><ele>8.5</ele><time>2026-05-02T02:25:45.994Z</time></trkpt>
      <trkpt lat="10.6142237" lon="104.1361924"><ele>8.4</ele><time>2026-05-02T02:25:46.994Z</time></trkpt>
      <trkpt lat="10.6142019" lon="104.1361805"><ele>8.3</ele><time>2026-05-02T02:25:47.994Z</time></trkpt>
      <trkpt lat="10.6141790" lon="104.1361697"><ele>8.3</ele><time>2026-05-02T02:25:48.994Z</time></trkpt>
      <trkpt lat="10.6141572" lon="104.1361573"><ele>8.3</ele><time>2026-05-02T02:25:49.993Z</time></trkpt>
      <trkpt lat="10.6141368" lon="104.1361447"><ele>8.4</ele><time>2026-05-02T02:25:50.993Z</time></trkpt>
      <trkpt lat="10.6141184" lon="104.1361316"><ele>8.4</ele><time>2026-05-02T02:25:51.994Z</time></trkpt>
      <trkpt lat="10.6141020" lon="104.1361199"><ele>8.5</ele><time>2026-05-02T02:25:52.994Z</time></trkpt>
      <trkpt lat="10.6140874" lon="104.1361090"><ele>8.5</ele><time>2026-05-02T02:25:53.994Z</time></trkpt>
      <trkpt lat="10.6140770" lon="104.1360978"><ele>8.6</ele><time>2026-05-02T02:25:54.993Z</time></trkpt>
      <trkpt lat="10.6140627" lon="104.1360875"><ele>8.7</ele><time>2026-05-02T02:25:55.994Z</time></trkpt>
      <trkpt lat="10.6140456" lon="104.1360783"><ele>8.8</ele><time>2026-05-02T02:25:56.995Z</time></trkpt>
      <trkpt lat="10.6140257" lon="104.1360691"><ele>8.8</ele><time>2026-05-02T02:25:57.995Z</time></trkpt>
      <trkpt lat="10.6140040" lon="104.1360619"><ele>8.8</ele><time>2026-05-02T02:25:58.994Z</time></trkpt>
      <trkpt lat="10.6139797" lon="104.1360551"><ele>9.0</ele><time>2026-05-02T02:25:59.993Z</time></trkpt>
      <trkpt lat="10.6139533" lon="104.1360495"><ele>9.2</ele><time>2026-05-02T02:26:00.993Z</time></trkpt>
      <trkpt lat="10.6139262" lon="104.1360409"><ele>9.5</ele><time>2026-05-02T02:26:01.993Z</time></trkpt>
      <trkpt lat="10.6138968" lon="104.1360352"><ele>9.6</ele><time>2026-05-02T02:26:02.994Z</time></trkpt>
      <trkpt lat="10.6138665" lon="104.1360281"><ele>9.6</ele><time>2026-05-02T02:26:03.993Z</time></trkpt>
      <trkpt lat="10.6138359" lon="104.1360187"><ele>9.6</ele><time>2026-05-02T02:26:04.995Z</time></trkpt>
      <trkpt lat="10.6138059" lon="104.1360099"><ele>9.5</ele><time>2026-05-02T02:26:05.993Z</time></trkpt>
      <trkpt lat="10.6137753" lon="104.1360008"><ele>9.3</ele><time>2026-05-02T02:26:06.994Z</time></trkpt>
      <trkpt lat="10.6137447" lon="104.1359913"><ele>9.1</ele><time>2026-05-02T02:26:07.994Z</time></trkpt>
      <trkpt lat="10.6137129" lon="104.1359796"><ele>8.9</ele><time>2026-05-02T02:26:08.995Z</time></trkpt>
      <trkpt lat="10.6136802" lon="104.1359691"><ele>8.9</ele><time>2026-05-02T02:26:09.994Z</time></trkpt>
      <trkpt lat="10.6136473" lon="104.1359576"><ele>8.6</ele><time>2026-05-02T02:26:10.994Z</time></trkpt>
      <trkpt lat="10.6136153" lon="104.1359461"><ele>8.4</ele><time>2026-05-02T02:26:11.994Z</time></trkpt>
      <trkpt lat="10.6135828" lon="104.1359352"><ele>8.1</ele><time>2026-05-02T02:26:12.995Z</time></trkpt>
      <trkpt lat="10.6135533" lon="104.1359253"><ele>8.0</ele><time>2026-05-02T02:26:13.994Z</time></trkpt>
      <trkpt lat="10.6135233" lon="104.1359189"><ele>7.9</ele><time>2026-05-02T02:26:14.993Z</time></trkpt>
      <trkpt lat="10.6134947" lon="104.1359139"><ele>7.9</ele><time>2026-05-02T02:26:15.994Z</time></trkpt>
      <trkpt lat="10.6134692" lon="104.1359121"><ele>7.7</ele><time>2026-05-02T02:26:16.993Z</time></trkpt>
      <trkpt lat="10.6134433" lon="104.1359091"><ele>7.5</ele><time>2026-05-02T02:26:17.994Z</time></trkpt>
      <trkpt lat="10.6134149" lon="104.1359108"><ele>7.2</ele><time>2026-05-02T02:26:18.993Z</time></trkpt>
      <trkpt lat="10.6133861" lon="104.1359117"><ele>7.0</ele><time>2026-05-02T02:26:19.994Z</time></trkpt>
      <trkpt lat="10.6133570" lon="104.1359127"><ele>6.9</ele><time>2026-05-02T02:26:20.993Z</time></trkpt>
      <trkpt lat="10.6133268" lon="104.1359107"><ele>6.8</ele><time>2026-05-02T02:26:21.993Z</time></trkpt>
      <trkpt lat="10.6132955" lon="104.1359101"><ele>6.7</ele><time>2026-05-02T02:26:22.994Z</time></trkpt>
      <trkpt lat="10.6132628" lon="104.1359073"><ele>6.7</ele><time>2026-05-02T02:26:23.993Z</time></trkpt>
      <trkpt lat="10.6132291" lon="104.1359050"><ele>6.7</ele><time>2026-05-02T02:26:24.993Z</time></trkpt>
      <trkpt lat="10.6131950" lon="104.1359025"><ele>6.8</ele><time>2026-05-02T02:26:25.993Z</time></trkpt>
      <trkpt lat="10.6131613" lon="104.1359015"><ele>6.8</ele><time>2026-05-02T02:26:26.993Z</time></trkpt>
      <trkpt lat="10.6131276" lon="104.1358983"><ele>6.7</ele><time>2026-05-02T02:26:27.994Z</time></trkpt>
      <trkpt lat="10.6130942" lon="104.1358929"><ele>6.5</ele><time>2026-05-02T02:26:28.992Z</time></trkpt>
      <trkpt lat="10.6130607" lon="104.1358878"><ele>6.5</ele><time>2026-05-02T02:26:29.993Z</time></trkpt>
      <trkpt lat="10.6130277" lon="104.1358844"><ele>6.6</ele><time>2026-05-02T02:26:30.994Z</time></trkpt>
      <trkpt lat="10.6129939" lon="104.1358821"><ele>6.8</ele><time>2026-05-02T02:26:31.994Z</time></trkpt>
      <trkpt lat="10.6129620" lon="104.1358849"><ele>7.0</ele><time>2026-05-02T02:26:32.993Z</time></trkpt>
      <trkpt lat="10.6129273" lon="104.1358878"><ele>7.2</ele><time>2026-05-02T02:26:33.993Z</time></trkpt>
      <trkpt lat="10.6128901" lon="104.1358910"><ele>7.2</ele><time>2026-05-02T02:26:34.993Z</time></trkpt>
      <trkpt lat="10.6128534" lon="104.1358934"><ele>7.2</ele><time>2026-05-02T02:26:35.993Z</time></trkpt>
      <trkpt lat="10.6128177" lon="104.1358930"><ele>7.1</ele><time>2026-05-02T02:26:36.993Z</time></trkpt>
      <trkpt lat="10.6127833" lon="104.1358937"><ele>6.9</ele><time>2026-05-02T02:26:37.994Z</time></trkpt>
      <trkpt lat="10.6127509" lon="104.1358943"><ele>6.7</ele><time>2026-05-02T02:26:38.993Z</time></trkpt>
      <trkpt lat="10.6127192" lon="104.1358947"><ele>6.5</ele><time>2026-05-02T02:26:39.993Z</time></trkpt>
      <trkpt lat="10.6126868" lon="104.1358925"><ele>6.4</ele><time>2026-05-02T02:26:40.994Z</time></trkpt>
      <trkpt lat="10.6126548" lon="104.1358883"><ele>6.6</ele><time>2026-05-02T02:26:41.993Z</time></trkpt>
      <trkpt lat="10.6126244" lon="104.1358817"><ele>6.7</ele><time>2026-05-02T02:26:42.994Z</time></trkpt>
      <trkpt lat="10.6125944" lon="104.1358738"><ele>6.9</ele><time>2026-05-02T02:26:43.994Z</time></trkpt>
      <trkpt lat="10.6125668" lon="104.1358664"><ele>7.0</ele><time>2026-05-02T02:26:44.993Z</time></trkpt>
      <trkpt lat="10.6125426" lon="104.1358568"><ele>7.2</ele><time>2026-05-02T02:26:45.993Z</time></trkpt>
      <trkpt lat="10.6125184" lon="104.1358484"><ele>7.3</ele><time>2026-05-02T02:26:46.993Z</time></trkpt>
      <trkpt lat="10.6124974" lon="104.1358425"><ele>7.4</ele><time>2026-05-02T02:26:47.993Z</time></trkpt>
      <trkpt lat="10.6124754" lon="104.1358349"><ele>7.6</ele><time>2026-05-02T02:26:48.994Z</time></trkpt>
      <trkpt lat="10.6124533" lon="104.1358236"><ele>7.7</ele><time>2026-05-02T02:26:49.993Z</time></trkpt>
      <trkpt lat="10.6124298" lon="104.1358126"><ele>7.7</ele><time>2026-05-02T02:26:50.993Z</time></trkpt>
      <trkpt lat="10.6124071" lon="104.1358023"><ele>7.8</ele><time>2026-05-02T02:26:51.993Z</time></trkpt>
      <trkpt lat="10.6123843" lon="104.1357908"><ele>8.0</ele><time>2026-05-02T02:26:52.993Z</time></trkpt>
      <trkpt lat="10.6123620" lon="104.1357753"><ele>8.0</ele><time>2026-05-02T02:26:53.994Z</time></trkpt>
      <trkpt lat="10.6123381" lon="104.1357623"><ele>8.1</ele><time>2026-05-02T02:26:54.993Z</time></trkpt>
      <trkpt lat="10.6123130" lon="104.1357533"><ele>8.2</ele><time>2026-05-02T02:26:55.994Z</time></trkpt>
      <trkpt lat="10.6122881" lon="104.1357456"><ele>8.5</ele><time>2026-05-02T02:26:56.994Z</time></trkpt>
      <trkpt lat="10.6122622" lon="104.1357412"><ele>8.7</ele><time>2026-05-02T02:26:57.993Z</time></trkpt>
      <trkpt lat="10.6122357" lon="104.1357377"><ele>8.7</ele><time>2026-05-02T02:26:58.992Z</time></trkpt>
      <trkpt lat="10.6122092" lon="104.1357336"><ele>8.9</ele><time>2026-05-02T02:26:59.994Z</time></trkpt>
      <trkpt lat="10.6121819" lon="104.1357308"><ele>8.9</ele><time>2026-05-02T02:27:00.994Z</time></trkpt>
      <trkpt lat="10.6121663" lon="104.1357305"><ele>9.0</ele><time>2026-05-02T02:27:01.266Z</time></trkpt>
      <trkpt lat="10.6121532" lon="104.1357306"><ele>8.9</ele><time>2026-05-02T02:27:01.721Z</time></trkpt>
      <trkpt lat="10.6121514" lon="104.1357306"><ele>8.9</ele><time>2026-05-02T02:27:01.858Z</time></trkpt>
      <trkpt lat="10.6121402" lon="104.1357308"><ele>8.9</ele><time>2026-05-02T02:27:01.993Z</time></trkpt>
      <trkpt lat="10.6121331" lon="104.1357310"><ele>8.8</ele><time>2026-05-02T02:27:02.337Z</time></trkpt>
      <trkpt lat="10.6121144" lon="104.1357325"><ele>8.7</ele><time>2026-05-02T02:27:03.018Z</time></trkpt>
      <trkpt lat="10.6120898" lon="104.1357334"><ele>8.8</ele><time>2026-05-02T02:27:03.861Z</time></trkpt>
      <trkpt lat="10.6120854" lon="104.1357323"><ele>8.8</ele><time>2026-05-02T02:27:03.992Z</time></trkpt>
      <trkpt lat="10.6120731" lon="104.1357309"><ele>8.8</ele><time>2026-05-02T02:27:04.375Z</time></trkpt>
      <trkpt lat="10.6120561" lon="104.1357290"><ele>8.6</ele><time>2026-05-02T02:27:04.994Z</time></trkpt>
      <trkpt lat="10.6120504" lon="104.1357289"><ele>8.5</ele><time>2026-05-02T02:27:05.200Z</time></trkpt>
      <trkpt lat="10.6120377" lon="104.1357289"><ele>8.4</ele><time>2026-05-02T02:27:05.627Z</time></trkpt>
      <trkpt lat="10.6120294" lon="104.1357285"><ele>8.4</ele><time>2026-05-02T02:27:05.994Z</time></trkpt>
      <trkpt lat="10.6120066" lon="104.1357303"><ele>8.5</ele><time>2026-05-02T02:27:06.993Z</time></trkpt>
      <trkpt lat="10.6119872" lon="104.1357330"><ele>8.7</ele><time>2026-05-02T02:27:07.993Z</time></trkpt>
      <trkpt lat="10.6119803" lon="104.1357326"><ele>8.8</ele><time>2026-05-02T02:27:08.354Z</time></trkpt>
      <trkpt lat="10.6119664" lon="104.1357302"><ele>9.0</ele><time>2026-05-02T02:27:08.994Z</time></trkpt>
      <trkpt lat="10.6119676" lon="104.1357269"><ele>9.0</ele><time>2026-05-02T02:27:09.139Z</time></trkpt>
      <trkpt lat="10.6119576" lon="104.1357224"><ele>9.1</ele><time>2026-05-02T02:27:09.992Z</time></trkpt>
      <trkpt lat="10.6119415" lon="104.1357235"><ele>9.2</ele><time>2026-05-02T02:27:11.022Z</time></trkpt>
      <trkpt lat="10.6119312" lon="104.1357293"><ele>9.2</ele><time>2026-05-02T02:27:11.993Z</time></trkpt>
      <trkpt lat="10.6119226" lon="104.1357354"><ele>9.3</ele><time>2026-05-02T02:27:12.993Z</time></trkpt>
      <trkpt lat="10.6119174" lon="104.1357402"><ele>9.3</ele><time>2026-05-02T02:27:13.993Z</time></trkpt>
      <trkpt lat="10.6119152" lon="104.1357427"><ele>9.2</ele><time>2026-05-02T02:27:14.994Z</time></trkpt>
      <trkpt lat="10.6119154" lon="104.1357426"><ele>8.8</ele><time>2026-05-02T02:27:15.828Z</time></trkpt>
      <trkpt lat="10.6119137" lon="104.1357406"><ele>8.1</ele><time>2026-05-02T02:27:21.993Z</time></trkpt>
      <trkpt lat="10.6118993" lon="104.1357407"><ele>8.0</ele><time>2026-05-02T02:27:22.994Z</time></trkpt>
      <trkpt lat="10.6118945" lon="104.1357407"><ele>7.9</ele><time>2026-05-02T02:27:23.994Z</time></trkpt>
      <trkpt lat="10.6118849" lon="104.1357342"><ele>7.8</ele><time>2026-05-02T02:27:43.994Z</time></trkpt>
      <trkpt lat="10.6118834" lon="104.1357380"><ele>7.8</ele><time>2026-05-02T02:27:44.916Z</time></trkpt>
      <trkpt lat="10.6118832" lon="104.1357386"><ele>7.8</ele><time>2026-05-02T02:27:44.994Z</time></trkpt>
      <trkpt lat="10.6118828" lon="104.1357427"><ele>7.8</ele><time>2026-05-02T02:27:45.699Z</time></trkpt>
      <trkpt lat="10.6118829" lon="104.1357459"><ele>7.8</ele><time>2026-05-02T02:27:45.993Z</time></trkpt>
      <trkpt lat="10.6118830" lon="104.1357472"><ele>7.7</ele><time>2026-05-02T02:27:46.201Z</time></trkpt>
      <trkpt lat="10.6118853" lon="104.1357543"><ele>7.7</ele><time>2026-05-02T02:27:46.994Z</time></trkpt>
      <trkpt lat="10.6118902" lon="104.1357603"><ele>7.7</ele><time>2026-05-02T02:27:47.519Z</time></trkpt>
      <trkpt lat="10.6118947" lon="104.1357700"><ele>7.8</ele><time>2026-05-02T02:27:47.993Z</time></trkpt>
      <trkpt lat="10.6119011" lon="104.1357904"><ele>7.7</ele><time>2026-05-02T02:27:48.993Z</time></trkpt>
      <trkpt lat="10.6119013" lon="104.1357930"><ele>7.5</ele><time>2026-05-02T02:27:49.098Z</time></trkpt>
      <trkpt lat="10.6119056" lon="104.1358044"><ele>7.4</ele><time>2026-05-02T02:27:49.802Z</time></trkpt>
      <trkpt lat="10.6119071" lon="104.1358074"><ele>7.4</ele><time>2026-05-02T02:27:49.997Z</time></trkpt>
      <trkpt lat="10.6119117" lon="104.1358232"><ele>7.4</ele><time>2026-05-02T02:27:50.616Z</time></trkpt>
      <trkpt lat="10.6119125" lon="104.1358314"><ele>7.4</ele><time>2026-05-02T02:27:51.002Z</time></trkpt>
      <trkpt lat="10.6119136" lon="104.1358408"><ele>7.4</ele><time>2026-05-02T02:27:51.379Z</time></trkpt>
      <trkpt lat="10.6119154" lon="104.1358526"><ele>7.3</ele><time>2026-05-02T02:27:51.962Z</time></trkpt>
      <trkpt lat="10.6119190" lon="104.1358668"><ele>7.3</ele><time>2026-05-02T02:27:52.362Z</time></trkpt>
      <trkpt lat="10.6119220" lon="104.1358803"><ele>7.3</ele><time>2026-05-02T02:27:52.856Z</time></trkpt>
      <trkpt lat="10.6119240" lon="104.1358860"><ele>7.3</ele><time>2026-05-02T02:27:52.993Z</time></trkpt>
      <trkpt lat="10.6119266" lon="104.1358997"><ele>7.3</ele><time>2026-05-02T02:27:53.538Z</time></trkpt>
      <trkpt lat="10.6119273" lon="104.1359124"><ele>7.4</ele><time>2026-05-02T02:27:53.994Z</time></trkpt>
      <trkpt lat="10.6119276" lon="104.1359202"><ele>7.5</ele><time>2026-05-02T02:27:54.322Z</time></trkpt>
      <trkpt lat="10.6119278" lon="104.1359332"><ele>7.6</ele><time>2026-05-02T02:27:54.875Z</time></trkpt>
      <trkpt lat="10.6119270" lon="104.1359384"><ele>7.6</ele><time>2026-05-02T02:27:54.993Z</time></trkpt>
      <trkpt lat="10.6119256" lon="104.1359532"><ele>7.5</ele><time>2026-05-02T02:27:55.539Z</time></trkpt>
      <trkpt lat="10.6119228" lon="104.1359654"><ele>7.4</ele><time>2026-05-02T02:27:55.994Z</time></trkpt>
      <trkpt lat="10.6119201" lon="104.1359885"><ele>7.4</ele><time>2026-05-02T02:27:56.993Z</time></trkpt>
      <trkpt lat="10.6119175" lon="104.1360071"><ele>7.3</ele><time>2026-05-02T02:27:57.993Z</time></trkpt>
      <trkpt lat="10.6119133" lon="104.1360204"><ele>7.3</ele><time>2026-05-02T02:27:58.993Z</time></trkpt>
      <trkpt lat="10.6119126" lon="104.1360285"><ele>7.5</ele><time>2026-05-02T02:27:59.993Z</time></trkpt>
      <trkpt lat="10.6119140" lon="104.1360359"><ele>8.4</ele><time>2026-05-02T02:29:03.993Z</time></trkpt>
      <trkpt lat="10.6119273" lon="104.1360440"><ele>8.2</ele><time>2026-05-02T02:29:04.991Z</time></trkpt>
      <trkpt lat="10.6119450" lon="104.1360512"><ele>8.0</ele><time>2026-05-02T02:29:05.992Z</time></trkpt>
      <trkpt lat="10.6119653" lon="104.1360554"><ele>7.6</ele><time>2026-05-02T02:29:06.993Z</time></trkpt>
      <trkpt lat="10.6119872" lon="104.1360648"><ele>7.4</ele><time>2026-05-02T02:29:07.993Z</time></trkpt>
      <trkpt lat="10.6120070" lon="104.1360816"><ele>7.3</ele><time>2026-05-02T02:29:08.993Z</time></trkpt>
      <trkpt lat="10.6120259" lon="104.1361040"><ele>7.3</ele><time>2026-05-02T02:29:09.994Z</time></trkpt>
      <trkpt lat="10.6120416" lon="104.1361304"><ele>7.3</ele><time>2026-05-02T02:29:10.994Z</time></trkpt>
      <trkpt lat="10.6120468" lon="104.1361622"><ele>7.2</ele><time>2026-05-02T02:29:11.993Z</time></trkpt>
      <trkpt lat="10.6120498" lon="104.1361932"><ele>7.1</ele><time>2026-05-02T02:29:12.994Z</time></trkpt>
      <trkpt lat="10.6120510" lon="104.1362248"><ele>6.9</ele><time>2026-05-02T02:29:13.992Z</time></trkpt>
      <trkpt lat="10.6120543" lon="104.1362569"><ele>6.8</ele><time>2026-05-02T02:29:14.993Z</time></trkpt>
      <trkpt lat="10.6120533" lon="104.1362890"><ele>6.5</ele><time>2026-05-02T02:29:15.992Z</time></trkpt>
      <trkpt lat="10.6120525" lon="104.1363218"><ele>6.2</ele><time>2026-05-02T02:29:16.993Z</time></trkpt>
      <trkpt lat="10.6120524" lon="104.1363547"><ele>6.0</ele><time>2026-05-02T02:29:17.993Z</time></trkpt>
      <trkpt lat="10.6120483" lon="104.1363884"><ele>6.0</ele><time>2026-05-02T02:29:18.993Z</time></trkpt>
      <trkpt lat="10.6120440" lon="104.1364223"><ele>6.1</ele><time>2026-05-02T02:29:19.993Z</time></trkpt>
      <trkpt lat="10.6120416" lon="104.1364547"><ele>6.2</ele><time>2026-05-02T02:29:20.993Z</time></trkpt>
      <trkpt lat="10.6120415" lon="104.1364864"><ele>6.2</ele><time>2026-05-02T02:29:21.993Z</time></trkpt>
      <trkpt lat="10.6120419" lon="104.1365171"><ele>6.1</ele><time>2026-05-02T02:29:22.992Z</time></trkpt>
      <trkpt lat="10.6120424" lon="104.1365503"><ele>5.9</ele><time>2026-05-02T02:29:23.991Z</time></trkpt>
      <trkpt lat="10.6120436" lon="104.1365833"><ele>5.7</ele><time>2026-05-02T02:29:24.993Z</time></trkpt>
      <trkpt lat="10.6120471" lon="104.1366163"><ele>5.5</ele><time>2026-05-02T02:29:25.992Z</time></trkpt>
      <trkpt lat="10.6120519" lon="104.1366516"><ele>5.5</ele><time>2026-05-02T02:29:26.993Z</time></trkpt>
      <trkpt lat="10.6120493" lon="104.1366841"><ele>5.3</ele><time>2026-05-02T02:29:27.993Z</time></trkpt>
      <trkpt lat="10.6120506" lon="104.1367184"><ele>5.1</ele><time>2026-05-02T02:29:28.992Z</time></trkpt>
      <trkpt lat="10.6120509" lon="104.1367528"><ele>4.9</ele><time>2026-05-02T02:29:29.993Z</time></trkpt>
      <trkpt lat="10.6120479" lon="104.1367864"><ele>5.1</ele><time>2026-05-02T02:29:30.994Z</time></trkpt>
      <trkpt lat="10.6120479" lon="104.1368195"><ele>5.3</ele><time>2026-05-02T02:29:31.993Z</time></trkpt>
      <trkpt lat="10.6120454" lon="104.1368517"><ele>5.3</ele><time>2026-05-02T02:29:32.993Z</time></trkpt>
      <trkpt lat="10.6120472" lon="104.1368846"><ele>5.1</ele><time>2026-05-02T02:29:33.993Z</time></trkpt>
      <trkpt lat="10.6120586" lon="104.1369109"><ele>4.9</ele><time>2026-05-02T02:29:34.993Z</time></trkpt>
      <trkpt lat="10.6120793" lon="104.1369301"><ele>4.7</ele><time>2026-05-02T02:29:35.993Z</time></trkpt>
      <trkpt lat="10.6121002" lon="104.1369446"><ele>4.3</ele><time>2026-05-02T02:29:36.992Z</time></trkpt>
      <trkpt lat="10.6121235" lon="104.1369528"><ele>4.1</ele><time>2026-05-02T02:29:37.993Z</time></trkpt>
      <trkpt lat="10.6121489" lon="104.1369574"><ele>3.8</ele><time>2026-05-02T02:29:38.992Z</time></trkpt>
      <trkpt lat="10.6121744" lon="104.1369662"><ele>3.9</ele><time>2026-05-02T02:29:39.993Z</time></trkpt>
      <trkpt lat="10.6121983" lon="104.1369773"><ele>3.9</ele><time>2026-05-02T02:29:40.993Z</time></trkpt>
      <trkpt lat="10.6122207" lon="104.1369894"><ele>3.7</ele><time>2026-05-02T02:29:41.993Z</time></trkpt>
      <trkpt lat="10.6122323" lon="104.1370051"><ele>3.4</ele><time>2026-05-02T02:29:42.992Z</time></trkpt>
      <trkpt lat="10.6122416" lon="104.1370155"><ele>3.4</ele><time>2026-05-02T02:29:43.993Z</time></trkpt>
      <trkpt lat="10.6122483" lon="104.1370265"><ele>3.4</ele><time>2026-05-02T02:29:44.992Z</time></trkpt>
      <trkpt lat="10.6122506" lon="104.1370390"><ele>3.6</ele><time>2026-05-02T02:29:45.993Z</time></trkpt>
      <trkpt lat="10.6122529" lon="104.1370524"><ele>3.5</ele><time>2026-05-02T02:29:46.992Z</time></trkpt>
      <trkpt lat="10.6122549" lon="104.1370709"><ele>3.4</ele><time>2026-05-02T02:29:47.992Z</time></trkpt>
      <trkpt lat="10.6122599" lon="104.1370885"><ele>3.3</ele><time>2026-05-02T02:29:48.993Z</time></trkpt>
      <trkpt lat="10.6122658" lon="104.1371082"><ele>3.1</ele><time>2026-05-02T02:29:49.991Z</time></trkpt>
      <trkpt lat="10.6122714" lon="104.1371296"><ele>3.0</ele><time>2026-05-02T02:29:50.993Z</time></trkpt>
      <trkpt lat="10.6122797" lon="104.1371527"><ele>3.0</ele><time>2026-05-02T02:29:51.992Z</time></trkpt>
      <trkpt lat="10.6122903" lon="104.1371780"><ele>3.0</ele><time>2026-05-02T02:29:52.992Z</time></trkpt>
      <trkpt lat="10.6123008" lon="104.1372090"><ele>2.9</ele><time>2026-05-02T02:29:53.993Z</time></trkpt>
      <trkpt lat="10.6123104" lon="104.1372423"><ele>2.8</ele><time>2026-05-02T02:29:54.992Z</time></trkpt>
      <trkpt lat="10.6123173" lon="104.1372760"><ele>2.7</ele><time>2026-05-02T02:29:55.993Z</time></trkpt>
      <trkpt lat="10.6123222" lon="104.1373106"><ele>2.6</ele><time>2026-05-02T02:29:56.992Z</time></trkpt>
      <trkpt lat="10.6123273" lon="104.1373461"><ele>2.6</ele><time>2026-05-02T02:29:57.993Z</time></trkpt>
      <trkpt lat="10.6123353" lon="104.1373822"><ele>2.5</ele><time>2026-05-02T02:29:58.994Z</time></trkpt>
      <trkpt lat="10.6123456" lon="104.1374176"><ele>2.5</ele><time>2026-05-02T02:29:59.994Z</time></trkpt>
      <trkpt lat="10.6123562" lon="104.1374561"><ele>2.4</ele><time>2026-05-02T02:30:00.993Z</time></trkpt>
      <trkpt lat="10.6123652" lon="104.1374966"><ele>2.4</ele><time>2026-05-02T02:30:01.993Z</time></trkpt>
      <trkpt lat="10.6123755" lon="104.1375346"><ele>2.2</ele><time>2026-05-02T02:30:02.993Z</time></trkpt>
      <trkpt lat="10.6123890" lon="104.1375726"><ele>2.0</ele><time>2026-05-02T02:30:03.993Z</time></trkpt>
      <trkpt lat="10.6124025" lon="104.1376099"><ele>1.6</ele><time>2026-05-02T02:30:04.994Z</time></trkpt>
      <trkpt lat="10.6124141" lon="104.1376494"><ele>1.2</ele><time>2026-05-02T02:30:05.992Z</time></trkpt>
      <trkpt lat="10.6124256" lon="104.1376887"><ele>0.9</ele><time>2026-05-02T02:30:06.993Z</time></trkpt>
      <trkpt lat="10.6124388" lon="104.1377277"><ele>0.7</ele><time>2026-05-02T02:30:07.993Z</time></trkpt>
      <trkpt lat="10.6124513" lon="104.1377693"><ele>0.6</ele><time>2026-05-02T02:30:08.993Z</time></trkpt>
      <trkpt lat="10.6124626" lon="104.1378069"><ele>0.4</ele><time>2026-05-02T02:30:09.992Z</time></trkpt>
      <trkpt lat="10.6124802" lon="104.1378429"><ele>0.4</ele><time>2026-05-02T02:30:10.992Z</time></trkpt>
      <trkpt lat="10.6125023" lon="104.1378764"><ele>0.0</ele><time>2026-05-02T02:30:11.992Z</time></trkpt>
      <trkpt lat="10.6125252" lon="104.1379120"><ele>-0.2</ele><time>2026-05-02T02:30:12.992Z</time></trkpt>
      <trkpt lat="10.6125494" lon="104.1379481"><ele>-0.4</ele><time>2026-05-02T02:30:13.993Z</time></trkpt>
      <trkpt lat="10.6125726" lon="104.1379852"><ele>-0.3</ele><time>2026-05-02T02:30:14.992Z</time></trkpt>
      <trkpt lat="10.6125923" lon="104.1380218"><ele>-0.1</ele><time>2026-05-02T02:30:15.994Z</time></trkpt>
      <trkpt lat="10.6126103" lon="104.1380592"><ele>-0.0</ele><time>2026-05-02T02:30:16.993Z</time></trkpt>
      <trkpt lat="10.6126283" lon="104.1380953"><ele>-0.0</ele><time>2026-05-02T02:30:17.993Z</time></trkpt>
      <trkpt lat="10.6126491" lon="104.1381311"><ele>-0.1</ele><time>2026-05-02T02:30:18.992Z</time></trkpt>
      <trkpt lat="10.6126695" lon="104.1381650"><ele>0.0</ele><time>2026-05-02T02:30:19.993Z</time></trkpt>
      <trkpt lat="10.6126933" lon="104.1381972"><ele>0.3</ele><time>2026-05-02T02:30:20.992Z</time></trkpt>
      <trkpt lat="10.6127152" lon="104.1382283"><ele>0.7</ele><time>2026-05-02T02:30:21.994Z</time></trkpt>
      <trkpt lat="10.6127366" lon="104.1382592"><ele>1.0</ele><time>2026-05-02T02:30:22.995Z</time></trkpt>
      <trkpt lat="10.6127571" lon="104.1382886"><ele>1.2</ele><time>2026-05-02T02:30:23.992Z</time></trkpt>
      <trkpt lat="10.6127732" lon="104.1383168"><ele>1.1</ele><time>2026-05-02T02:30:24.993Z</time></trkpt>
      <trkpt lat="10.6127866" lon="104.1383436"><ele>1.1</ele><time>2026-05-02T02:30:25.992Z</time></trkpt>
      <trkpt lat="10.6128023" lon="104.1383695"><ele>1.0</ele><time>2026-05-02T02:30:26.993Z</time></trkpt>
      <trkpt lat="10.6128147" lon="104.1383984"><ele>1.0</ele><time>2026-05-02T02:30:27.994Z</time></trkpt>
      <trkpt lat="10.6128205" lon="104.1384279"><ele>0.8</ele><time>2026-05-02T02:30:28.991Z</time></trkpt>
      <trkpt lat="10.6128268" lon="104.1384570"><ele>0.7</ele><time>2026-05-02T02:30:29.994Z</time></trkpt>
      <trkpt lat="10.6128343" lon="104.1384862"><ele>0.7</ele><time>2026-05-02T02:30:30.993Z</time></trkpt>
      <trkpt lat="10.6128424" lon="104.1385139"><ele>0.6</ele><time>2026-05-02T02:30:31.992Z</time></trkpt>
      <trkpt lat="10.6128503" lon="104.1385434"><ele>0.4</ele><time>2026-05-02T02:30:32.994Z</time></trkpt>
      <trkpt lat="10.6128568" lon="104.1385745"><ele>0.0</ele><time>2026-05-02T02:30:33.992Z</time></trkpt>
      <trkpt lat="10.6128638" lon="104.1386061"><ele>-0.1</ele><time>2026-05-02T02:30:34.993Z</time></trkpt>
      <trkpt lat="10.6128679" lon="104.1386388"><ele>-0.1</ele><time>2026-05-02T02:30:35.992Z</time></trkpt>
      <trkpt lat="10.6128704" lon="104.1386735"><ele>0.0</ele><time>2026-05-02T02:30:36.993Z</time></trkpt>
      <trkpt lat="10.6128712" lon="104.1387089"><ele>0.3</ele><time>2026-05-02T02:30:37.993Z</time></trkpt>
      <trkpt lat="10.6128750" lon="104.1387436"><ele>0.6</ele><time>2026-05-02T02:30:38.992Z</time></trkpt>
      <trkpt lat="10.6128782" lon="104.1387780"><ele>1.0</ele><time>2026-05-02T02:30:39.993Z</time></trkpt>
      <trkpt lat="10.6128806" lon="104.1388114"><ele>1.3</ele><time>2026-05-02T02:30:40.994Z</time></trkpt>
      <trkpt lat="10.6128823" lon="104.1388439"><ele>1.5</ele><time>2026-05-02T02:30:41.992Z</time></trkpt>
      <trkpt lat="10.6128746" lon="104.1388783"><ele>1.5</ele><time>2026-05-02T02:30:42.992Z</time></trkpt>
      <trkpt lat="10.6128642" lon="104.1389081"><ele>1.2</ele><time>2026-05-02T02:30:43.993Z</time></trkpt>
      <trkpt lat="10.6128592" lon="104.1389391"><ele>1.0</ele><time>2026-05-02T02:30:44.991Z</time></trkpt>
      <trkpt lat="10.6128574" lon="104.1389708"><ele>0.8</ele><time>2026-05-02T02:30:45.993Z</time></trkpt>
      <trkpt lat="10.6128552" lon="104.1390010"><ele>1.0</ele><time>2026-05-02T02:30:46.993Z</time></trkpt>
      <trkpt lat="10.6128521" lon="104.1390309"><ele>1.1</ele><time>2026-05-02T02:30:47.992Z</time></trkpt>
      <trkpt lat="10.6128518" lon="104.1390621"><ele>1.3</ele><time>2026-05-02T02:30:48.993Z</time></trkpt>
      <trkpt lat="10.6128535" lon="104.1390932"><ele>1.3</ele><time>2026-05-02T02:30:49.992Z</time></trkpt>
      <trkpt lat="10.6128566" lon="104.1391233"><ele>1.3</ele><time>2026-05-02T02:30:50.992Z</time></trkpt>
      <trkpt lat="10.6128616" lon="104.1391498"><ele>1.2</ele><time>2026-05-02T02:30:51.992Z</time></trkpt>
      <trkpt lat="10.6128680" lon="104.1391775"><ele>0.9</ele><time>2026-05-02T02:30:52.993Z</time></trkpt>
      <trkpt lat="10.6128729" lon="104.1391963"><ele>0.6</ele><time>2026-05-02T02:30:53.994Z</time></trkpt>
      <trkpt lat="10.6128756" lon="104.1392183"><ele>0.5</ele><time>2026-05-02T02:30:54.992Z</time></trkpt>
      <trkpt lat="10.6128747" lon="104.1392461"><ele>0.4</ele><time>2026-05-02T02:30:55.992Z</time></trkpt>
      <trkpt lat="10.6128685" lon="104.1392749"><ele>0.4</ele><time>2026-05-02T02:30:56.993Z</time></trkpt>
      <trkpt lat="10.6128580" lon="104.1393022"><ele>0.4</ele><time>2026-05-02T02:30:57.991Z</time></trkpt>
      <trkpt lat="10.6128446" lon="104.1393232"><ele>0.6</ele><time>2026-05-02T02:30:58.993Z</time></trkpt>
      <trkpt lat="10.6128328" lon="104.1393393"><ele>0.7</ele><time>2026-05-02T02:30:59.993Z</time></trkpt>
      <trkpt lat="10.6128241" lon="104.1393577"><ele>0.8</ele><time>2026-05-02T02:31:00.991Z</time></trkpt>
      <trkpt lat="10.6128130" lon="104.1393772"><ele>0.6</ele><time>2026-05-02T02:31:01.993Z</time></trkpt>
      <trkpt lat="10.6128022" lon="104.1393971"><ele>0.5</ele><time>2026-05-02T02:31:02.993Z</time></trkpt>
      <trkpt lat="10.6127918" lon="104.1394175"><ele>0.4</ele><time>2026-05-02T02:31:03.993Z</time></trkpt>
      <trkpt lat="10.6127753" lon="104.1394370"><ele>0.5</ele><time>2026-05-02T02:31:04.992Z</time></trkpt>
      <trkpt lat="10.6127548" lon="104.1394541"><ele>0.4</ele><time>2026-05-02T02:31:05.994Z</time></trkpt>
      <trkpt lat="10.6127335" lon="104.1394755"><ele>0.6</ele><time>2026-05-02T02:31:06.992Z</time></trkpt>
      <trkpt lat="10.6127161" lon="104.1395024"><ele>0.5</ele><time>2026-05-02T02:31:07.993Z</time></trkpt>
      <trkpt lat="10.6127009" lon="104.1395312"><ele>0.6</ele><time>2026-05-02T02:31:08.994Z</time></trkpt>
      <trkpt lat="10.6126886" lon="104.1395595"><ele>0.8</ele><time>2026-05-02T02:31:09.992Z</time></trkpt>
      <trkpt lat="10.6126841" lon="104.1395876"><ele>0.9</ele><time>2026-05-02T02:31:10.994Z</time></trkpt>
      <trkpt lat="10.6126845" lon="104.1396074"><ele>1.0</ele><time>2026-05-02T02:31:11.993Z</time></trkpt>
      <trkpt lat="10.6126849" lon="104.1396319"><ele>0.8</ele><time>2026-05-02T02:31:12.992Z</time></trkpt>
      <trkpt lat="10.6126829" lon="104.1396582"><ele>0.6</ele><time>2026-05-02T02:31:13.992Z</time></trkpt>
      <trkpt lat="10.6126766" lon="104.1396838"><ele>0.7</ele><time>2026-05-02T02:31:14.993Z</time></trkpt>
      <trkpt lat="10.6126665" lon="104.1397102"><ele>0.7</ele><time>2026-05-02T02:31:15.992Z</time></trkpt>
      <trkpt lat="10.6126546" lon="104.1397357"><ele>0.9</ele><time>2026-05-02T02:31:16.993Z</time></trkpt>
      <trkpt lat="10.6126433" lon="104.1397613"><ele>1.1</ele><time>2026-05-02T02:31:17.992Z</time></trkpt>
      <trkpt lat="10.6126345" lon="104.1397884"><ele>0.9</ele><time>2026-05-02T02:31:18.992Z</time></trkpt>
      <trkpt lat="10.6126278" lon="104.1398160"><ele>0.6</ele><time>2026-05-02T02:31:19.993Z</time></trkpt>
      <trkpt lat="10.6126198" lon="104.1398437"><ele>0.1</ele><time>2026-05-02T02:31:20.992Z</time></trkpt>
      <trkpt lat="10.6126125" lon="104.1398748"><ele>-0.1</ele><time>2026-05-02T02:31:21.994Z</time></trkpt>
      <trkpt lat="10.6126044" lon="104.1399036"><ele>-0.3</ele><time>2026-05-02T02:31:22.993Z</time></trkpt>
      <trkpt lat="10.6125969" lon="104.1399325"><ele>-0.4</ele><time>2026-05-02T02:31:23.993Z</time></trkpt>
      <trkpt lat="10.6125888" lon="104.1399595"><ele>-0.7</ele><time>2026-05-02T02:31:24.992Z</time></trkpt>
      <trkpt lat="10.6125788" lon="104.1399840"><ele>-0.8</ele><time>2026-05-02T02:31:25.993Z</time></trkpt>
      <trkpt lat="10.6125675" lon="104.1400077"><ele>-0.9</ele><time>2026-05-02T02:31:26.993Z</time></trkpt>
      <trkpt lat="10.6125570" lon="104.1400288"><ele>-1.1</ele><time>2026-05-02T02:31:27.992Z</time></trkpt>
      <trkpt lat="10.6125469" lon="104.1400462"><ele>-1.4</ele><time>2026-05-02T02:31:28.993Z</time></trkpt>
      <trkpt lat="10.6125404" lon="104.1400593"><ele>-1.5</ele><time>2026-05-02T02:31:29.992Z</time></trkpt>
      <trkpt lat="10.6125373" lon="104.1400720"><ele>-1.6</ele><time>2026-05-02T02:31:30.991Z</time></trkpt>
      <trkpt lat="10.6125354" lon="104.1400838"><ele>-1.7</ele><time>2026-05-02T02:31:31.993Z</time></trkpt>
      <trkpt lat="10.6125340" lon="104.1400941"><ele>-1.6</ele><time>2026-05-02T02:31:32.993Z</time></trkpt>
      <trkpt lat="10.6125347" lon="104.1401051"><ele>-1.4</ele><time>2026-05-02T02:31:33.993Z</time></trkpt>
      <trkpt lat="10.6125336" lon="104.1401194"><ele>-1.0</ele><time>2026-05-02T02:31:34.992Z</time></trkpt>
      <trkpt lat="10.6125266" lon="104.1401346"><ele>-0.9</ele><time>2026-05-02T02:31:35.992Z</time></trkpt>
      <trkpt lat="10.6125157" lon="104.1401471"><ele>-0.8</ele><time>2026-05-02T02:31:36.994Z</time></trkpt>
      <trkpt lat="10.6125021" lon="104.1401554"><ele>-1.0</ele><time>2026-05-02T02:31:37.994Z</time></trkpt>
      <trkpt lat="10.6124913" lon="104.1401603"><ele>-1.0</ele><time>2026-05-02T02:31:38.993Z</time></trkpt>
      <trkpt lat="10.6124825" lon="104.1401680"><ele>-1.0</ele><time>2026-05-02T02:31:39.992Z</time></trkpt>
      <trkpt lat="10.6124769" lon="104.1401823"><ele>-1.1</ele><time>2026-05-02T02:31:40.992Z</time></trkpt>
      <trkpt lat="10.6124724" lon="104.1401983"><ele>-1.1</ele><time>2026-05-02T02:31:41.993Z</time></trkpt>
      <trkpt lat="10.6124673" lon="104.1402067"><ele>-1.2</ele><time>2026-05-02T02:31:42.992Z</time></trkpt>
      <trkpt lat="10.6124571" lon="104.1402112"><ele>-1.5</ele><time>2026-05-02T02:31:45.992Z</time></trkpt>
      <trkpt lat="10.6124493" lon="104.1402225"><ele>-1.6</ele><time>2026-05-02T02:31:46.993Z</time></trkpt>
      <trkpt lat="10.6124404" lon="104.1402406"><ele>-1.8</ele><time>2026-05-02T02:31:47.992Z</time></trkpt>
      <trkpt lat="10.6124230" lon="104.1402629"><ele>-1.9</ele><time>2026-05-02T02:31:48.992Z</time></trkpt>
      <trkpt lat="10.6124039" lon="104.1402905"><ele>-2.1</ele><time>2026-05-02T02:31:49.992Z</time></trkpt>
      <trkpt lat="10.6123820" lon="104.1403192"><ele>-2.1</ele><time>2026-05-02T02:31:50.992Z</time></trkpt>
      <trkpt lat="10.6123602" lon="104.1403465"><ele>-2.2</ele><time>2026-05-02T02:31:51.994Z</time></trkpt>
      <trkpt lat="10.6123427" lon="104.1403719"><ele>-2.0</ele><time>2026-05-02T02:31:52.992Z</time></trkpt>
      <trkpt lat="10.6123257" lon="104.1403971"><ele>-1.9</ele><time>2026-05-02T02:31:53.992Z</time></trkpt>
      <trkpt lat="10.6123133" lon="104.1404242"><ele>-1.7</ele><time>2026-05-02T02:31:54.993Z</time></trkpt>
      <trkpt lat="10.6122999" lon="104.1404477"><ele>-1.6</ele><time>2026-05-02T02:31:55.992Z</time></trkpt>
      <trkpt lat="10.6122842" lon="104.1404707"><ele>-1.5</ele><time>2026-05-02T02:31:56.991Z</time></trkpt>
      <trkpt lat="10.6122685" lon="104.1404967"><ele>-1.6</ele><time>2026-05-02T02:31:57.993Z</time></trkpt>
      <trkpt lat="10.6122572" lon="104.1405248"><ele>-1.6</ele><time>2026-05-02T02:31:58.993Z</time></trkpt>
      <trkpt lat="10.6122541" lon="104.1405565"><ele>-1.6</ele><time>2026-05-02T02:31:59.993Z</time></trkpt>
      <trkpt lat="10.6122517" lon="104.1405897"><ele>-1.5</ele><time>2026-05-02T02:32:00.993Z</time></trkpt>
      <trkpt lat="10.6122553" lon="104.1406217"><ele>-1.4</ele><time>2026-05-02T02:32:01.992Z</time></trkpt>
      <trkpt lat="10.6122529" lon="104.1406554"><ele>-1.2</ele><time>2026-05-02T02:32:02.992Z</time></trkpt>
      <trkpt lat="10.6122459" lon="104.1406896"><ele>-1.1</ele><time>2026-05-02T02:32:03.991Z</time></trkpt>
      <trkpt lat="10.6122305" lon="104.1407196"><ele>-1.0</ele><time>2026-05-02T02:32:04.994Z</time></trkpt>
      <trkpt lat="10.6122227" lon="104.1407523"><ele>-0.9</ele><time>2026-05-02T02:32:05.992Z</time></trkpt>
      <trkpt lat="10.6122214" lon="104.1407841"><ele>-1.0</ele><time>2026-05-02T02:32:06.992Z</time></trkpt>
      <trkpt lat="10.6122214" lon="104.1408182"><ele>-1.0</ele><time>2026-05-02T02:32:07.992Z</time></trkpt>
      <trkpt lat="10.6122221" lon="104.1408523"><ele>-1.1</ele><time>2026-05-02T02:32:08.994Z</time></trkpt>
      <trkpt lat="10.6122258" lon="104.1408831"><ele>-1.3</ele><time>2026-05-02T02:32:09.994Z</time></trkpt>
      <trkpt lat="10.6122265" lon="104.1409145"><ele>-1.3</ele><time>2026-05-02T02:32:10.993Z</time></trkpt>
      <trkpt lat="10.6122193" lon="104.1409424"><ele>-1.5</ele><time>2026-05-02T02:32:11.992Z</time></trkpt>
      <trkpt lat="10.6122090" lon="104.1409707"><ele>-1.5</ele><time>2026-05-02T02:32:12.993Z</time></trkpt>
      <trkpt lat="10.6122036" lon="104.1410012"><ele>-1.6</ele><time>2026-05-02T02:32:13.992Z</time></trkpt>
      <trkpt lat="10.6121999" lon="104.1410278"><ele>-1.8</ele><time>2026-05-02T02:32:14.992Z</time></trkpt>
      <trkpt lat="10.6121941" lon="104.1410484"><ele>-2.2</ele><time>2026-05-02T02:32:15.991Z</time></trkpt>
      <trkpt lat="10.6121901" lon="104.1410640"><ele>-2.4</ele><time>2026-05-02T02:32:16.992Z</time></trkpt>
      <trkpt lat="10.6121873" lon="104.1410770"><ele>-2.4</ele><time>2026-05-02T02:32:17.992Z</time></trkpt>
      <trkpt lat="10.6121847" lon="104.1410891"><ele>-2.3</ele><time>2026-05-02T02:32:18.992Z</time></trkpt>
      <trkpt lat="10.6121831" lon="104.1410981"><ele>-2.0</ele><time>2026-05-02T02:32:19.993Z</time></trkpt>
      <trkpt lat="10.6121925" lon="104.1411116"><ele>-2.2</ele><time>2026-05-02T02:32:24.992Z</time></trkpt>
      <trkpt lat="10.6122004" lon="104.1411201"><ele>-2.2</ele><time>2026-05-02T02:32:25.992Z</time></trkpt>
      <trkpt lat="10.6123954" lon="104.1411168"><ele>-0.8</ele><time>2026-05-02T02:32:39.991Z</time></trkpt>
      <trkpt lat="10.6123954" lon="104.1411168"><ele>0.3</ele><time>2026-05-02T02:32:39.991Z</time></trkpt>
      <trkpt lat="10.6124044" lon="104.1411228"><ele>1.2</ele><time>2026-05-02T02:32:40.992Z</time></trkpt>
      <trkpt lat="10.6124171" lon="104.1411241"><ele>0.7</ele><time>2026-05-02T02:32:41.993Z</time></trkpt>
      <trkpt lat="10.6124278" lon="104.1411239"><ele>-0.1</ele><time>2026-05-02T02:32:42.992Z</time></trkpt>
      <trkpt lat="10.6124387" lon="104.1411266"><ele>-0.4</ele><time>2026-05-02T02:32:43.992Z</time></trkpt>
      <trkpt lat="10.6124441" lon="104.1411274"><ele>-0.6</ele><time>2026-05-02T02:32:44.992Z</time></trkpt>
      <trkpt lat="10.6124587" lon="104.1411252"><ele>-0.3</ele><time>2026-05-02T02:32:45.991Z</time></trkpt>
      <trkpt lat="10.6124720" lon="104.1411257"><ele>-0.2</ele><time>2026-05-02T02:32:46.991Z</time></trkpt>
      <trkpt lat="10.6124858" lon="104.1411285"><ele>0.0</ele><time>2026-05-02T02:32:47.991Z</time></trkpt>
      <trkpt lat="10.6125068" lon="104.1411299"><ele>0.1</ele><time>2026-05-02T02:32:48.992Z</time></trkpt>
      <trkpt lat="10.6125272" lon="104.1411309"><ele>0.2</ele><time>2026-05-02T02:32:49.992Z</time></trkpt>
      <trkpt lat="10.6125471" lon="104.1411280"><ele>0.1</ele><time>2026-05-02T02:32:50.992Z</time></trkpt>
      <trkpt lat="10.6125697" lon="104.1411206"><ele>0.1</ele><time>2026-05-02T02:32:51.992Z</time></trkpt>
      <trkpt lat="10.6125962" lon="104.1411166"><ele>-0.1</ele><time>2026-05-02T02:32:52.993Z</time></trkpt>
      <trkpt lat="10.6126228" lon="104.1411156"><ele>-0.3</ele><time>2026-05-02T02:32:53.992Z</time></trkpt>
      <trkpt lat="10.6126493" lon="104.1411137"><ele>-0.5</ele><time>2026-05-02T02:32:54.992Z</time></trkpt>
      <trkpt lat="10.6126753" lon="104.1411173"><ele>-0.6</ele><time>2026-05-02T02:32:55.992Z</time></trkpt>
      <trkpt lat="10.6126996" lon="104.1411213"><ele>-0.7</ele><time>2026-05-02T02:32:56.993Z</time></trkpt>
      <trkpt lat="10.6127243" lon="104.1411228"><ele>-0.8</ele><time>2026-05-02T02:32:57.991Z</time></trkpt>
      <trkpt lat="10.6127457" lon="104.1411211"><ele>-0.9</ele><time>2026-05-02T02:32:58.992Z</time></trkpt>
      <trkpt lat="10.6127644" lon="104.1411196"><ele>-0.8</ele><time>2026-05-02T02:32:59.993Z</time></trkpt>
      <trkpt lat="10.6127844" lon="104.1411237"><ele>-0.9</ele><time>2026-05-02T02:33:00.993Z</time></trkpt>
      <trkpt lat="10.6128045" lon="104.1411325"><ele>-1.0</ele><time>2026-05-02T02:33:01.992Z</time></trkpt>
      <trkpt lat="10.6128215" lon="104.1411416"><ele>-1.3</ele><time>2026-05-02T02:33:02.993Z</time></trkpt>
      <trkpt lat="10.6128390" lon="104.1411472"><ele>-1.6</ele><time>2026-05-02T02:33:03.992Z</time></trkpt>
      <trkpt lat="10.6128584" lon="104.1411542"><ele>-2.0</ele><time>2026-05-02T02:33:04.992Z</time></trkpt>
      <trkpt lat="10.6128782" lon="104.1411603"><ele>-2.5</ele><time>2026-05-02T02:33:05.993Z</time></trkpt>
      <trkpt lat="10.6129002" lon="104.1411642"><ele>-3.1</ele><time>2026-05-02T02:33:06.992Z</time></trkpt>
      <trkpt lat="10.6129292" lon="104.1411691"><ele>-3.6</ele><time>2026-05-02T02:33:07.992Z</time></trkpt>
      <trkpt lat="10.6129530" lon="104.1411686"><ele>-4.2</ele><time>2026-05-02T02:33:08.992Z</time></trkpt>
      <trkpt lat="10.6129723" lon="104.1411609"><ele>-4.8</ele><time>2026-05-02T02:33:09.992Z</time></trkpt>
      <trkpt lat="10.6129951" lon="104.1411467"><ele>-5.1</ele><time>2026-05-02T02:33:10.993Z</time></trkpt>
      <trkpt lat="10.6130170" lon="104.1411294"><ele>-5.5</ele><time>2026-05-02T02:33:11.991Z</time></trkpt>
      <trkpt lat="10.6130409" lon="104.1411189"><ele>-5.8</ele><time>2026-05-02T02:33:12.993Z</time></trkpt>
      <trkpt lat="10.6130676" lon="104.1411177"><ele>-6.3</ele><time>2026-05-02T02:33:13.992Z</time></trkpt>
      <trkpt lat="10.6130899" lon="104.1411279"><ele>-6.5</ele><time>2026-05-02T02:33:14.992Z</time></trkpt>
      <trkpt lat="10.6131065" lon="104.1411400"><ele>-6.6</ele><time>2026-05-02T02:33:15.993Z</time></trkpt>
      <trkpt lat="10.6131193" lon="104.1411503"><ele>-6.6</ele><time>2026-05-02T02:33:16.992Z</time></trkpt>
      <trkpt lat="10.6131295" lon="104.1411593"><ele>-6.6</ele><time>2026-05-02T02:33:17.992Z</time></trkpt>
      <trkpt lat="10.6131360" lon="104.1411618"><ele>-6.5</ele><time>2026-05-02T02:33:18.992Z</time></trkpt>
      <trkpt lat="10.6147294" lon="104.1405813"><ele>-0.4</ele><time>2026-05-02T02:36:02.082Z</time></trkpt>
      <trkpt lat="10.6147574" lon="104.1405821"><ele>5.3</ele><time>2026-05-02T02:36:02.559Z</time></trkpt>
      <trkpt lat="10.6147689" lon="104.1405746"><ele>8.3</ele><time>2026-05-02T02:36:03.587Z</time></trkpt>
      <trkpt lat="10.6147717" lon="104.1405801"><ele>6.1</ele><time>2026-05-02T02:36:03.992Z</time></trkpt>
      <trkpt lat="10.6147950" lon="104.1405787"><ele>3.6</ele><time>2026-05-02T02:36:04.991Z</time></trkpt>
      <trkpt lat="10.6148115" lon="104.1405724"><ele>3.6</ele><time>2026-05-02T02:36:05.992Z</time></trkpt>
      <trkpt lat="10.6148314" lon="104.1405689"><ele>3.5</ele><time>2026-05-02T02:36:06.992Z</time></trkpt>
      <trkpt lat="10.6148574" lon="104.1405717"><ele>3.2</ele><time>2026-05-02T02:36:07.992Z</time></trkpt>
      <trkpt lat="10.6148875" lon="104.1405761"><ele>3.2</ele><time>2026-05-02T02:36:08.992Z</time></trkpt>
      <trkpt lat="10.6149173" lon="104.1405750"><ele>2.8</ele><time>2026-05-02T02:36:09.992Z</time></trkpt>
      <trkpt lat="10.6149450" lon="104.1405721"><ele>2.7</ele><time>2026-05-02T02:36:10.993Z</time></trkpt>
      <trkpt lat="10.6149735" lon="104.1405726"><ele>2.6</ele><time>2026-05-02T02:36:11.993Z</time></trkpt>
      <trkpt lat="10.6150026" lon="104.1405770"><ele>2.6</ele><time>2026-05-02T02:36:12.992Z</time></trkpt>
      <trkpt lat="10.6150261" lon="104.1405860"><ele>2.6</ele><time>2026-05-02T02:36:13.993Z</time></trkpt>
      <trkpt lat="10.6150578" lon="104.1405931"><ele>2.6</ele><time>2026-05-02T02:36:14.991Z</time></trkpt>
      <trkpt lat="10.6150904" lon="104.1405931"><ele>2.5</ele><time>2026-05-02T02:36:15.992Z</time></trkpt>
      <trkpt lat="10.6151229" lon="104.1405972"><ele>2.8</ele><time>2026-05-02T02:36:16.992Z</time></trkpt>
      <trkpt lat="10.6151517" lon="104.1406049"><ele>3.0</ele><time>2026-05-02T02:36:17.992Z</time></trkpt>
      <trkpt lat="10.6151769" lon="104.1406163"><ele>3.2</ele><time>2026-05-02T02:36:18.992Z</time></trkpt>
      <trkpt lat="10.6152036" lon="104.1406278"><ele>3.2</ele><time>2026-05-02T02:36:19.991Z</time></trkpt>
      <trkpt lat="10.6152291" lon="104.1406378"><ele>3.1</ele><time>2026-05-02T02:36:20.991Z</time></trkpt>
      <trkpt lat="10.6152528" lon="104.1406571"><ele>3.2</ele><time>2026-05-02T02:36:21.992Z</time></trkpt>
      <trkpt lat="10.6152715" lon="104.1406794"><ele>3.1</ele><time>2026-05-02T02:36:22.993Z</time></trkpt>
      <trkpt lat="10.6152936" lon="104.1406973"><ele>3.0</ele><time>2026-05-02T02:36:23.992Z</time></trkpt>
      <trkpt lat="10.6153265" lon="104.1407069"><ele>2.7</ele><time>2026-05-02T02:36:24.992Z</time></trkpt>
      <trkpt lat="10.6153606" lon="104.1407108"><ele>2.6</ele><time>2026-05-02T02:36:25.991Z</time></trkpt>
      <trkpt lat="10.6153908" lon="104.1407095"><ele>2.4</ele><time>2026-05-02T02:36:26.992Z</time></trkpt>
      <trkpt lat="10.6154176" lon="104.1407082"><ele>1.9</ele><time>2026-05-02T02:36:27.991Z</time></trkpt>
      <trkpt lat="10.6154428" lon="104.1407065"><ele>1.4</ele><time>2026-05-02T02:36:28.991Z</time></trkpt>
      <trkpt lat="10.6154659" lon="104.1407018"><ele>1.1</ele><time>2026-05-02T02:36:29.991Z</time></trkpt>
      <trkpt lat="10.6154911" lon="104.1406955"><ele>1.3</ele><time>2026-05-02T02:36:30.990Z</time></trkpt>
      <trkpt lat="10.6155184" lon="104.1406940"><ele>1.6</ele><time>2026-05-02T02:36:31.990Z</time></trkpt>
      <trkpt lat="10.6155448" lon="104.1406883"><ele>1.6</ele><time>2026-05-02T02:36:32.993Z</time></trkpt>
      <trkpt lat="10.6155756" lon="104.1406831"><ele>1.4</ele><time>2026-05-02T02:36:33.991Z</time></trkpt>
      <trkpt lat="10.6156064" lon="104.1406800"><ele>0.9</ele><time>2026-05-02T02:36:34.992Z</time></trkpt>
      <trkpt lat="10.6156374" lon="104.1406690"><ele>0.8</ele><time>2026-05-02T02:36:35.992Z</time></trkpt>
      <trkpt lat="10.6156669" lon="104.1406521"><ele>0.4</ele><time>2026-05-02T02:36:36.993Z</time></trkpt>
      <trkpt lat="10.6156979" lon="104.1406388"><ele>0.4</ele><time>2026-05-02T02:36:37.991Z</time></trkpt>
      <trkpt lat="10.6157314" lon="104.1406243"><ele>0.1</ele><time>2026-05-02T02:36:38.992Z</time></trkpt>
      <trkpt lat="10.6157627" lon="104.1406097"><ele>-0.1</ele><time>2026-05-02T02:36:39.993Z</time></trkpt>
      <trkpt lat="10.6157900" lon="104.1405966"><ele>-0.2</ele><time>2026-05-02T02:36:40.991Z</time></trkpt>
      <trkpt lat="10.6158194" lon="104.1405862"><ele>-0.1</ele><time>2026-05-02T02:36:41.992Z</time></trkpt>
      <trkpt lat="10.6158503" lon="104.1405773"><ele>0.1</ele><time>2026-05-02T02:36:42.992Z</time></trkpt>
      <trkpt lat="10.6158793" lon="104.1405732"><ele>0.3</ele><time>2026-05-02T02:36:43.991Z</time></trkpt>
      <trkpt lat="10.6159100" lon="104.1405699"><ele>0.5</ele><time>2026-05-02T02:36:44.991Z</time></trkpt>
      <trkpt lat="10.6159400" lon="104.1405666"><ele>0.5</ele><time>2026-05-02T02:36:45.991Z</time></trkpt>
      <trkpt lat="10.6159720" lon="104.1405636"><ele>0.6</ele><time>2026-05-02T02:36:46.991Z</time></trkpt>
      <trkpt lat="10.6160015" lon="104.1405581"><ele>0.7</ele><time>2026-05-02T02:36:47.992Z</time></trkpt>
      <trkpt lat="10.6160278" lon="104.1405520"><ele>0.9</ele><time>2026-05-02T02:36:48.992Z</time></trkpt>
      <trkpt lat="10.6160582" lon="104.1405469"><ele>0.9</ele><time>2026-05-02T02:36:49.991Z</time></trkpt>
      <trkpt lat="10.6160918" lon="104.1405433"><ele>1.1</ele><time>2026-05-02T02:36:50.991Z</time></trkpt>
      <trkpt lat="10.6161287" lon="104.1405439"><ele>1.2</ele><time>2026-05-02T02:36:51.991Z</time></trkpt>
      <trkpt lat="10.6161639" lon="104.1405428"><ele>1.2</ele><time>2026-05-02T02:36:52.991Z</time></trkpt>
      <trkpt lat="10.6162005" lon="104.1405400"><ele>1.2</ele><time>2026-05-02T02:36:53.992Z</time></trkpt>
      <trkpt lat="10.6162410" lon="104.1405351"><ele>1.3</ele><time>2026-05-02T02:36:54.992Z</time></trkpt>
      <trkpt lat="10.6162859" lon="104.1405262"><ele>1.2</ele><time>2026-05-02T02:36:55.992Z</time></trkpt>
      <trkpt lat="10.6163290" lon="104.1405140"><ele>0.9</ele><time>2026-05-02T02:36:56.991Z</time></trkpt>
      <trkpt lat="10.6163701" lon="104.1404963"><ele>0.5</ele><time>2026-05-02T02:36:57.993Z</time></trkpt>
      <trkpt lat="10.6164118" lon="104.1404835"><ele>-0.2</ele><time>2026-05-02T02:36:58.992Z</time></trkpt>
      <trkpt lat="10.6164555" lon="104.1404747"><ele>-0.9</ele><time>2026-05-02T02:36:59.992Z</time></trkpt>
      <trkpt lat="10.6165028" lon="104.1404717"><ele>-1.5</ele><time>2026-05-02T02:37:00.993Z</time></trkpt>
      <trkpt lat="10.6165589" lon="104.1404634"><ele>-1.6</ele><time>2026-05-02T02:37:01.991Z</time></trkpt>
      <trkpt lat="10.6166062" lon="104.1404565"><ele>-1.9</ele><time>2026-05-02T02:37:02.992Z</time></trkpt>
      <trkpt lat="10.6166495" lon="104.1404520"><ele>-2.2</ele><time>2026-05-02T02:37:03.991Z</time></trkpt>
      <trkpt lat="10.6166884" lon="104.1404581"><ele>-2.5</ele><time>2026-05-02T02:37:04.991Z</time></trkpt>
      <trkpt lat="10.6167357" lon="104.1404643"><ele>-2.6</ele><time>2026-05-02T02:37:05.991Z</time></trkpt>
      <trkpt lat="10.6167819" lon="104.1404540"><ele>-2.7</ele><time>2026-05-02T02:37:06.990Z</time></trkpt>
      <trkpt lat="10.6168253" lon="104.1404426"><ele>-2.6</ele><time>2026-05-02T02:37:07.991Z</time></trkpt>
      <trkpt lat="10.6168590" lon="104.1404357"><ele>-2.8</ele><time>2026-05-02T02:37:08.992Z</time></trkpt>
      <trkpt lat="10.6169076" lon="104.1404203"><ele>-3.0</ele><time>2026-05-02T02:37:09.991Z</time></trkpt>
      <trkpt lat="10.6169625" lon="104.1404093"><ele>-3.5</ele><time>2026-05-02T02:37:10.991Z</time></trkpt>
      <trkpt lat="10.6170072" lon="104.1404022"><ele>-4.0</ele><time>2026-05-02T02:37:11.992Z</time></trkpt>
      <trkpt lat="10.6170578" lon="104.1403998"><ele>-4.7</ele><time>2026-05-02T02:37:12.993Z</time></trkpt>
      <trkpt lat="10.6171018" lon="104.1403959"><ele>-5.2</ele><time>2026-05-02T02:37:13.991Z</time></trkpt>
      <trkpt lat="10.6171397" lon="104.1403952"><ele>-5.5</ele><time>2026-05-02T02:37:14.992Z</time></trkpt>
      <trkpt lat="10.6171732" lon="104.1403973"><ele>-5.3</ele><time>2026-05-02T02:37:15.993Z</time></trkpt>
      <trkpt lat="10.6172035" lon="104.1403904"><ele>-4.9</ele><time>2026-05-02T02:37:16.991Z</time></trkpt>
      <trkpt lat="10.6172333" lon="104.1403811"><ele>-4.5</ele><time>2026-05-02T02:37:17.992Z</time></trkpt>
      <trkpt lat="10.6172648" lon="104.1403753"><ele>-4.2</ele><time>2026-05-02T02:37:18.992Z</time></trkpt>
      <trkpt lat="10.6172965" lon="104.1403756"><ele>-4.3</ele><time>2026-05-02T02:37:19.991Z</time></trkpt>
      <trkpt lat="10.6173299" lon="104.1403906"><ele>-4.4</ele><time>2026-05-02T02:37:20.992Z</time></trkpt>
      <trkpt lat="10.6173647" lon="104.1404163"><ele>-4.0</ele><time>2026-05-02T02:37:21.992Z</time></trkpt>
      <trkpt lat="10.6174017" lon="104.1404401"><ele>-3.6</ele><time>2026-05-02T02:37:22.991Z</time></trkpt>
      <trkpt lat="10.6174393" lon="104.1404634"><ele>-3.2</ele><time>2026-05-02T02:37:23.990Z</time></trkpt>
      <trkpt lat="10.6174735" lon="104.1404895"><ele>-3.0</ele><time>2026-05-02T02:37:24.991Z</time></trkpt>
      <trkpt lat="10.6175082" lon="104.1405132"><ele>-2.9</ele><time>2026-05-02T02:37:25.992Z</time></trkpt>
      <trkpt lat="10.6175445" lon="104.1405353"><ele>-2.9</ele><time>2026-05-02T02:37:26.991Z</time></trkpt>
      <trkpt lat="10.6175858" lon="104.1405594"><ele>-3.2</ele><time>2026-05-02T02:37:27.991Z</time></trkpt>
      <trkpt lat="10.6176163" lon="104.1405823"><ele>-3.3</ele><time>2026-05-02T02:37:28.990Z</time></trkpt>
      <trkpt lat="10.6176546" lon="104.1406075"><ele>-3.5</ele><time>2026-05-02T02:37:29.991Z</time></trkpt>
      <trkpt lat="10.6176895" lon="104.1406356"><ele>-3.4</ele><time>2026-05-02T02:37:30.991Z</time></trkpt>
      <trkpt lat="10.6177261" lon="104.1406649"><ele>-3.5</ele><time>2026-05-02T02:37:31.991Z</time></trkpt>
      <trkpt lat="10.6177638" lon="104.1406907"><ele>-3.3</ele><time>2026-05-02T02:37:32.991Z</time></trkpt>
      <trkpt lat="10.6177999" lon="104.1407153"><ele>-3.2</ele><time>2026-05-02T02:37:33.991Z</time></trkpt>
      <trkpt lat="10.6178393" lon="104.1407300"><ele>-3.1</ele><time>2026-05-02T02:37:34.991Z</time></trkpt>
      <trkpt lat="10.6178765" lon="104.1407493"><ele>-3.0</ele><time>2026-05-02T02:37:35.991Z</time></trkpt>
      <trkpt lat="10.6179036" lon="104.1407681"><ele>-2.8</ele><time>2026-05-02T02:37:36.992Z</time></trkpt>
      <trkpt lat="10.6179290" lon="104.1407859"><ele>-2.8</ele><time>2026-05-02T02:37:37.991Z</time></trkpt>
      <trkpt lat="10.6179540" lon="104.1408010"><ele>-3.0</ele><time>2026-05-02T02:37:38.991Z</time></trkpt>
      <trkpt lat="10.6179751" lon="104.1408090"><ele>-3.2</ele><time>2026-05-02T02:37:39.991Z</time></trkpt>
      <trkpt lat="10.6179978" lon="104.1408249"><ele>-2.8</ele><time>2026-05-02T02:37:40.991Z</time></trkpt>
      <trkpt lat="10.6180194" lon="104.1408472"><ele>-2.2</ele><time>2026-05-02T02:37:41.992Z</time></trkpt>
      <trkpt lat="10.6180421" lon="104.1408717"><ele>-1.6</ele><time>2026-05-02T02:37:42.992Z</time></trkpt>
      <trkpt lat="10.6180699" lon="104.1408943"><ele>-1.3</ele><time>2026-05-02T02:37:43.991Z</time></trkpt>
      <trkpt lat="10.6180985" lon="104.1409139"><ele>-1.0</ele><time>2026-05-02T02:37:44.992Z</time></trkpt>
      <trkpt lat="10.6181256" lon="104.1409353"><ele>-0.6</ele><time>2026-05-02T02:37:45.992Z</time></trkpt>
      <trkpt lat="10.6181505" lon="104.1409606"><ele>-0.4</ele><time>2026-05-02T02:37:46.991Z</time></trkpt>
      <trkpt lat="10.6181793" lon="104.1409826"><ele>-0.2</ele><time>2026-05-02T02:37:47.992Z</time></trkpt>
      <trkpt lat="10.6182098" lon="104.1410025"><ele>0.1</ele><time>2026-05-02T02:37:48.991Z</time></trkpt>
      <trkpt lat="10.6182378" lon="104.1410282"><ele>0.4</ele><time>2026-05-02T02:37:49.990Z</time></trkpt>
      <trkpt lat="10.6182675" lon="104.1410506"><ele>0.6</ele><time>2026-05-02T02:37:50.991Z</time></trkpt>
      <trkpt lat="10.6182989" lon="104.1410745"><ele>0.4</ele><time>2026-05-02T02:37:51.992Z</time></trkpt>
      <trkpt lat="10.6183253" lon="104.1411002"><ele>0.1</ele><time>2026-05-02T02:37:52.992Z</time></trkpt>
      <trkpt lat="10.6183507" lon="104.1411259"><ele>-0.1</ele><time>2026-05-02T02:37:53.991Z</time></trkpt>
      <trkpt lat="10.6183831" lon="104.1411420"><ele>-0.3</ele><time>2026-05-02T02:37:54.990Z</time></trkpt>
      <trkpt lat="10.6184133" lon="104.1411594"><ele>-0.5</ele><time>2026-05-02T02:37:55.992Z</time></trkpt>
      <trkpt lat="10.6184442" lon="104.1411760"><ele>-0.8</ele><time>2026-05-02T02:37:56.992Z</time></trkpt>
      <trkpt lat="10.6184761" lon="104.1411940"><ele>-1.0</ele><time>2026-05-02T02:37:57.992Z</time></trkpt>
      <trkpt lat="10.6185040" lon="104.1412147"><ele>-1.2</ele><time>2026-05-02T02:37:58.991Z</time></trkpt>
      <trkpt lat="10.6185352" lon="104.1412336"><ele>-1.2</ele><time>2026-05-02T02:37:59.991Z</time></trkpt>
      <trkpt lat="10.6185639" lon="104.1412540"><ele>-1.3</ele><time>2026-05-02T02:38:00.991Z</time></trkpt>
      <trkpt lat="10.6185931" lon="104.1412788"><ele>-1.6</ele><time>2026-05-02T02:38:01.992Z</time></trkpt>
      <trkpt lat="10.6186264" lon="104.1413048"><ele>-1.8</ele><time>2026-05-02T02:38:02.992Z</time></trkpt>
      <trkpt lat="10.6186779" lon="104.1413155"><ele>-1.7</ele><time>2026-05-02T02:38:03.992Z</time></trkpt>
      <trkpt lat="10.6187165" lon="104.1413466"><ele>-1.6</ele><time>2026-05-02T02:38:04.991Z</time></trkpt>
      <trkpt lat="10.6187537" lon="104.1413816"><ele>-1.5</ele><time>2026-05-02T02:38:05.991Z</time></trkpt>
      <trkpt lat="10.6187902" lon="104.1414228"><ele>-1.6</ele><time>2026-05-02T02:38:06.991Z</time></trkpt>
      <trkpt lat="10.6188278" lon="104.1414614"><ele>-1.6</ele><time>2026-05-02T02:38:07.992Z</time></trkpt>
      <trkpt lat="10.6188725" lon="104.1414977"><ele>-1.7</ele><time>2026-05-02T02:38:08.992Z</time></trkpt>
      <trkpt lat="10.6189112" lon="104.1415356"><ele>-1.6</ele><time>2026-05-02T02:38:09.991Z</time></trkpt>
      <trkpt lat="10.6189416" lon="104.1415664"><ele>-1.7</ele><time>2026-05-02T02:38:10.992Z</time></trkpt>
      <trkpt lat="10.6189770" lon="104.1416097"><ele>-1.9</ele><time>2026-05-02T02:38:11.992Z</time></trkpt>
      <trkpt lat="10.6190064" lon="104.1416499"><ele>-2.1</ele><time>2026-05-02T02:38:12.991Z</time></trkpt>
      <trkpt lat="10.6190337" lon="104.1416974"><ele>-2.1</ele><time>2026-05-02T02:38:13.990Z</time></trkpt>
      <trkpt lat="10.6190642" lon="104.1417404"><ele>-2.0</ele><time>2026-05-02T02:38:14.991Z</time></trkpt>
      <trkpt lat="10.6190954" lon="104.1417751"><ele>-1.9</ele><time>2026-05-02T02:38:15.991Z</time></trkpt>
      <trkpt lat="10.6191196" lon="104.1418134"><ele>-2.2</ele><time>2026-05-02T02:38:16.991Z</time></trkpt>
      <trkpt lat="10.6191490" lon="104.1418501"><ele>-2.3</ele><time>2026-05-02T02:38:17.991Z</time></trkpt>
      <trkpt lat="10.6191822" lon="104.1418795"><ele>-2.5</ele><time>2026-05-02T02:38:18.991Z</time></trkpt>
      <trkpt lat="10.6192081" lon="104.1419052"><ele>-2.3</ele><time>2026-05-02T02:38:19.990Z</time></trkpt>
      <trkpt lat="10.6192262" lon="104.1419365"><ele>-2.1</ele><time>2026-05-02T02:38:20.991Z</time></trkpt>
      <trkpt lat="10.6192374" lon="104.1419726"><ele>-1.9</ele><time>2026-05-02T02:38:21.991Z</time></trkpt>
      <trkpt lat="10.6192580" lon="104.1420007"><ele>-1.7</ele><time>2026-05-02T02:38:22.991Z</time></trkpt>
      <trkpt lat="10.6192847" lon="104.1420275"><ele>-1.5</ele><time>2026-05-02T02:38:23.991Z</time></trkpt>
      <trkpt lat="10.6193132" lon="104.1420543"><ele>-1.3</ele><time>2026-05-02T02:38:24.991Z</time></trkpt>
      <trkpt lat="10.6193406" lon="104.1420852"><ele>-1.2</ele><time>2026-05-02T02:38:25.991Z</time></trkpt>
      <trkpt lat="10.6193623" lon="104.1421211"><ele>-1.4</ele><time>2026-05-02T02:38:26.991Z</time></trkpt>
      <trkpt lat="10.6193837" lon="104.1421573"><ele>-1.6</ele><time>2026-05-02T02:38:27.991Z</time></trkpt>
      <trkpt lat="10.6194087" lon="104.1421920"><ele>-1.6</ele><time>2026-05-02T02:38:28.990Z</time></trkpt>
      <trkpt lat="10.6194363" lon="104.1422233"><ele>-1.9</ele><time>2026-05-02T02:38:29.991Z</time></trkpt>
      <trkpt lat="10.6194676" lon="104.1422556"><ele>-2.0</ele><time>2026-05-02T02:38:30.991Z</time></trkpt>
      <trkpt lat="10.6194990" lon="104.1422912"><ele>-2.3</ele><time>2026-05-02T02:38:31.991Z</time></trkpt>
      <trkpt lat="10.6195231" lon="104.1423209"><ele>-2.3</ele><time>2026-05-02T02:38:32.991Z</time></trkpt>
      <trkpt lat="10.6195507" lon="104.1423494"><ele>-2.3</ele><time>2026-05-02T02:38:33.991Z</time></trkpt>
      <trkpt lat="10.6195781" lon="104.1423802"><ele>-2.1</ele><time>2026-05-02T02:38:34.991Z</time></trkpt>
      <trkpt lat="10.6196102" lon="104.1424039"><ele>-2.0</ele><time>2026-05-02T02:38:35.991Z</time></trkpt>
      <trkpt lat="10.6196259" lon="104.1424384"><ele>-2.0</ele><time>2026-05-02T02:38:36.991Z</time></trkpt>
      <trkpt lat="10.6196466" lon="104.1424674"><ele>-1.9</ele><time>2026-05-02T02:38:37.991Z</time></trkpt>
      <trkpt lat="10.6196635" lon="104.1424870"><ele>-1.6</ele><time>2026-05-02T02:38:38.991Z</time></trkpt>
      <trkpt lat="10.6196825" lon="104.1425047"><ele>-1.5</ele><time>2026-05-02T02:38:39.991Z</time></trkpt>
      <trkpt lat="10.6197031" lon="104.1425230"><ele>-1.5</ele><time>2026-05-02T02:38:40.991Z</time></trkpt>
      <trkpt lat="10.6197261" lon="104.1425390"><ele>-1.7</ele><time>2026-05-02T02:38:41.991Z</time></trkpt>
      <trkpt lat="10.6197527" lon="104.1425503"><ele>-1.9</ele><time>2026-05-02T02:38:42.991Z</time></trkpt>
      <trkpt lat="10.6197838" lon="104.1425592"><ele>-2.1</ele><time>2026-05-02T02:38:43.992Z</time></trkpt>
      <trkpt lat="10.6198177" lon="104.1425684"><ele>-2.3</ele><time>2026-05-02T02:38:44.991Z</time></trkpt>
      <trkpt lat="10.6198520" lon="104.1425772"><ele>-2.3</ele><time>2026-05-02T02:38:45.992Z</time></trkpt>
      <trkpt lat="10.6198869" lon="104.1425868"><ele>-2.2</ele><time>2026-05-02T02:38:46.991Z</time></trkpt>
      <trkpt lat="10.6199228" lon="104.1425959"><ele>-2.2</ele><time>2026-05-02T02:38:47.991Z</time></trkpt>
      <trkpt lat="10.6199573" lon="104.1426051"><ele>-2.1</ele><time>2026-05-02T02:38:48.991Z</time></trkpt>
      <trkpt lat="10.6199904" lon="104.1426155"><ele>-2.0</ele><time>2026-05-02T02:38:49.992Z</time></trkpt>
      <trkpt lat="10.6200258" lon="104.1426244"><ele>-1.9</ele><time>2026-05-02T02:38:50.991Z</time></trkpt>
      <trkpt lat="10.6200623" lon="104.1426327"><ele>-2.1</ele><time>2026-05-02T02:38:51.992Z</time></trkpt>
      <trkpt lat="10.6200971" lon="104.1426449"><ele>-2.1</ele><time>2026-05-02T02:38:52.991Z</time></trkpt>
      <trkpt lat="10.6201271" lon="104.1426634"><ele>-2.0</ele><time>2026-05-02T02:38:53.991Z</time></trkpt>
      <trkpt lat="10.6201519" lon="104.1426859"><ele>-1.7</ele><time>2026-05-02T02:38:54.991Z</time></trkpt>
      <trkpt lat="10.6201790" lon="104.1427055"><ele>-1.4</ele><time>2026-05-02T02:38:55.991Z</time></trkpt>
      <trkpt lat="10.6202115" lon="104.1427161"><ele>-1.1</ele><time>2026-05-02T02:38:56.991Z</time></trkpt>
      <trkpt lat="10.6202475" lon="104.1427174"><ele>-1.0</ele><time>2026-05-02T02:38:57.992Z</time></trkpt>
      <trkpt lat="10.6202823" lon="104.1427139"><ele>-1.1</ele><time>2026-05-02T02:38:58.991Z</time></trkpt>
      <trkpt lat="10.6203159" lon="104.1427109"><ele>-1.4</ele><time>2026-05-02T02:38:59.991Z</time></trkpt>
      <trkpt lat="10.6203519" lon="104.1427108"><ele>-1.6</ele><time>2026-05-02T02:39:00.991Z</time></trkpt>
      <trkpt lat="10.6203880" lon="104.1427140"><ele>-1.7</ele><time>2026-05-02T02:39:01.991Z</time></trkpt>
      <trkpt lat="10.6204224" lon="104.1427125"><ele>-1.6</ele><time>2026-05-02T02:39:02.991Z</time></trkpt>
      <trkpt lat="10.6204555" lon="104.1427029"><ele>-1.4</ele><time>2026-05-02T02:39:03.991Z</time></trkpt>
      <trkpt lat="10.6204889" lon="104.1426918"><ele>-1.2</ele><time>2026-05-02T02:39:04.991Z</time></trkpt>
      <trkpt lat="10.6205184" lon="104.1426880"><ele>-1.2</ele><time>2026-05-02T02:39:05.991Z</time></trkpt>
      <trkpt lat="10.6205478" lon="104.1426860"><ele>-1.2</ele><time>2026-05-02T02:39:06.991Z</time></trkpt>
      <trkpt lat="10.6205733" lon="104.1426830"><ele>-1.5</ele><time>2026-05-02T02:39:07.991Z</time></trkpt>
      <trkpt lat="10.6205959" lon="104.1426800"><ele>-1.9</ele><time>2026-05-02T02:39:08.992Z</time></trkpt>
      <trkpt lat="10.6206190" lon="104.1426768"><ele>-2.3</ele><time>2026-05-02T02:39:09.992Z</time></trkpt>
      <trkpt lat="10.6206436" lon="104.1426703"><ele>-2.6</ele><time>2026-05-02T02:39:10.990Z</time></trkpt>
      <trkpt lat="10.6206708" lon="104.1426653"><ele>-2.7</ele><time>2026-05-02T02:39:11.992Z</time></trkpt>
      <trkpt lat="10.6206991" lon="104.1426643"><ele>-2.7</ele><time>2026-05-02T02:39:12.989Z</time></trkpt>
      <trkpt lat="10.6207286" lon="104.1426639"><ele>-2.4</ele><time>2026-05-02T02:39:13.991Z</time></trkpt>
      <trkpt lat="10.6207601" lon="104.1426640"><ele>-2.1</ele><time>2026-05-02T02:39:14.990Z</time></trkpt>
      <trkpt lat="10.6207900" lon="104.1426604"><ele>-1.9</ele><time>2026-05-02T02:39:15.991Z</time></trkpt>
      <trkpt lat="10.6208206" lon="104.1426586"><ele>-1.7</ele><time>2026-05-02T02:39:16.991Z</time></trkpt>
      <trkpt lat="10.6208510" lon="104.1426598"><ele>-1.6</ele><time>2026-05-02T02:39:17.991Z</time></trkpt>
      <trkpt lat="10.6208821" lon="104.1426628"><ele>-1.6</ele><time>2026-05-02T02:39:18.990Z</time></trkpt>
      <trkpt lat="10.6209138" lon="104.1426626"><ele>-1.6</ele><time>2026-05-02T02:39:19.992Z</time></trkpt>
      <trkpt lat="10.6209406" lon="104.1426633"><ele>-1.5</ele><time>2026-05-02T02:39:20.991Z</time></trkpt>
      <trkpt lat="10.6209659" lon="104.1426643"><ele>-1.4</ele><time>2026-05-02T02:39:21.991Z</time></trkpt>
      <trkpt lat="10.6209888" lon="104.1426739"><ele>-1.3</ele><time>2026-05-02T02:39:22.991Z</time></trkpt>
      <trkpt lat="10.6210138" lon="104.1426786"><ele>-1.2</ele><time>2026-05-02T02:39:23.991Z</time></trkpt>
      <trkpt lat="10.6210420" lon="104.1426834"><ele>-1.2</ele><time>2026-05-02T02:39:24.992Z</time></trkpt>
      <trkpt lat="10.6210709" lon="104.1426874"><ele>-1.0</ele><time>2026-05-02T02:39:25.991Z</time></trkpt>
      <trkpt lat="10.6211021" lon="104.1426948"><ele>-0.8</ele><time>2026-05-02T02:39:26.991Z</time></trkpt>
      <trkpt lat="10.6211347" lon="104.1426996"><ele>-0.6</ele><time>2026-05-02T02:39:27.991Z</time></trkpt>
      <trkpt lat="10.6211660" lon="104.1427050"><ele>-0.5</ele><time>2026-05-02T02:39:28.991Z</time></trkpt>
      <trkpt lat="10.6211947" lon="104.1427081"><ele>-0.1</ele><time>2026-05-02T02:39:29.991Z</time></trkpt>
      <trkpt lat="10.6212204" lon="104.1427204"><ele>0.3</ele><time>2026-05-02T02:39:30.991Z</time></trkpt>
      <trkpt lat="10.6212474" lon="104.1427315"><ele>0.5</ele><time>2026-05-02T02:39:31.990Z</time></trkpt>
      <trkpt lat="10.6212747" lon="104.1427411"><ele>0.4</ele><time>2026-05-02T02:39:32.991Z</time></trkpt>
      <trkpt lat="10.6213018" lon="104.1427366"><ele>0.5</ele><time>2026-05-02T02:39:33.991Z</time></trkpt>
      <trkpt lat="10.6213313" lon="104.1427324"><ele>0.8</ele><time>2026-05-02T02:39:34.992Z</time></trkpt>
      <trkpt lat="10.6213581" lon="104.1427400"><ele>1.1</ele><time>2026-05-02T02:39:35.991Z</time></trkpt>
      <trkpt lat="10.6213829" lon="104.1427566"><ele>1.0</ele><time>2026-05-02T02:39:36.991Z</time></trkpt>
      <trkpt lat="10.6213999" lon="104.1427733"><ele>0.9</ele><time>2026-05-02T02:39:37.991Z</time></trkpt>
      <trkpt lat="10.6214196" lon="104.1427844"><ele>0.5</ele><time>2026-05-02T02:39:38.991Z</time></trkpt>
      <trkpt lat="10.6214402" lon="104.1427907"><ele>0.1</ele><time>2026-05-02T02:39:39.991Z</time></trkpt>
      <trkpt lat="10.6214586" lon="104.1427931"><ele>-0.6</ele><time>2026-05-02T02:39:40.991Z</time></trkpt>
      <trkpt lat="10.6214806" lon="104.1427934"><ele>-0.6</ele><time>2026-05-02T02:39:41.991Z</time></trkpt>
      <trkpt lat="10.6215055" lon="104.1427972"><ele>-0.8</ele><time>2026-05-02T02:39:42.991Z</time></trkpt>
      <trkpt lat="10.6215301" lon="104.1428040"><ele>-0.9</ele><time>2026-05-02T02:39:43.991Z</time></trkpt>
      <trkpt lat="10.6215561" lon="104.1428117"><ele>-1.1</ele><time>2026-05-02T02:39:44.992Z</time></trkpt>
      <trkpt lat="10.6215852" lon="104.1428194"><ele>-1.1</ele><time>2026-05-02T02:39:45.990Z</time></trkpt>
      <trkpt lat="10.6216133" lon="104.1428225"><ele>-1.1</ele><time>2026-05-02T02:39:46.990Z</time></trkpt>
      <trkpt lat="10.6216447" lon="104.1428238"><ele>-0.9</ele><time>2026-05-02T02:39:47.991Z</time></trkpt>
      <trkpt lat="10.6216760" lon="104.1428265"><ele>-0.8</ele><time>2026-05-02T02:39:48.991Z</time></trkpt>
      <trkpt lat="10.6217065" lon="104.1428290"><ele>-0.6</ele><time>2026-05-02T02:39:49.991Z</time></trkpt>
      <trkpt lat="10.6217387" lon="104.1428276"><ele>-0.5</ele><time>2026-05-02T02:39:50.991Z</time></trkpt>
      <trkpt lat="10.6217705" lon="104.1428238"><ele>-0.6</ele><time>2026-05-02T02:39:51.990Z</time></trkpt>
      <trkpt lat="10.6218009" lon="104.1428256"><ele>-0.7</ele><time>2026-05-02T02:39:52.991Z</time></trkpt>
      <trkpt lat="10.6218269" lon="104.1428330"><ele>-0.7</ele><time>2026-05-02T02:39:53.992Z</time></trkpt>
      <trkpt lat="10.6218488" lon="104.1428394"><ele>-0.7</ele><time>2026-05-02T02:39:54.992Z</time></trkpt>
      <trkpt lat="10.6218688" lon="104.1428444"><ele>-0.7</ele><time>2026-05-02T02:39:55.991Z</time></trkpt>
      <trkpt lat="10.6218887" lon="104.1428497"><ele>-0.9</ele><time>2026-05-02T02:39:56.991Z</time></trkpt>
      <trkpt lat="10.6219098" lon="104.1428507"><ele>-0.7</ele><time>2026-05-02T02:39:57.991Z</time></trkpt>
      <trkpt lat="10.6219263" lon="104.1428425"><ele>-0.4</ele><time>2026-05-02T02:39:58.991Z</time></trkpt>
      <trkpt lat="10.6219422" lon="104.1428342"><ele>-0.3</ele><time>2026-05-02T02:39:59.992Z</time></trkpt>
      <trkpt lat="10.6219573" lon="104.1428339"><ele>-0.2</ele><time>2026-05-02T02:40:00.991Z</time></trkpt>
      <trkpt lat="10.6219699" lon="104.1428355"><ele>-0.2</ele><time>2026-05-02T02:40:01.989Z</time></trkpt>
      <trkpt lat="10.6219807" lon="104.1428370"><ele>0.1</ele><time>2026-05-02T02:40:02.991Z</time></trkpt>
      <trkpt lat="10.6219913" lon="104.1428395"><ele>0.2</ele><time>2026-05-02T02:40:03.991Z</time></trkpt>
      <trkpt lat="10.6219991" lon="104.1428436"><ele>0.4</ele><time>2026-05-02T02:40:04.990Z</time></trkpt>
      <trkpt lat="10.6220032" lon="104.1428468"><ele>0.4</ele><time>2026-05-02T02:40:05.991Z</time></trkpt>
      <trkpt lat="10.6220196" lon="104.1428568"><ele>0.2</ele><time>2026-05-02T02:40:31.991Z</time></trkpt>
      <trkpt lat="10.6220316" lon="104.1428625"><ele>0.1</ele><time>2026-05-02T02:40:32.991Z</time></trkpt>
      <trkpt lat="10.6220429" lon="104.1428692"><ele>-0.0</ele><time>2026-05-02T02:40:33.991Z</time></trkpt>
      <trkpt lat="10.6220513" lon="104.1428790"><ele>-0.0</ele><time>2026-05-02T02:40:34.991Z</time></trkpt>
      <trkpt lat="10.6220584" lon="104.1428927"><ele>-0.0</ele><time>2026-05-02T02:40:35.992Z</time></trkpt>
      <trkpt lat="10.6220687" lon="104.1429034"><ele>-0.2</ele><time>2026-05-02T02:40:36.991Z</time></trkpt>
      <trkpt lat="10.6220814" lon="104.1429145"><ele>-0.5</ele><time>2026-05-02T02:40:37.990Z</time></trkpt>
      <trkpt lat="10.6220921" lon="104.1429283"><ele>-0.8</ele><time>2026-05-02T02:40:38.990Z</time></trkpt>
      <trkpt lat="10.6221020" lon="104.1429449"><ele>-0.8</ele><time>2026-05-02T02:40:39.990Z</time></trkpt>
      <trkpt lat="10.6221116" lon="104.1429631"><ele>-0.7</ele><time>2026-05-02T02:40:40.990Z</time></trkpt>
      <trkpt lat="10.6221231" lon="104.1429810"><ele>-0.5</ele><time>2026-05-02T02:40:41.991Z</time></trkpt>
      <trkpt lat="10.6221342" lon="104.1429971"><ele>-0.2</ele><time>2026-05-02T02:40:42.991Z</time></trkpt>
      <trkpt lat="10.6221399" lon="104.1430158"><ele>0.1</ele><time>2026-05-02T02:40:43.992Z</time></trkpt>
      <trkpt lat="10.6221435" lon="104.1430334"><ele>0.2</ele><time>2026-05-02T02:40:44.991Z</time></trkpt>
      <trkpt lat="10.6221516" lon="104.1430506"><ele>0.1</ele><time>2026-05-02T02:40:45.991Z</time></trkpt>
      <trkpt lat="10.6221623" lon="104.1430691"><ele>0.0</ele><time>2026-05-02T02:40:46.991Z</time></trkpt>
      <trkpt lat="10.6221740" lon="104.1430875"><ele>0.0</ele><time>2026-05-02T02:40:47.991Z</time></trkpt>
      <trkpt lat="10.6221890" lon="104.1431039"><ele>0.3</ele><time>2026-05-02T02:40:48.990Z</time></trkpt>
      <trkpt lat="10.6222030" lon="104.1431205"><ele>0.5</ele><time>2026-05-02T02:40:49.990Z</time></trkpt>
      <trkpt lat="10.6222133" lon="104.1431382"><ele>0.7</ele><time>2026-05-02T02:40:50.989Z</time></trkpt>
      <trkpt lat="10.6222223" lon="104.1431581"><ele>0.8</ele><time>2026-05-02T02:40:51.991Z</time></trkpt>
      <trkpt lat="10.6222317" lon="104.1431795"><ele>1.0</ele><time>2026-05-02T02:40:52.991Z</time></trkpt>
      <trkpt lat="10.6222419" lon="104.1431979"><ele>1.1</ele><time>2026-05-02T02:40:53.990Z</time></trkpt>
      <trkpt lat="10.6222502" lon="104.1432140"><ele>1.1</ele><time>2026-05-02T02:40:54.991Z</time></trkpt>
      <trkpt lat="10.6222527" lon="104.1432292"><ele>1.2</ele><time>2026-05-02T02:40:55.991Z</time></trkpt>
      <trkpt lat="10.6222555" lon="104.1432431"><ele>1.2</ele><time>2026-05-02T02:40:56.991Z</time></trkpt>
      <trkpt lat="10.6222626" lon="104.1432550"><ele>1.4</ele><time>2026-05-02T02:40:57.990Z</time></trkpt>
      <trkpt lat="10.6222666" lon="104.1432689"><ele>1.4</ele><time>2026-05-02T02:40:58.991Z</time></trkpt>
      <trkpt lat="10.6222605" lon="104.1432817"><ele>1.5</ele><time>2026-05-02T02:40:59.990Z</time></trkpt>
      <trkpt lat="10.6222562" lon="104.1432926"><ele>1.4</ele><time>2026-05-02T02:41:00.991Z</time></trkpt>
      <trkpt lat="10.6222583" lon="104.1433081"><ele>1.3</ele><time>2026-05-02T02:41:01.991Z</time></trkpt>
      <trkpt lat="10.6222586" lon="104.1433255"><ele>1.4</ele><time>2026-05-02T02:41:02.991Z</time></trkpt>
      <trkpt lat="10.6222574" lon="104.1433435"><ele>1.6</ele><time>2026-05-02T02:41:03.990Z</time></trkpt>
      <trkpt lat="10.6222589" lon="104.1433630"><ele>1.6</ele><time>2026-05-02T02:41:04.991Z</time></trkpt>
      <trkpt lat="10.6222604" lon="104.1433856"><ele>1.5</ele><time>2026-05-02T02:41:05.990Z</time></trkpt>
      <trkpt lat="10.6222628" lon="104.1434106"><ele>1.3</ele><time>2026-05-02T02:41:06.990Z</time></trkpt>
      <trkpt lat="10.6222659" lon="104.1434410"><ele>1.2</ele><time>2026-05-02T02:41:07.991Z</time></trkpt>
      <trkpt lat="10.6222671" lon="104.1434688"><ele>1.1</ele><time>2026-05-02T02:41:08.991Z</time></trkpt>
      <trkpt lat="10.6222704" lon="104.1434955"><ele>1.4</ele><time>2026-05-02T02:41:09.991Z</time></trkpt>
      <trkpt lat="10.6222729" lon="104.1435199"><ele>1.5</ele><time>2026-05-02T02:41:10.991Z</time></trkpt>
      <trkpt lat="10.6222765" lon="104.1435450"><ele>1.5</ele><time>2026-05-02T02:41:11.990Z</time></trkpt>
      <trkpt lat="10.6222804" lon="104.1435725"><ele>1.3</ele><time>2026-05-02T02:41:12.990Z</time></trkpt>
      <trkpt lat="10.6222825" lon="104.1435987"><ele>1.2</ele><time>2026-05-02T02:41:13.991Z</time></trkpt>
      <trkpt lat="10.6222817" lon="104.1436225"><ele>1.3</ele><time>2026-05-02T02:41:14.990Z</time></trkpt>
      <trkpt lat="10.6222756" lon="104.1436469"><ele>1.1</ele><time>2026-05-02T02:41:15.991Z</time></trkpt>
      <trkpt lat="10.6222650" lon="104.1436669"><ele>0.9</ele><time>2026-05-02T02:41:16.991Z</time></trkpt>
      <trkpt lat="10.6222599" lon="104.1436887"><ele>0.7</ele><time>2026-05-02T02:41:17.990Z</time></trkpt>
      <trkpt lat="10.6222610" lon="104.1437136"><ele>0.7</ele><time>2026-05-02T02:41:18.991Z</time></trkpt>
      <trkpt lat="10.6222596" lon="104.1437394"><ele>0.6</ele><time>2026-05-02T02:41:19.990Z</time></trkpt>
      <trkpt lat="10.6222595" lon="104.1437637"><ele>0.7</ele><time>2026-05-02T02:41:20.990Z</time></trkpt>
      <trkpt lat="10.6222575" lon="104.1437898"><ele>0.7</ele><time>2026-05-02T02:41:21.991Z</time></trkpt>
      <trkpt lat="10.6222516" lon="104.1438161"><ele>0.7</ele><time>2026-05-02T02:41:22.991Z</time></trkpt>
      <trkpt lat="10.6222522" lon="104.1438408"><ele>0.7</ele><time>2026-05-02T02:41:23.989Z</time></trkpt>
      <trkpt lat="10.6222517" lon="104.1438691"><ele>0.8</ele><time>2026-05-02T02:41:24.991Z</time></trkpt>
      <trkpt lat="10.6222525" lon="104.1438984"><ele>0.9</ele><time>2026-05-02T02:41:25.991Z</time></trkpt>
      <trkpt lat="10.6222453" lon="104.1439285"><ele>1.1</ele><time>2026-05-02T02:41:26.990Z</time></trkpt>
      <trkpt lat="10.6222318" lon="104.1439533"><ele>1.1</ele><time>2026-05-02T02:41:27.991Z</time></trkpt>
      <trkpt lat="10.6222220" lon="104.1439735"><ele>1.0</ele><time>2026-05-02T02:41:28.990Z</time></trkpt>
      <trkpt lat="10.6222120" lon="104.1439924"><ele>0.8</ele><time>2026-05-02T02:41:29.990Z</time></trkpt>
      <trkpt lat="10.6222043" lon="104.1440180"><ele>0.7</ele><time>2026-05-02T02:41:30.990Z</time></trkpt>
      <trkpt lat="10.6222049" lon="104.1440474"><ele>0.7</ele><time>2026-05-02T02:41:31.990Z</time></trkpt>
      <trkpt lat="10.6222075" lon="104.1440797"><ele>0.7</ele><time>2026-05-02T02:41:32.990Z</time></trkpt>
      <trkpt lat="10.6222080" lon="104.1441135"><ele>0.5</ele><time>2026-05-02T02:41:33.991Z</time></trkpt>
      <trkpt lat="10.6222050" lon="104.1441461"><ele>0.3</ele><time>2026-05-02T02:41:34.990Z</time></trkpt>
      <trkpt lat="10.6221959" lon="104.1441789"><ele>0.2</ele><time>2026-05-02T02:41:35.990Z</time></trkpt>
      <trkpt lat="10.6221867" lon="104.1442148"><ele>0.1</ele><time>2026-05-02T02:41:36.990Z</time></trkpt>
      <trkpt lat="10.6221857" lon="104.1442487"><ele>0.2</ele><time>2026-05-02T02:41:37.992Z</time></trkpt>
      <trkpt lat="10.6221909" lon="104.1442834"><ele>0.1</ele><time>2026-05-02T02:41:38.990Z</time></trkpt>
      <trkpt lat="10.6221948" lon="104.1443220"><ele>-0.0</ele><time>2026-05-02T02:41:39.991Z</time></trkpt>
      <trkpt lat="10.6221910" lon="104.1443583"><ele>-0.0</ele><time>2026-05-02T02:41:40.991Z</time></trkpt>
      <trkpt lat="10.6221852" lon="104.1443904"><ele>0.2</ele><time>2026-05-02T02:41:41.990Z</time></trkpt>
      <trkpt lat="10.6221814" lon="104.1444245"><ele>0.5</ele><time>2026-05-02T02:41:42.990Z</time></trkpt>
      <trkpt lat="10.6221772" lon="104.1444602"><ele>0.9</ele><time>2026-05-02T02:41:43.990Z</time></trkpt>
      <trkpt lat="10.6221743" lon="104.1444954"><ele>1.2</ele><time>2026-05-02T02:41:44.991Z</time></trkpt>
      <trkpt lat="10.6221737" lon="104.1445284"><ele>1.5</ele><time>2026-05-02T02:41:45.991Z</time></trkpt>
      <trkpt lat="10.6221713" lon="104.1445628"><ele>1.6</ele><time>2026-05-02T02:41:46.991Z</time></trkpt>
      <trkpt lat="10.6221593" lon="104.1445967"><ele>1.7</ele><time>2026-05-02T02:41:47.990Z</time></trkpt>
      <trkpt lat="10.6221443" lon="104.1446268"><ele>1.6</ele><time>2026-05-02T02:41:48.991Z</time></trkpt>
      <trkpt lat="10.6221323" lon="104.1446567"><ele>1.4</ele><time>2026-05-02T02:41:49.990Z</time></trkpt>
      <trkpt lat="10.6221225" lon="104.1446852"><ele>1.1</ele><time>2026-05-02T02:41:50.990Z</time></trkpt>
      <trkpt lat="10.6221216" lon="104.1447147"><ele>1.1</ele><time>2026-05-02T02:41:51.990Z</time></trkpt>
      <trkpt lat="10.6221326" lon="104.1447445"><ele>1.2</ele><time>2026-05-02T02:41:52.991Z</time></trkpt>
      <trkpt lat="10.6221394" lon="104.1447754"><ele>1.3</ele><time>2026-05-02T02:41:53.991Z</time></trkpt>
      <trkpt lat="10.6221370" lon="104.1448103"><ele>1.5</ele><time>2026-05-02T02:41:54.990Z</time></trkpt>
      <trkpt lat="10.6221267" lon="104.1448450"><ele>1.5</ele><time>2026-05-02T02:41:55.991Z</time></trkpt>
      <trkpt lat="10.6221171" lon="104.1448781"><ele>1.6</ele><time>2026-05-02T02:41:56.990Z</time></trkpt>
      <trkpt lat="10.6221117" lon="104.1449100"><ele>1.5</ele><time>2026-05-02T02:41:57.990Z</time></trkpt>
      <trkpt lat="10.6221124" lon="104.1449425"><ele>1.7</ele><time>2026-05-02T02:41:58.990Z</time></trkpt>
      <trkpt lat="10.6221143" lon="104.1449741"><ele>1.7</ele><time>2026-05-02T02:41:59.991Z</time></trkpt>
      <trkpt lat="10.6221126" lon="104.1450044"><ele>1.9</ele><time>2026-05-02T02:42:00.990Z</time></trkpt>
      <trkpt lat="10.6221093" lon="104.1450323"><ele>2.0</ele><time>2026-05-02T02:42:01.991Z</time></trkpt>
      <trkpt lat="10.6221063" lon="104.1450599"><ele>2.2</ele><time>2026-05-02T02:42:02.992Z</time></trkpt>
      <trkpt lat="10.6221048" lon="104.1450885"><ele>2.3</ele><time>2026-05-02T02:42:03.990Z</time></trkpt>
      <trkpt lat="10.6221053" lon="104.1451164"><ele>2.4</ele><time>2026-05-02T02:42:04.991Z</time></trkpt>
      <trkpt lat="10.6221103" lon="104.1451406"><ele>2.5</ele><time>2026-05-02T02:42:05.990Z</time></trkpt>
      <trkpt lat="10.6221069" lon="104.1451649"><ele>2.8</ele><time>2026-05-02T02:42:06.990Z</time></trkpt>
      <trkpt lat="10.6220940" lon="104.1451863"><ele>2.9</ele><time>2026-05-02T02:42:07.990Z</time></trkpt>
      <trkpt lat="10.6220862" lon="104.1452113"><ele>3.1</ele><time>2026-05-02T02:42:08.991Z</time></trkpt>
      <trkpt lat="10.6220860" lon="104.1452382"><ele>3.2</ele><time>2026-05-02T02:42:09.991Z</time></trkpt>
      <trkpt lat="10.6220847" lon="104.1452648"><ele>3.2</ele><time>2026-05-02T02:42:10.990Z</time></trkpt>
      <trkpt lat="10.6220849" lon="104.1452936"><ele>3.0</ele><time>2026-05-02T02:42:11.990Z</time></trkpt>
      <trkpt lat="10.6220840" lon="104.1453221"><ele>2.8</ele><time>2026-05-02T02:42:12.990Z</time></trkpt>
      <trkpt lat="10.6220796" lon="104.1453492"><ele>2.8</ele><time>2026-05-02T02:42:13.990Z</time></trkpt>
      <trkpt lat="10.6220748" lon="104.1453739"><ele>3.0</ele><time>2026-05-02T02:42:14.990Z</time></trkpt>
      <trkpt lat="10.6220715" lon="104.1453983"><ele>3.1</ele><time>2026-05-02T02:42:15.989Z</time></trkpt>
      <trkpt lat="10.6220678" lon="104.1454247"><ele>2.8</ele><time>2026-05-02T02:42:16.991Z</time></trkpt>
      <trkpt lat="10.6220608" lon="104.1454491"><ele>2.6</ele><time>2026-05-02T02:42:17.992Z</time></trkpt>
      <trkpt lat="10.6220551" lon="104.1454738"><ele>2.5</ele><time>2026-05-02T02:42:18.991Z</time></trkpt>
      <trkpt lat="10.6220500" lon="104.1454961"><ele>2.5</ele><time>2026-05-02T02:42:19.991Z</time></trkpt>
      <trkpt lat="10.6220481" lon="104.1455184"><ele>2.4</ele><time>2026-05-02T02:42:20.990Z</time></trkpt>
      <trkpt lat="10.6220486" lon="104.1455440"><ele>2.4</ele><time>2026-05-02T02:42:21.991Z</time></trkpt>
      <trkpt lat="10.6220447" lon="104.1455677"><ele>2.3</ele><time>2026-05-02T02:42:22.989Z</time></trkpt>
      <trkpt lat="10.6220401" lon="104.1455918"><ele>2.3</ele><time>2026-05-02T02:42:23.992Z</time></trkpt>
      <trkpt lat="10.6220375" lon="104.1456208"><ele>2.1</ele><time>2026-05-02T02:42:24.991Z</time></trkpt>
      <trkpt lat="10.6220334" lon="104.1456486"><ele>1.9</ele><time>2026-05-02T02:42:25.991Z</time></trkpt>
      <trkpt lat="10.6220276" lon="104.1456756"><ele>1.8</ele><time>2026-05-02T02:42:26.991Z</time></trkpt>
      <trkpt lat="10.6220212" lon="104.1457020"><ele>1.7</ele><time>2026-05-02T02:42:27.991Z</time></trkpt>
      <trkpt lat="10.6220175" lon="104.1457272"><ele>1.8</ele><time>2026-05-02T02:42:28.989Z</time></trkpt>
      <trkpt lat="10.6220159" lon="104.1457502"><ele>1.9</ele><time>2026-05-02T02:42:29.991Z</time></trkpt>
      <trkpt lat="10.6220141" lon="104.1457718"><ele>2.0</ele><time>2026-05-02T02:42:30.989Z</time></trkpt>
      <trkpt lat="10.6220165" lon="104.1457940"><ele>2.0</ele><time>2026-05-02T02:42:31.990Z</time></trkpt>
      <trkpt lat="10.6220181" lon="104.1458170"><ele>2.0</ele><time>2026-05-02T02:42:32.990Z</time></trkpt>
      <trkpt lat="10.6220156" lon="104.1458355"><ele>2.1</ele><time>2026-05-02T02:42:33.991Z</time></trkpt>
      <trkpt lat="10.6220119" lon="104.1458542"><ele>2.1</ele><time>2026-05-02T02:42:34.990Z</time></trkpt>
      <trkpt lat="10.6220107" lon="104.1458733"><ele>2.1</ele><time>2026-05-02T02:42:35.990Z</time></trkpt>
      <trkpt lat="10.6220112" lon="104.1458899"><ele>1.8</ele><time>2026-05-02T02:42:36.990Z</time></trkpt>
      <trkpt lat="10.6220104" lon="104.1459091"><ele>1.7</ele><time>2026-05-02T02:42:37.991Z</time></trkpt>
      <trkpt lat="10.6220116" lon="104.1459347"><ele>1.7</ele><time>2026-05-02T02:42:38.991Z</time></trkpt>
      <trkpt lat="10.6220138" lon="104.1459642"><ele>1.9</ele><time>2026-05-02T02:42:39.989Z</time></trkpt>
      <trkpt lat="10.6220163" lon="104.1459958"><ele>1.8</ele><time>2026-05-02T02:42:40.990Z</time></trkpt>
      <trkpt lat="10.6220173" lon="104.1460270"><ele>1.7</ele><time>2026-05-02T02:42:41.989Z</time></trkpt>
      <trkpt lat="10.6220192" lon="104.1460580"><ele>1.3</ele><time>2026-05-02T02:42:42.990Z</time></trkpt>
      <trkpt lat="10.6220195" lon="104.1460885"><ele>1.0</ele><time>2026-05-02T02:42:43.992Z</time></trkpt>
      <trkpt lat="10.6220200" lon="104.1461187"><ele>0.8</ele><time>2026-05-02T02:42:44.989Z</time></trkpt>
      <trkpt lat="10.6220250" lon="104.1461501"><ele>0.7</ele><time>2026-05-02T02:42:45.991Z</time></trkpt>
      <trkpt lat="10.6220320" lon="104.1461818"><ele>0.5</ele><time>2026-05-02T02:42:46.989Z</time></trkpt>
      <trkpt lat="10.6220398" lon="104.1462153"><ele>0.3</ele><time>2026-05-02T02:42:47.990Z</time></trkpt>
      <trkpt lat="10.6220449" lon="104.1462477"><ele>0.3</ele><time>2026-05-02T02:42:48.990Z</time></trkpt>
      <trkpt lat="10.6220512" lon="104.1462762"><ele>0.4</ele><time>2026-05-02T02:42:49.990Z</time></trkpt>
      <trkpt lat="10.6220420" lon="104.1462999"><ele>0.6</ele><time>2026-05-02T02:42:50.990Z</time></trkpt>
      <trkpt lat="10.6220286" lon="104.1463232"><ele>0.9</ele><time>2026-05-02T02:42:51.989Z</time></trkpt>
      <trkpt lat="10.6220230" lon="104.1463502"><ele>1.0</ele><time>2026-05-02T02:42:52.990Z</time></trkpt>
      <trkpt lat="10.6220287" lon="104.1463800"><ele>1.1</ele><time>2026-05-02T02:42:53.990Z</time></trkpt>
      <trkpt lat="10.6220381" lon="104.1464059"><ele>0.9</ele><time>2026-05-02T02:42:54.991Z</time></trkpt>
      <trkpt lat="10.6220504" lon="104.1464338"><ele>0.8</ele><time>2026-05-02T02:42:55.992Z</time></trkpt>
      <trkpt lat="10.6220654" lon="104.1464606"><ele>0.6</ele><time>2026-05-02T02:42:56.989Z</time></trkpt>
      <trkpt lat="10.6220790" lon="104.1464881"><ele>0.5</ele><time>2026-05-02T02:42:57.992Z</time></trkpt>
      <trkpt lat="10.6220897" lon="104.1465163"><ele>0.3</ele><time>2026-05-02T02:42:58.990Z</time></trkpt>
      <trkpt lat="10.6221001" lon="104.1465470"><ele>0.0</ele><time>2026-05-02T02:42:59.990Z</time></trkpt>
      <trkpt lat="10.6221111" lon="104.1465789"><ele>0.1</ele><time>2026-05-02T02:43:00.990Z</time></trkpt>
      <trkpt lat="10.6221244" lon="104.1466107"><ele>0.2</ele><time>2026-05-02T02:43:01.991Z</time></trkpt>
      <trkpt lat="10.6221316" lon="104.1466440"><ele>0.2</ele><time>2026-05-02T02:43:02.989Z</time></trkpt>
      <trkpt lat="10.6221332" lon="104.1466789"><ele>0.1</ele><time>2026-05-02T02:43:03.991Z</time></trkpt>
      <trkpt lat="10.6221390" lon="104.1467153"><ele>-0.2</ele><time>2026-05-02T02:43:04.990Z</time></trkpt>
      <trkpt lat="10.6221459" lon="104.1467521"><ele>-0.4</ele><time>2026-05-02T02:43:05.990Z</time></trkpt>
      <trkpt lat="10.6221555" lon="104.1467873"><ele>-0.5</ele><time>2026-05-02T02:43:06.991Z</time></trkpt>
      <trkpt lat="10.6221684" lon="104.1468227"><ele>-0.5</ele><time>2026-05-02T02:43:07.992Z</time></trkpt>
      <trkpt lat="10.6221822" lon="104.1468581"><ele>-0.5</ele><time>2026-05-02T02:43:08.991Z</time></trkpt>
      <trkpt lat="10.6221944" lon="104.1468889"><ele>-0.5</ele><time>2026-05-02T02:43:09.990Z</time></trkpt>
      <trkpt lat="10.6221998" lon="104.1469189"><ele>-0.5</ele><time>2026-05-02T02:43:10.991Z</time></trkpt>
      <trkpt lat="10.6222036" lon="104.1469486"><ele>-0.6</ele><time>2026-05-02T02:43:11.990Z</time></trkpt>
      <trkpt lat="10.6222141" lon="104.1469763"><ele>-0.4</ele><time>2026-05-02T02:43:12.990Z</time></trkpt>
      <trkpt lat="10.6222279" lon="104.1470043"><ele>-0.2</ele><time>2026-05-02T02:43:13.990Z</time></trkpt>
      <trkpt lat="10.6222459" lon="104.1470300"><ele>0.0</ele><time>2026-05-02T02:43:14.991Z</time></trkpt>
      <trkpt lat="10.6222655" lon="104.1470536"><ele>0.1</ele><time>2026-05-02T02:43:15.990Z</time></trkpt>
      <trkpt lat="10.6222852" lon="104.1470763"><ele>0.3</ele><time>2026-05-02T02:43:16.990Z</time></trkpt>
      <trkpt lat="10.6223077" lon="104.1470952"><ele>0.5</ele><time>2026-05-02T02:43:17.989Z</time></trkpt>
      <trkpt lat="10.6223309" lon="104.1471105"><ele>0.8</ele><time>2026-05-02T02:43:18.990Z</time></trkpt>
      <trkpt lat="10.6223559" lon="104.1471295"><ele>0.9</ele><time>2026-05-02T02:43:19.991Z</time></trkpt>
      <trkpt lat="10.6223833" lon="104.1471487"><ele>0.9</ele><time>2026-05-02T02:43:20.990Z</time></trkpt>
      <trkpt lat="10.6224146" lon="104.1471684"><ele>0.7</ele><time>2026-05-02T02:43:21.991Z</time></trkpt>
      <trkpt lat="10.6224465" lon="104.1471902"><ele>0.6</ele><time>2026-05-02T02:43:22.991Z</time></trkpt>
      <trkpt lat="10.6224746" lon="104.1472120"><ele>0.7</ele><time>2026-05-02T02:43:23.990Z</time></trkpt>
      <trkpt lat="10.6225002" lon="104.1472352"><ele>0.9</ele><time>2026-05-02T02:43:24.990Z</time></trkpt>
      <trkpt lat="10.6225265" lon="104.1472609"><ele>0.9</ele><time>2026-05-02T02:43:25.989Z</time></trkpt>
      <trkpt lat="10.6225549" lon="104.1472862"><ele>0.9</ele><time>2026-05-02T02:43:26.990Z</time></trkpt>
      <trkpt lat="10.6225862" lon="104.1473085"><ele>0.7</ele><time>2026-05-02T02:43:27.991Z</time></trkpt>
      <trkpt lat="10.6226183" lon="104.1473314"><ele>0.5</ele><time>2026-05-02T02:43:28.991Z</time></trkpt>
      <trkpt lat="10.6226487" lon="104.1473570"><ele>0.3</ele><time>2026-05-02T02:43:29.991Z</time></trkpt>
      <trkpt lat="10.6226771" lon="104.1473838"><ele>0.2</ele><time>2026-05-02T02:43:30.990Z</time></trkpt>
      <trkpt lat="10.6227077" lon="104.1474066"><ele>0.1</ele><time>2026-05-02T02:43:31.990Z</time></trkpt>
      <trkpt lat="10.6227394" lon="104.1474267"><ele>-0.0</ele><time>2026-05-02T02:43:32.991Z</time></trkpt>
      <trkpt lat="10.6227685" lon="104.1474486"><ele>-0.2</ele><time>2026-05-02T02:43:33.991Z</time></trkpt>
      <trkpt lat="10.6227926" lon="104.1474758"><ele>-0.3</ele><time>2026-05-02T02:43:34.990Z</time></trkpt>
      <trkpt lat="10.6228102" lon="104.1475010"><ele>-0.1</ele><time>2026-05-02T02:43:35.991Z</time></trkpt>
      <trkpt lat="10.6228316" lon="104.1475239"><ele>-0.0</ele><time>2026-05-02T02:43:36.990Z</time></trkpt>
      <trkpt lat="10.6228558" lon="104.1475429"><ele>0.0</ele><time>2026-05-02T02:43:37.989Z</time></trkpt>
      <trkpt lat="10.6228744" lon="104.1475570"><ele>0.0</ele><time>2026-05-02T02:43:38.990Z</time></trkpt>
      <trkpt lat="10.6228906" lon="104.1475720"><ele>-0.0</ele><time>2026-05-02T02:43:39.990Z</time></trkpt>
      <trkpt lat="10.6229155" lon="104.1475904"><ele>-0.0</ele><time>2026-05-02T02:43:40.991Z</time></trkpt>
      <trkpt lat="10.6229176" lon="104.1475927"><ele>-0.1</ele><time>2026-05-02T02:43:41.122Z</time></trkpt>
      <trkpt lat="10.6229327" lon="104.1476085"><ele>-0.0</ele><time>2026-05-02T02:43:42.002Z</time></trkpt>
      <trkpt lat="10.6229393" lon="104.1476126"><ele>-0.0</ele><time>2026-05-02T02:43:42.421Z</time></trkpt>
      <trkpt lat="10.6229460" lon="104.1476132"><ele>0.1</ele><time>2026-05-02T02:43:42.990Z</time></trkpt>
      <trkpt lat="10.6229542" lon="104.1476124"><ele>0.2</ele><time>2026-05-02T02:43:43.991Z</time></trkpt>
      <trkpt lat="10.6229560" lon="104.1476109"><ele>0.4</ele><time>2026-05-02T02:43:44.615Z</time></trkpt>
      <trkpt lat="10.6229585" lon="104.1476098"><ele>0.4</ele><time>2026-05-02T02:43:44.991Z</time></trkpt>
      <trkpt lat="10.6229586" lon="104.1476098"><ele>0.3</ele><time>2026-05-02T02:43:45.990Z</time></trkpt>
      <trkpt lat="10.6229564" lon="104.1476024"><ele>1.0</ele><time>2026-05-02T02:43:51.991Z</time></trkpt>
      <trkpt lat="10.6229600" lon="104.1475956"><ele>1.0</ele><time>2026-05-02T02:43:52.354Z</time></trkpt>
      <trkpt lat="10.6229603" lon="104.1475852"><ele>1.1</ele><time>2026-05-02T02:43:52.990Z</time></trkpt>
      <trkpt lat="10.6229590" lon="104.1475760"><ele>1.1</ele><time>2026-05-02T02:43:53.991Z</time></trkpt>
      <trkpt lat="10.6229609" lon="104.1475658"><ele>1.0</ele><time>2026-05-02T02:43:54.990Z</time></trkpt>
      <trkpt lat="10.6229622" lon="104.1475643"><ele>1.0</ele><time>2026-05-02T02:43:55.102Z</time></trkpt>
      <trkpt lat="10.6229661" lon="104.1475585"><ele>0.9</ele><time>2026-05-02T02:43:55.835Z</time></trkpt>
      <trkpt lat="10.6229700" lon="104.1475572"><ele>1.0</ele><time>2026-05-02T02:43:55.990Z</time></trkpt>
      <trkpt lat="10.6229809" lon="104.1475495"><ele>0.9</ele><time>2026-05-02T02:43:56.990Z</time></trkpt>
      <trkpt lat="10.6229848" lon="104.1475431"><ele>0.9</ele><time>2026-05-02T02:43:57.799Z</time></trkpt>
      <trkpt lat="10.6229855" lon="104.1475417"><ele>1.0</ele><time>2026-05-02T02:43:57.990Z</time></trkpt>
      <trkpt lat="10.6229861" lon="104.1475387"><ele>1.1</ele><time>2026-05-02T02:43:58.990Z</time></trkpt>
      <trkpt lat="10.6229734" lon="104.1475234"><ele>3.1</ele><time>2026-05-02T02:52:10.988Z</time></trkpt>
      <trkpt lat="10.6229736" lon="104.1475173"><ele>3.1</ele><time>2026-05-02T02:52:11.989Z</time></trkpt>
      <trkpt lat="10.6229737" lon="104.1475129"><ele>3.3</ele><time>2026-05-02T02:52:12.988Z</time></trkpt>
      <trkpt lat="10.6229765" lon="104.1475047"><ele>3.4</ele><time>2026-05-02T02:52:13.989Z</time></trkpt>
      <trkpt lat="10.6229808" lon="104.1474916"><ele>3.2</ele><time>2026-05-02T02:52:14.988Z</time></trkpt>
      <trkpt lat="10.6229891" lon="104.1474778"><ele>3.2</ele><time>2026-05-02T02:52:15.988Z</time></trkpt>
      <trkpt lat="10.6229947" lon="104.1474661"><ele>3.3</ele><time>2026-05-02T02:52:16.987Z</time></trkpt>
      <trkpt lat="10.6229961" lon="104.1474571"><ele>3.3</ele><time>2026-05-02T02:52:17.989Z</time></trkpt>
      <trkpt lat="10.6229981" lon="104.1474464"><ele>3.2</ele><time>2026-05-02T02:52:18.987Z</time></trkpt>
      <trkpt lat="10.6230015" lon="104.1474327"><ele>3.2</ele><time>2026-05-02T02:52:19.988Z</time></trkpt>
      <trkpt lat="10.6230056" lon="104.1474189"><ele>3.3</ele><time>2026-05-02T02:52:20.988Z</time></trkpt>
      <trkpt lat="10.6230124" lon="104.1474054"><ele>3.6</ele><time>2026-05-02T02:52:21.988Z</time></trkpt>
      <trkpt lat="10.6230197" lon="104.1473945"><ele>3.8</ele><time>2026-05-02T02:52:22.990Z</time></trkpt>
      <trkpt lat="10.6230265" lon="104.1473849"><ele>3.9</ele><time>2026-05-02T02:52:23.989Z</time></trkpt>
      <trkpt lat="10.6230334" lon="104.1473739"><ele>3.8</ele><time>2026-05-02T02:52:24.987Z</time></trkpt>
      <trkpt lat="10.6230429" lon="104.1473644"><ele>3.6</ele><time>2026-05-02T02:52:25.990Z</time></trkpt>
      <trkpt lat="10.6230564" lon="104.1473532"><ele>3.4</ele><time>2026-05-02T02:52:26.989Z</time></trkpt>
      <trkpt lat="10.6230742" lon="104.1473418"><ele>3.3</ele><time>2026-05-02T02:52:27.989Z</time></trkpt>
      <trkpt lat="10.6230949" lon="104.1473360"><ele>3.3</ele><time>2026-05-02T02:52:28.988Z</time></trkpt>
      <trkpt lat="10.6231170" lon="104.1473346"><ele>3.3</ele><time>2026-05-02T02:52:29.988Z</time></trkpt>
      <trkpt lat="10.6231423" lon="104.1473305"><ele>3.2</ele><time>2026-05-02T02:52:30.989Z</time></trkpt>
      <trkpt lat="10.6231702" lon="104.1473248"><ele>3.1</ele><time>2026-05-02T02:52:31.988Z</time></trkpt>
      <trkpt lat="10.6231971" lon="104.1473176"><ele>3.0</ele><time>2026-05-02T02:52:32.989Z</time></trkpt>
      <trkpt lat="10.6232249" lon="104.1473105"><ele>2.9</ele><time>2026-05-02T02:52:33.988Z</time></trkpt>
      <trkpt lat="10.6232537" lon="104.1473049"><ele>2.7</ele><time>2026-05-02T02:52:34.989Z</time></trkpt>
      <trkpt lat="10.6232831" lon="104.1473037"><ele>2.6</ele><time>2026-05-02T02:52:35.988Z</time></trkpt>
      <trkpt lat="10.6233120" lon="104.1473039"><ele>2.7</ele><time>2026-05-02T02:52:36.989Z</time></trkpt>
      <trkpt lat="10.6233414" lon="104.1472994"><ele>2.8</ele><time>2026-05-02T02:52:37.988Z</time></trkpt>
      <trkpt lat="10.6233708" lon="104.1472951"><ele>2.5</ele><time>2026-05-02T02:52:38.989Z</time></trkpt>
      <trkpt lat="10.6233975" lon="104.1472943"><ele>2.3</ele><time>2026-05-02T02:52:39.988Z</time></trkpt>
      <trkpt lat="10.6234211" lon="104.1472919"><ele>2.1</ele><time>2026-05-02T02:52:40.989Z</time></trkpt>
      <trkpt lat="10.6234483" lon="104.1472909"><ele>2.4</ele><time>2026-05-02T02:52:41.989Z</time></trkpt>
      <trkpt lat="10.6234764" lon="104.1472926"><ele>2.7</ele><time>2026-05-02T02:52:42.987Z</time></trkpt>
      <trkpt lat="10.6235034" lon="104.1472972"><ele>2.9</ele><time>2026-05-02T02:52:43.988Z</time></trkpt>
      <trkpt lat="10.6235349" lon="104.1473013"><ele>3.0</ele><time>2026-05-02T02:52:44.988Z</time></trkpt>
      <trkpt lat="10.6235680" lon="104.1473041"><ele>3.0</ele><time>2026-05-02T02:52:45.989Z</time></trkpt>
      <trkpt lat="10.6236016" lon="104.1473040"><ele>3.1</ele><time>2026-05-02T02:52:46.989Z</time></trkpt>
      <trkpt lat="10.6236362" lon="104.1473013"><ele>2.8</ele><time>2026-05-02T02:52:47.989Z</time></trkpt>
      <trkpt lat="10.6236723" lon="104.1472994"><ele>2.3</ele><time>2026-05-02T02:52:48.987Z</time></trkpt>
      <trkpt lat="10.6237123" lon="104.1472977"><ele>1.8</ele><time>2026-05-02T02:52:49.989Z</time></trkpt>
      <trkpt lat="10.6237545" lon="104.1472959"><ele>1.9</ele><time>2026-05-02T02:52:50.987Z</time></trkpt>
      <trkpt lat="10.6237914" lon="104.1472916"><ele>2.0</ele><time>2026-05-02T02:52:51.989Z</time></trkpt>
      <trkpt lat="10.6238267" lon="104.1472809"><ele>1.9</ele><time>2026-05-02T02:52:52.988Z</time></trkpt>
      <trkpt lat="10.6238627" lon="104.1472674"><ele>1.3</ele><time>2026-05-02T02:52:53.988Z</time></trkpt>
      <trkpt lat="10.6238931" lon="104.1472525"><ele>0.8</ele><time>2026-05-02T02:52:54.987Z</time></trkpt>
      <trkpt lat="10.6239242" lon="104.1472393"><ele>0.5</ele><time>2026-05-02T02:52:55.989Z</time></trkpt>
      <trkpt lat="10.6239550" lon="104.1472290"><ele>0.5</ele><time>2026-05-02T02:52:56.988Z</time></trkpt>
      <trkpt lat="10.6239873" lon="104.1472169"><ele>0.2</ele><time>2026-05-02T02:52:57.989Z</time></trkpt>
      <trkpt lat="10.6240227" lon="104.1472065"><ele>-0.1</ele><time>2026-05-02T02:52:58.988Z</time></trkpt>
      <trkpt lat="10.6240602" lon="104.1471950"><ele>-0.3</ele><time>2026-05-02T02:52:59.988Z</time></trkpt>
      <trkpt lat="10.6240944" lon="104.1471815"><ele>-0.4</ele><time>2026-05-02T02:53:00.988Z</time></trkpt>
      <trkpt lat="10.6241269" lon="104.1471693"><ele>-0.6</ele><time>2026-05-02T02:53:01.988Z</time></trkpt>
      <trkpt lat="10.6241558" lon="104.1471601"><ele>-0.9</ele><time>2026-05-02T02:53:02.988Z</time></trkpt>
      <trkpt lat="10.6241831" lon="104.1471526"><ele>-1.3</ele><time>2026-05-02T02:53:03.990Z</time></trkpt>
      <trkpt lat="10.6242117" lon="104.1471416"><ele>-1.4</ele><time>2026-05-02T02:53:04.989Z</time></trkpt>
      <trkpt lat="10.6242397" lon="104.1471276"><ele>-1.9</ele><time>2026-05-02T02:53:05.988Z</time></trkpt>
      <trkpt lat="10.6242693" lon="104.1471149"><ele>-2.0</ele><time>2026-05-02T02:53:06.988Z</time></trkpt>
      <trkpt lat="10.6242993" lon="104.1471005"><ele>-2.3</ele><time>2026-05-02T02:53:07.988Z</time></trkpt>
      <trkpt lat="10.6243297" lon="104.1470857"><ele>-2.4</ele><time>2026-05-02T02:53:08.989Z</time></trkpt>
      <trkpt lat="10.6243602" lon="104.1470693"><ele>-2.7</ele><time>2026-05-02T02:53:09.988Z</time></trkpt>
      <trkpt lat="10.6243940" lon="104.1470543"><ele>-2.7</ele><time>2026-05-02T02:53:10.989Z</time></trkpt>
      <trkpt lat="10.6244276" lon="104.1470393"><ele>-2.6</ele><time>2026-05-02T02:53:11.988Z</time></trkpt>
      <trkpt lat="10.6244607" lon="104.1470228"><ele>-2.5</ele><time>2026-05-02T02:53:12.989Z</time></trkpt>
      <trkpt lat="10.6244896" lon="104.1470064"><ele>-2.0</ele><time>2026-05-02T02:53:13.988Z</time></trkpt>
      <trkpt lat="10.6245157" lon="104.1469883"><ele>-1.6</ele><time>2026-05-02T02:53:14.989Z</time></trkpt>
      <trkpt lat="10.6245464" lon="104.1469675"><ele>-1.3</ele><time>2026-05-02T02:53:15.988Z</time></trkpt>
      <trkpt lat="10.6245794" lon="104.1469499"><ele>-1.3</ele><time>2026-05-02T02:53:16.988Z</time></trkpt>
      <trkpt lat="10.6246102" lon="104.1469331"><ele>-1.4</ele><time>2026-05-02T02:53:17.988Z</time></trkpt>
      <trkpt lat="10.6246380" lon="104.1469120"><ele>-1.3</ele><time>2026-05-02T02:53:18.989Z</time></trkpt>
      <trkpt lat="10.6246621" lon="104.1468859"><ele>-1.4</ele><time>2026-05-02T02:53:19.989Z</time></trkpt>
      <trkpt lat="10.6246869" lon="104.1468596"><ele>-1.3</ele><time>2026-05-02T02:53:20.988Z</time></trkpt>
      <trkpt lat="10.6247144" lon="104.1468340"><ele>-1.5</ele><time>2026-05-02T02:53:21.989Z</time></trkpt>
      <trkpt lat="10.6247439" lon="104.1468112"><ele>-1.3</ele><time>2026-05-02T02:53:22.988Z</time></trkpt>
      <trkpt lat="10.6247766" lon="104.1467961"><ele>-1.4</ele><time>2026-05-02T02:53:23.988Z</time></trkpt>
      <trkpt lat="10.6248085" lon="104.1467882"><ele>-1.7</ele><time>2026-05-02T02:53:24.989Z</time></trkpt>
      <trkpt lat="10.6248395" lon="104.1467799"><ele>-2.0</ele><time>2026-05-02T02:53:25.989Z</time></trkpt>
      <trkpt lat="10.6248692" lon="104.1467712"><ele>-2.3</ele><time>2026-05-02T02:53:26.989Z</time></trkpt>
      <trkpt lat="10.6248985" lon="104.1467620"><ele>-2.3</ele><time>2026-05-02T02:53:27.988Z</time></trkpt>
      <trkpt lat="10.6249287" lon="104.1467542"><ele>-2.1</ele><time>2026-05-02T02:53:28.988Z</time></trkpt>
      <trkpt lat="10.6249582" lon="104.1467490"><ele>-1.8</ele><time>2026-05-02T02:53:29.988Z</time></trkpt>
      <trkpt lat="10.6249854" lon="104.1467440"><ele>-1.7</ele><time>2026-05-02T02:53:30.988Z</time></trkpt>
      <trkpt lat="10.6250148" lon="104.1467394"><ele>-1.7</ele><time>2026-05-02T02:53:31.988Z</time></trkpt>
      <trkpt lat="10.6250451" lon="104.1467334"><ele>-1.8</ele><time>2026-05-02T02:53:32.989Z</time></trkpt>
      <trkpt lat="10.6250762" lon="104.1467285"><ele>-1.8</ele><time>2026-05-02T02:53:33.987Z</time></trkpt>
      <trkpt lat="10.6251069" lon="104.1467243"><ele>-1.8</ele><time>2026-05-02T02:53:34.988Z</time></trkpt>
      <trkpt lat="10.6251387" lon="104.1467185"><ele>-1.6</ele><time>2026-05-02T02:53:35.988Z</time></trkpt>
      <trkpt lat="10.6251715" lon="104.1467128"><ele>-1.3</ele><time>2026-05-02T02:53:36.988Z</time></trkpt>
      <trkpt lat="10.6252045" lon="104.1467076"><ele>-0.8</ele><time>2026-05-02T02:53:37.988Z</time></trkpt>
      <trkpt lat="10.6252350" lon="104.1467006"><ele>-0.5</ele><time>2026-05-02T02:53:38.989Z</time></trkpt>
      <trkpt lat="10.6252655" lon="104.1466909"><ele>-0.2</ele><time>2026-05-02T02:53:39.987Z</time></trkpt>
      <trkpt lat="10.6252972" lon="104.1466821"><ele>-0.3</ele><time>2026-05-02T02:53:40.988Z</time></trkpt>
      <trkpt lat="10.6253301" lon="104.1466762"><ele>-0.5</ele><time>2026-05-02T02:53:41.988Z</time></trkpt>
      <trkpt lat="10.6253648" lon="104.1466708"><ele>-0.4</ele><time>2026-05-02T02:53:42.987Z</time></trkpt>
      <trkpt lat="10.6253987" lon="104.1466612"><ele>-0.2</ele><time>2026-05-02T02:53:43.989Z</time></trkpt>
      <trkpt lat="10.6254318" lon="104.1466512"><ele>-0.1</ele><time>2026-05-02T02:53:44.989Z</time></trkpt>
      <trkpt lat="10.6254637" lon="104.1466421"><ele>-0.2</ele><time>2026-05-02T02:53:45.988Z</time></trkpt>
      <trkpt lat="10.6254936" lon="104.1466284"><ele>-0.4</ele><time>2026-05-02T02:53:46.988Z</time></trkpt>
      <trkpt lat="10.6255233" lon="104.1466146"><ele>-0.8</ele><time>2026-05-02T02:53:47.988Z</time></trkpt>
      <trkpt lat="10.6255565" lon="104.1466015"><ele>-1.1</ele><time>2026-05-02T02:53:48.988Z</time></trkpt>
      <trkpt lat="10.6255899" lon="104.1465877"><ele>-1.5</ele><time>2026-05-02T02:53:49.989Z</time></trkpt>
      <trkpt lat="10.6256229" lon="104.1465781"><ele>-1.5</ele><time>2026-05-02T02:53:50.988Z</time></trkpt>
      <trkpt lat="10.6256529" lon="104.1465747"><ele>-1.5</ele><time>2026-05-02T02:53:51.989Z</time></trkpt>
      <trkpt lat="10.6256851" lon="104.1465738"><ele>-1.8</ele><time>2026-05-02T02:53:52.989Z</time></trkpt>
      <trkpt lat="10.6257177" lon="104.1465737"><ele>-2.0</ele><time>2026-05-02T02:53:53.987Z</time></trkpt>
      <trkpt lat="10.6257482" lon="104.1465715"><ele>-2.3</ele><time>2026-05-02T02:53:54.988Z</time></trkpt>
      <trkpt lat="10.6257795" lon="104.1465701"><ele>-2.2</ele><time>2026-05-02T02:53:55.988Z</time></trkpt>
      <trkpt lat="10.6258109" lon="104.1465755"><ele>-2.0</ele><time>2026-05-02T02:53:56.987Z</time></trkpt>
      <trkpt lat="10.6258408" lon="104.1465829"><ele>-1.7</ele><time>2026-05-02T02:53:57.988Z</time></trkpt>
      <trkpt lat="10.6258734" lon="104.1465907"><ele>-1.4</ele><time>2026-05-02T02:53:58.988Z</time></trkpt>
      <trkpt lat="10.6259069" lon="104.1465959"><ele>-1.2</ele><time>2026-05-02T02:53:59.988Z</time></trkpt>
      <trkpt lat="10.6259418" lon="104.1465967"><ele>-1.0</ele><time>2026-05-02T02:54:00.988Z</time></trkpt>
      <trkpt lat="10.6259774" lon="104.1465872"><ele>-0.9</ele><time>2026-05-02T02:54:01.988Z</time></trkpt>
      <trkpt lat="10.6260083" lon="104.1465660"><ele>-0.9</ele><time>2026-05-02T02:54:02.989Z</time></trkpt>
      <trkpt lat="10.6260312" lon="104.1465410"><ele>-0.7</ele><time>2026-05-02T02:54:03.989Z</time></trkpt>
      <trkpt lat="10.6260547" lon="104.1465197"><ele>-0.5</ele><time>2026-05-02T02:54:04.988Z</time></trkpt>
      <trkpt lat="10.6260847" lon="104.1465074"><ele>-0.3</ele><time>2026-05-02T02:54:05.988Z</time></trkpt>
      <trkpt lat="10.6261175" lon="104.1465040"><ele>-0.7</ele><time>2026-05-02T02:54:06.989Z</time></trkpt>
      <trkpt lat="10.6261493" lon="104.1465028"><ele>-1.2</ele><time>2026-05-02T02:54:07.988Z</time></trkpt>
      <trkpt lat="10.6261808" lon="104.1465027"><ele>-1.6</ele><time>2026-05-02T02:54:08.988Z</time></trkpt>
      <trkpt lat="10.6262126" lon="104.1465010"><ele>-1.6</ele><time>2026-05-02T02:54:09.988Z</time></trkpt>
      <trkpt lat="10.6262451" lon="104.1465011"><ele>-1.4</ele><time>2026-05-02T02:54:10.989Z</time></trkpt>
      <trkpt lat="10.6262792" lon="104.1465014"><ele>-1.3</ele><time>2026-05-02T02:54:11.988Z</time></trkpt>
      <trkpt lat="10.6263148" lon="104.1465007"><ele>-1.2</ele><time>2026-05-02T02:54:12.988Z</time></trkpt>
      <trkpt lat="10.6263503" lon="104.1465027"><ele>-1.1</ele><time>2026-05-02T02:54:13.988Z</time></trkpt>
      <trkpt lat="10.6263866" lon="104.1465099"><ele>-1.1</ele><time>2026-05-02T02:54:14.989Z</time></trkpt>
      <trkpt lat="10.6264229" lon="104.1465148"><ele>-1.2</ele><time>2026-05-02T02:54:15.988Z</time></trkpt>
      <trkpt lat="10.6264578" lon="104.1465146"><ele>-1.2</ele><time>2026-05-02T02:54:16.988Z</time></trkpt>
      <trkpt lat="10.6264916" lon="104.1465107"><ele>-1.3</ele><time>2026-05-02T02:54:17.989Z</time></trkpt>
      <trkpt lat="10.6265231" lon="104.1465066"><ele>-1.4</ele><time>2026-05-02T02:54:18.988Z</time></trkpt>
      <trkpt lat="10.6265570" lon="104.1465009"><ele>-1.5</ele><time>2026-05-02T02:54:19.988Z</time></trkpt>
      <trkpt lat="10.6265900" lon="104.1464940"><ele>-1.6</ele><time>2026-05-02T02:54:20.987Z</time></trkpt>
      <trkpt lat="10.6266214" lon="104.1464872"><ele>-1.5</ele><time>2026-05-02T02:54:21.989Z</time></trkpt>
      <trkpt lat="10.6266526" lon="104.1464786"><ele>-1.5</ele><time>2026-05-02T02:54:22.988Z</time></trkpt>
      <trkpt lat="10.6266821" lon="104.1464690"><ele>-1.4</ele><time>2026-05-02T02:54:23.988Z</time></trkpt>
      <trkpt lat="10.6267097" lon="104.1464607"><ele>-1.5</ele><time>2026-05-02T02:54:24.988Z</time></trkpt>
      <trkpt lat="10.6267378" lon="104.1464543"><ele>-1.5</ele><time>2026-05-02T02:54:25.988Z</time></trkpt>
      <trkpt lat="10.6267676" lon="104.1464456"><ele>-1.5</ele><time>2026-05-02T02:54:26.988Z</time></trkpt>
      <trkpt lat="10.6267978" lon="104.1464356"><ele>-1.5</ele><time>2026-05-02T02:54:27.988Z</time></trkpt>
      <trkpt lat="10.6268306" lon="104.1464271"><ele>-1.5</ele><time>2026-05-02T02:54:28.988Z</time></trkpt>
      <trkpt lat="10.6268628" lon="104.1464214"><ele>-1.5</ele><time>2026-05-02T02:54:29.988Z</time></trkpt>
      <trkpt lat="10.6268957" lon="104.1464144"><ele>-1.6</ele><time>2026-05-02T02:54:30.988Z</time></trkpt>
      <trkpt lat="10.6269267" lon="104.1464054"><ele>-1.8</ele><time>2026-05-02T02:54:31.988Z</time></trkpt>
      <trkpt lat="10.6269462" lon="104.1464027"><ele>-1.9</ele><time>2026-05-02T02:54:32.286Z</time></trkpt>
      <trkpt lat="10.6269652" lon="104.1463967"><ele>-2.0</ele><time>2026-05-02T02:54:32.858Z</time></trkpt>
      <trkpt lat="10.6269674" lon="104.1463947"><ele>-2.1</ele><time>2026-05-02T02:54:32.989Z</time></trkpt>
      <trkpt lat="10.6269707" lon="104.1463928"><ele>-2.2</ele><time>2026-05-02T02:54:33.120Z</time></trkpt>
      <trkpt lat="10.6269839" lon="104.1463866"><ele>-2.3</ele><time>2026-05-02T02:54:33.562Z</time></trkpt>
      <trkpt lat="10.6269952" lon="104.1463810"><ele>-2.3</ele><time>2026-05-02T02:54:33.924Z</time></trkpt>
      <trkpt lat="10.6270038" lon="104.1463748"><ele>-2.3</ele><time>2026-05-02T02:54:34.266Z</time></trkpt>
      <trkpt lat="10.6270209" lon="104.1463618"><ele>-2.3</ele><time>2026-05-02T02:54:34.878Z</time></trkpt>
      <trkpt lat="10.6270214" lon="104.1463584"><ele>-2.3</ele><time>2026-05-02T02:54:34.988Z</time></trkpt>
      <trkpt lat="10.6270274" lon="104.1463506"><ele>-2.2</ele><time>2026-05-02T02:54:35.301Z</time></trkpt>
      <trkpt lat="10.6270419" lon="104.1463351"><ele>-2.1</ele><time>2026-05-02T02:54:35.946Z</time></trkpt>
      <trkpt lat="10.6270536" lon="104.1463207"><ele>-2.2</ele><time>2026-05-02T02:54:36.587Z</time></trkpt>
      <trkpt lat="10.6270630" lon="104.1463142"><ele>-2.4</ele><time>2026-05-02T02:54:36.988Z</time></trkpt>
      <trkpt lat="10.6270720" lon="104.1463087"><ele>-2.6</ele><time>2026-05-02T02:54:37.322Z</time></trkpt>
      <trkpt lat="10.6270890" lon="104.1463151"><ele>-2.5</ele><time>2026-05-02T02:54:37.988Z</time></trkpt>
      <trkpt lat="10.6271194" lon="104.1463095"><ele>-2.5</ele><time>2026-05-02T02:54:38.987Z</time></trkpt>
      <trkpt lat="10.6271497" lon="104.1463080"><ele>-2.5</ele><time>2026-05-02T02:54:39.988Z</time></trkpt>
      <trkpt lat="10.6271777" lon="104.1463077"><ele>-2.6</ele><time>2026-05-02T02:54:40.988Z</time></trkpt>
      <trkpt lat="10.6272042" lon="104.1463073"><ele>-2.7</ele><time>2026-05-02T02:54:41.988Z</time></trkpt>
      <trkpt lat="10.6272301" lon="104.1463068"><ele>-2.7</ele><time>2026-05-02T02:54:42.989Z</time></trkpt>
      <trkpt lat="10.6272553" lon="104.1463086"><ele>-2.6</ele><time>2026-05-02T02:54:43.988Z</time></trkpt>
      <trkpt lat="10.6272803" lon="104.1463117"><ele>-2.5</ele><time>2026-05-02T02:54:44.988Z</time></trkpt>
      <trkpt lat="10.6273065" lon="104.1463185"><ele>-2.5</ele><time>2026-05-02T02:54:45.988Z</time></trkpt>
      <trkpt lat="10.6273310" lon="104.1463288"><ele>-2.4</ele><time>2026-05-02T02:54:46.988Z</time></trkpt>
      <trkpt lat="10.6273552" lon="104.1463376"><ele>-2.3</ele><time>2026-05-02T02:54:47.988Z</time></trkpt>
      <trkpt lat="10.6273830" lon="104.1463426"><ele>-2.2</ele><time>2026-05-02T02:54:48.988Z</time></trkpt>
      <trkpt lat="10.6274128" lon="104.1463449"><ele>-2.3</ele><time>2026-05-02T02:54:49.988Z</time></trkpt>
      <trkpt lat="10.6274408" lon="104.1463440"><ele>-2.5</ele><time>2026-05-02T02:54:50.988Z</time></trkpt>
      <trkpt lat="10.6274664" lon="104.1463396"><ele>-2.6</ele><time>2026-05-02T02:54:51.989Z</time></trkpt>
      <trkpt lat="10.6274955" lon="104.1463372"><ele>-2.6</ele><time>2026-05-02T02:54:52.988Z</time></trkpt>
      <trkpt lat="10.6275244" lon="104.1463378"><ele>-2.4</ele><time>2026-05-02T02:54:53.988Z</time></trkpt>
      <trkpt lat="10.6275530" lon="104.1463356"><ele>-2.4</ele><time>2026-05-02T02:54:54.988Z</time></trkpt>
      <trkpt lat="10.6275809" lon="104.1463340"><ele>-2.4</ele><time>2026-05-02T02:54:55.988Z</time></trkpt>
      <trkpt lat="10.6276113" lon="104.1463349"><ele>-2.5</ele><time>2026-05-02T02:54:56.988Z</time></trkpt>
      <trkpt lat="10.6276424" lon="104.1463361"><ele>-2.3</ele><time>2026-05-02T02:54:57.988Z</time></trkpt>
      <trkpt lat="10.6276750" lon="104.1463387"><ele>-2.1</ele><time>2026-05-02T02:54:58.988Z</time></trkpt>
      <trkpt lat="10.6277087" lon="104.1463388"><ele>-2.0</ele><time>2026-05-02T02:54:59.988Z</time></trkpt>
      <trkpt lat="10.6277457" lon="104.1463407"><ele>-1.9</ele><time>2026-05-02T02:55:00.988Z</time></trkpt>
      <trkpt lat="10.6277841" lon="104.1463437"><ele>-1.9</ele><time>2026-05-02T02:55:01.988Z</time></trkpt>
      <trkpt lat="10.6278219" lon="104.1463489"><ele>-1.9</ele><time>2026-05-02T02:55:02.988Z</time></trkpt>
      <trkpt lat="10.6278598" lon="104.1463574"><ele>-2.0</ele><time>2026-05-02T02:55:03.988Z</time></trkpt>
      <trkpt lat="10.6278972" lon="104.1463628"><ele>-1.8</ele><time>2026-05-02T02:55:04.988Z</time></trkpt>
      <trkpt lat="10.6279313" lon="104.1463630"><ele>-1.6</ele><time>2026-05-02T02:55:05.988Z</time></trkpt>
      <trkpt lat="10.6279660" lon="104.1463656"><ele>-1.4</ele><time>2026-05-02T02:55:06.987Z</time></trkpt>
      <trkpt lat="10.6280042" lon="104.1463722"><ele>-1.4</ele><time>2026-05-02T02:55:07.988Z</time></trkpt>
      <trkpt lat="10.6280423" lon="104.1463845"><ele>-1.6</ele><time>2026-05-02T02:55:08.989Z</time></trkpt>
      <trkpt lat="10.6280756" lon="104.1463969"><ele>-1.7</ele><time>2026-05-02T02:55:09.988Z</time></trkpt>
      <trkpt lat="10.6281073" lon="104.1464075"><ele>-1.7</ele><time>2026-05-02T02:55:10.987Z</time></trkpt>
      <trkpt lat="10.6281407" lon="104.1464185"><ele>-1.8</ele><time>2026-05-02T02:55:11.989Z</time></trkpt>
      <trkpt lat="10.6281755" lon="104.1464240"><ele>-2.0</ele><time>2026-05-02T02:55:12.989Z</time></trkpt>
      <trkpt lat="10.6282103" lon="104.1464250"><ele>-2.3</ele><time>2026-05-02T02:55:13.988Z</time></trkpt>
      <trkpt lat="10.6282448" lon="104.1464318"><ele>-2.3</ele><time>2026-05-02T02:55:14.988Z</time></trkpt>
      <trkpt lat="10.6282769" lon="104.1464460"><ele>-2.2</ele><time>2026-05-02T02:55:15.988Z</time></trkpt>
      <trkpt lat="10.6283071" lon="104.1464654"><ele>-1.9</ele><time>2026-05-02T02:55:16.988Z</time></trkpt>
      <trkpt lat="10.6283368" lon="104.1464841"><ele>-1.9</ele><time>2026-05-02T02:55:17.987Z</time></trkpt>
      <trkpt lat="10.6283661" lon="104.1465037"><ele>-2.0</ele><time>2026-05-02T02:55:18.988Z</time></trkpt>
      <trkpt lat="10.6283958" lon="104.1465198"><ele>-2.1</ele><time>2026-05-02T02:55:19.988Z</time></trkpt>
      <trkpt lat="10.6284249" lon="104.1465356"><ele>-1.9</ele><time>2026-05-02T02:55:20.988Z</time></trkpt>
      <trkpt lat="10.6284527" lon="104.1465516"><ele>-2.0</ele><time>2026-05-02T02:55:21.988Z</time></trkpt>
      <trkpt lat="10.6284820" lon="104.1465660"><ele>-1.8</ele><time>2026-05-02T02:55:22.987Z</time></trkpt>
      <trkpt lat="10.6285121" lon="104.1465785"><ele>-1.6</ele><time>2026-05-02T02:55:23.988Z</time></trkpt>
      <trkpt lat="10.6285440" lon="104.1465916"><ele>-1.3</ele><time>2026-05-02T02:55:24.987Z</time></trkpt>
      <trkpt lat="10.6285715" lon="104.1466013"><ele>-1.1</ele><time>2026-05-02T02:55:25.988Z</time></trkpt>
      <trkpt lat="10.6285967" lon="104.1466051"><ele>-1.0</ele><time>2026-05-02T02:55:26.988Z</time></trkpt>
      <trkpt lat="10.6286257" lon="104.1466035"><ele>-1.1</ele><time>2026-05-02T02:55:27.989Z</time></trkpt>
      <trkpt lat="10.6286562" lon="104.1466033"><ele>-1.4</ele><time>2026-05-02T02:55:28.988Z</time></trkpt>
      <trkpt lat="10.6286853" lon="104.1466060"><ele>-1.4</ele><time>2026-05-02T02:55:29.988Z</time></trkpt>
      <trkpt lat="10.6287140" lon="104.1466111"><ele>-1.4</ele><time>2026-05-02T02:55:30.988Z</time></trkpt>
      <trkpt lat="10.6287429" lon="104.1466138"><ele>-1.4</ele><time>2026-05-02T02:55:31.988Z</time></trkpt>
      <trkpt lat="10.6287730" lon="104.1466179"><ele>-1.5</ele><time>2026-05-02T02:55:32.987Z</time></trkpt>
      <trkpt lat="10.6288029" lon="104.1466247"><ele>-1.5</ele><time>2026-05-02T02:55:33.988Z</time></trkpt>
      <trkpt lat="10.6288338" lon="104.1466337"><ele>-1.4</ele><time>2026-05-02T02:55:34.989Z</time></trkpt>
      <trkpt lat="10.6288632" lon="104.1466413"><ele>-1.3</ele><time>2026-05-02T02:55:35.988Z</time></trkpt>
      <trkpt lat="10.6288916" lon="104.1466461"><ele>-1.3</ele><time>2026-05-02T02:55:36.988Z</time></trkpt>
      <trkpt lat="10.6289171" lon="104.1466502"><ele>-1.2</ele><time>2026-05-02T02:55:37.988Z</time></trkpt>
      <trkpt lat="10.6289381" lon="104.1466538"><ele>-1.0</ele><time>2026-05-02T02:55:38.988Z</time></trkpt>
      <trkpt lat="10.6289573" lon="104.1466577"><ele>-0.8</ele><time>2026-05-02T02:55:39.988Z</time></trkpt>
      <trkpt lat="10.6289810" lon="104.1466602"><ele>-0.6</ele><time>2026-05-02T02:55:40.986Z</time></trkpt>
      <trkpt lat="10.6290036" lon="104.1466601"><ele>-0.3</ele><time>2026-05-02T02:55:41.987Z</time></trkpt>
      <trkpt lat="10.6290285" lon="104.1466622"><ele>-0.4</ele><time>2026-05-02T02:55:42.988Z</time></trkpt>
      <trkpt lat="10.6290542" lon="104.1466691"><ele>-0.4</ele><time>2026-05-02T02:55:43.988Z</time></trkpt>
      <trkpt lat="10.6290799" lon="104.1466750"><ele>-0.6</ele><time>2026-05-02T02:55:44.988Z</time></trkpt>
      <trkpt lat="10.6291040" lon="104.1466795"><ele>-0.6</ele><time>2026-05-02T02:55:45.988Z</time></trkpt>
      <trkpt lat="10.6291278" lon="104.1466872"><ele>-0.6</ele><time>2026-05-02T02:55:46.988Z</time></trkpt>
      <trkpt lat="10.6291543" lon="104.1466938"><ele>-0.6</ele><time>2026-05-02T02:55:47.989Z</time></trkpt>
      <trkpt lat="10.6291806" lon="104.1466978"><ele>-0.9</ele><time>2026-05-02T02:55:48.988Z</time></trkpt>
      <trkpt lat="10.6292069" lon="104.1467005"><ele>-0.9</ele><time>2026-05-02T02:55:49.988Z</time></trkpt>
      <trkpt lat="10.6292326" lon="104.1467046"><ele>-0.8</ele><time>2026-05-02T02:55:50.987Z</time></trkpt>
      <trkpt lat="10.6292565" lon="104.1467095"><ele>-0.6</ele><time>2026-05-02T02:55:51.988Z</time></trkpt>
      <trkpt lat="10.6292819" lon="104.1467101"><ele>-0.5</ele><time>2026-05-02T02:55:52.988Z</time></trkpt>
      <trkpt lat="10.6293094" lon="104.1467116"><ele>-0.7</ele><time>2026-05-02T02:55:53.988Z</time></trkpt>
      <trkpt lat="10.6293376" lon="104.1467183"><ele>-0.7</ele><time>2026-05-02T02:55:54.988Z</time></trkpt>
      <trkpt lat="10.6293669" lon="104.1467258"><ele>-0.8</ele><time>2026-05-02T02:55:55.987Z</time></trkpt>
      <trkpt lat="10.6293963" lon="104.1467316"><ele>-0.8</ele><time>2026-05-02T02:55:56.988Z</time></trkpt>
      <trkpt lat="10.6294248" lon="104.1467388"><ele>-0.8</ele><time>2026-05-02T02:55:57.988Z</time></trkpt>
      <trkpt lat="10.6294529" lon="104.1467461"><ele>-0.5</ele><time>2026-05-02T02:55:58.988Z</time></trkpt>
      <trkpt lat="10.6294887" lon="104.1467551"><ele>-0.1</ele><time>2026-05-02T02:55:59.988Z</time></trkpt>
      <trkpt lat="10.6294945" lon="104.1467570"><ele>0.3</ele><time>2026-05-02T02:56:00.199Z</time></trkpt>
      <trkpt lat="10.6295121" lon="104.1467631"><ele>0.5</ele><time>2026-05-02T02:56:00.822Z</time></trkpt>
      <trkpt lat="10.6295142" lon="104.1467639"><ele>0.5</ele><time>2026-05-02T02:56:00.988Z</time></trkpt>
      <trkpt lat="10.6295221" lon="104.1467659"><ele>0.6</ele><time>2026-05-02T02:56:01.346Z</time></trkpt>
      <trkpt lat="10.6295356" lon="104.1467690"><ele>0.6</ele><time>2026-05-02T02:56:01.877Z</time></trkpt>
      <trkpt lat="10.6295364" lon="104.1467689"><ele>0.5</ele><time>2026-05-02T02:56:01.987Z</time></trkpt>
      <trkpt lat="10.6295492" lon="104.1467725"><ele>0.4</ele><time>2026-05-02T02:56:02.561Z</time></trkpt>
      <trkpt lat="10.6295593" lon="104.1467752"><ele>0.3</ele><time>2026-05-02T02:56:02.988Z</time></trkpt>
      <trkpt lat="10.6295625" lon="104.1467759"><ele>0.3</ele><time>2026-05-02T02:56:03.113Z</time></trkpt>
      <trkpt lat="10.6295751" lon="104.1467791"><ele>0.3</ele><time>2026-05-02T02:56:03.585Z</time></trkpt>
      <trkpt lat="10.6295863" lon="104.1467799"><ele>0.1</ele><time>2026-05-02T02:56:03.988Z</time></trkpt>
      <trkpt lat="10.6296003" lon="104.1467806"><ele>-0.0</ele><time>2026-05-02T02:56:04.462Z</time></trkpt>
      <trkpt lat="10.6296151" lon="104.1467804"><ele>-0.2</ele><time>2026-05-02T02:56:04.964Z</time></trkpt>
      <trkpt lat="10.6296395" lon="104.1467646"><ele>-0.2</ele><time>2026-05-02T02:56:05.988Z</time></trkpt>
      <trkpt lat="10.6296622" lon="104.1467594"><ele>-0.3</ele><time>2026-05-02T02:56:06.988Z</time></trkpt>
      <trkpt lat="10.6296837" lon="104.1467558"><ele>-0.4</ele><time>2026-05-02T02:56:07.988Z</time></trkpt>
      <trkpt lat="10.6297042" lon="104.1467536"><ele>-0.4</ele><time>2026-05-02T02:56:08.988Z</time></trkpt>
      <trkpt lat="10.6297254" lon="104.1467513"><ele>-0.4</ele><time>2026-05-02T02:56:09.987Z</time></trkpt>
      <trkpt lat="10.6297486" lon="104.1467505"><ele>-0.2</ele><time>2026-05-02T02:56:10.988Z</time></trkpt>
      <trkpt lat="10.6297753" lon="104.1467556"><ele>-0.1</ele><time>2026-05-02T02:56:11.988Z</time></trkpt>
      <trkpt lat="10.6298017" lon="104.1467621"><ele>-0.2</ele><time>2026-05-02T02:56:12.988Z</time></trkpt>
      <trkpt lat="10.6298306" lon="104.1467674"><ele>-0.3</ele><time>2026-05-02T02:56:13.987Z</time></trkpt>
      <trkpt lat="10.6298593" lon="104.1467733"><ele>-0.3</ele><time>2026-05-02T02:56:14.989Z</time></trkpt>
      <trkpt lat="10.6298880" lon="104.1467800"><ele>-0.2</ele><time>2026-05-02T02:56:15.989Z</time></trkpt>
      <trkpt lat="10.6299158" lon="104.1467850"><ele>-0.2</ele><time>2026-05-02T02:56:16.988Z</time></trkpt>
      <trkpt lat="10.6299431" lon="104.1467886"><ele>-0.0</ele><time>2026-05-02T02:56:17.988Z</time></trkpt>
      <trkpt lat="10.6299698" lon="104.1467932"><ele>0.2</ele><time>2026-05-02T02:56:18.988Z</time></trkpt>
      <trkpt lat="10.6299958" lon="104.1467993"><ele>0.5</ele><time>2026-05-02T02:56:19.988Z</time></trkpt>
      <trkpt lat="10.6300222" lon="104.1468044"><ele>0.5</ele><time>2026-05-02T02:56:20.988Z</time></trkpt>
      <trkpt lat="10.6300500" lon="104.1468052"><ele>0.6</ele><time>2026-05-02T02:56:21.988Z</time></trkpt>
      <trkpt lat="10.6300775" lon="104.1468051"><ele>0.5</ele><time>2026-05-02T02:56:22.989Z</time></trkpt>
      <trkpt lat="10.6301032" lon="104.1468090"><ele>0.5</ele><time>2026-05-02T02:56:23.988Z</time></trkpt>
      <trkpt lat="10.6301301" lon="104.1468140"><ele>0.7</ele><time>2026-05-02T02:56:24.988Z</time></trkpt>
      <trkpt lat="10.6301562" lon="104.1468200"><ele>0.9</ele><time>2026-05-02T02:56:25.987Z</time></trkpt>
      <trkpt lat="10.6301804" lon="104.1468261"><ele>1.3</ele><time>2026-05-02T02:56:26.988Z</time></trkpt>
      <trkpt lat="10.6302026" lon="104.1468332"><ele>1.6</ele><time>2026-05-02T02:56:27.988Z</time></trkpt>
      <trkpt lat="10.6302234" lon="104.1468412"><ele>1.7</ele><time>2026-05-02T02:56:28.986Z</time></trkpt>
      <trkpt lat="10.6302438" lon="104.1468487"><ele>1.7</ele><time>2026-05-02T02:56:29.988Z</time></trkpt>
      <trkpt lat="10.6302644" lon="104.1468556"><ele>1.6</ele><time>2026-05-02T02:56:30.988Z</time></trkpt>
      <trkpt lat="10.6302824" lon="104.1468606"><ele>1.5</ele><time>2026-05-02T02:56:31.989Z</time></trkpt>
      <trkpt lat="10.6302978" lon="104.1468619"><ele>1.4</ele><time>2026-05-02T02:56:32.987Z</time></trkpt>
      <trkpt lat="10.6303126" lon="104.1468647"><ele>1.2</ele><time>2026-05-02T02:56:33.987Z</time></trkpt>
      <trkpt lat="10.6303286" lon="104.1468675"><ele>1.1</ele><time>2026-05-02T02:56:34.987Z</time></trkpt>
      <trkpt lat="10.6303483" lon="104.1468675"><ele>1.1</ele><time>2026-05-02T02:56:35.988Z</time></trkpt>
      <trkpt lat="10.6303676" lon="104.1468672"><ele>1.2</ele><time>2026-05-02T02:56:36.988Z</time></trkpt>
      <trkpt lat="10.6303818" lon="104.1468677"><ele>1.2</ele><time>2026-05-02T02:56:37.987Z</time></trkpt>
      <trkpt lat="10.6303969" lon="104.1468714"><ele>1.3</ele><time>2026-05-02T02:56:38.988Z</time></trkpt>
      <trkpt lat="10.6304139" lon="104.1468752"><ele>1.5</ele><time>2026-05-02T02:56:39.988Z</time></trkpt>
      <trkpt lat="10.6304286" lon="104.1468783"><ele>1.7</ele><time>2026-05-02T02:56:40.987Z</time></trkpt>
      <trkpt lat="10.6304434" lon="104.1468815"><ele>1.9</ele><time>2026-05-02T02:56:41.988Z</time></trkpt>
      <trkpt lat="10.6304591" lon="104.1468845"><ele>2.2</ele><time>2026-05-02T02:56:42.987Z</time></trkpt>
      <trkpt lat="10.6304737" lon="104.1468888"><ele>2.3</ele><time>2026-05-02T02:56:43.987Z</time></trkpt>
      <trkpt lat="10.6304879" lon="104.1468931"><ele>2.4</ele><time>2026-05-02T02:56:44.988Z</time></trkpt>
      <trkpt lat="10.6305056" lon="104.1468956"><ele>2.4</ele><time>2026-05-02T02:56:45.987Z</time></trkpt>
      <trkpt lat="10.6305247" lon="104.1468992"><ele>2.5</ele><time>2026-05-02T02:56:46.988Z</time></trkpt>
      <trkpt lat="10.6305445" lon="104.1469025"><ele>2.6</ele><time>2026-05-02T02:56:47.988Z</time></trkpt>
      <trkpt lat="10.6305644" lon="104.1469057"><ele>2.9</ele><time>2026-05-02T02:56:48.987Z</time></trkpt>
      <trkpt lat="10.6305826" lon="104.1469068"><ele>3.2</ele><time>2026-05-02T02:56:49.986Z</time></trkpt>
      <trkpt lat="10.6306020" lon="104.1469109"><ele>3.6</ele><time>2026-05-02T02:56:50.989Z</time></trkpt>
      <trkpt lat="10.6306191" lon="104.1469173"><ele>3.8</ele><time>2026-05-02T02:56:51.988Z</time></trkpt>
      <trkpt lat="10.6306339" lon="104.1469211"><ele>4.0</ele><time>2026-05-02T02:56:52.987Z</time></trkpt>
      <trkpt lat="10.6306508" lon="104.1469224"><ele>4.0</ele><time>2026-05-02T02:56:53.987Z</time></trkpt>
      <trkpt lat="10.6306682" lon="104.1469223"><ele>4.2</ele><time>2026-05-02T02:56:54.987Z</time></trkpt>
      <trkpt lat="10.6306847" lon="104.1469165"><ele>4.4</ele><time>2026-05-02T02:56:55.987Z</time></trkpt>
      <trkpt lat="10.6306994" lon="104.1469059"><ele>4.7</ele><time>2026-05-02T02:56:56.987Z</time></trkpt>
      <trkpt lat="10.6307149" lon="104.1468953"><ele>5.0</ele><time>2026-05-02T02:56:57.987Z</time></trkpt>
      <trkpt lat="10.6307332" lon="104.1468826"><ele>5.1</ele><time>2026-05-02T02:56:58.988Z</time></trkpt>
      <trkpt lat="10.6307576" lon="104.1468675"><ele>5.1</ele><time>2026-05-02T02:56:59.987Z</time></trkpt>
      <trkpt lat="10.6307846" lon="104.1468573"><ele>4.9</ele><time>2026-05-02T02:57:00.986Z</time></trkpt>
      <trkpt lat="10.6308127" lon="104.1468479"><ele>4.9</ele><time>2026-05-02T02:57:01.987Z</time></trkpt>
      <trkpt lat="10.6308402" lon="104.1468404"><ele>5.0</ele><time>2026-05-02T02:57:02.988Z</time></trkpt>
      <trkpt lat="10.6308698" lon="104.1468367"><ele>5.0</ele><time>2026-05-02T02:57:03.987Z</time></trkpt>
      <trkpt lat="10.6308973" lon="104.1468357"><ele>4.9</ele><time>2026-05-02T02:57:04.988Z</time></trkpt>
      <trkpt lat="10.6309234" lon="104.1468382"><ele>5.1</ele><time>2026-05-02T02:57:05.988Z</time></trkpt>
      <trkpt lat="10.6309451" lon="104.1468421"><ele>5.1</ele><time>2026-05-02T02:57:06.987Z</time></trkpt>
      <trkpt lat="10.6309665" lon="104.1468460"><ele>5.3</ele><time>2026-05-02T02:57:07.988Z</time></trkpt>
      <trkpt lat="10.6309937" lon="104.1468574"><ele>5.4</ele><time>2026-05-02T02:57:08.988Z</time></trkpt>
      <trkpt lat="10.6310139" lon="104.1468726"><ele>5.6</ele><time>2026-05-02T02:57:09.988Z</time></trkpt>
      <trkpt lat="10.6310242" lon="104.1468874"><ele>5.8</ele><time>2026-05-02T02:57:10.988Z</time></trkpt>
      <trkpt lat="10.6310344" lon="104.1469020"><ele>5.9</ele><time>2026-05-02T02:57:11.989Z</time></trkpt>
      <trkpt lat="10.6310470" lon="104.1469156"><ele>6.0</ele><time>2026-05-02T02:57:12.988Z</time></trkpt>
      <trkpt lat="10.6310566" lon="104.1469268"><ele>6.3</ele><time>2026-05-02T02:57:13.987Z</time></trkpt>
      <trkpt lat="10.6310635" lon="104.1469371"><ele>6.8</ele><time>2026-05-02T02:57:14.987Z</time></trkpt>
      <trkpt lat="10.6310696" lon="104.1469481"><ele>7.3</ele><time>2026-05-02T02:57:15.988Z</time></trkpt>
      <trkpt lat="10.6310792" lon="104.1469591"><ele>7.6</ele><time>2026-05-02T02:57:16.987Z</time></trkpt>
      <trkpt lat="10.6310968" lon="104.1469658"><ele>7.6</ele><time>2026-05-02T02:57:17.988Z</time></trkpt>
      <trkpt lat="10.6311132" lon="104.1469711"><ele>7.8</ele><time>2026-05-02T02:57:18.987Z</time></trkpt>
      <trkpt lat="10.6311289" lon="104.1469713"><ele>7.9</ele><time>2026-05-02T02:57:19.987Z</time></trkpt>
      <trkpt lat="10.6311439" lon="104.1469698"><ele>7.9</ele><time>2026-05-02T02:57:20.987Z</time></trkpt>
      <trkpt lat="10.6311609" lon="104.1469692"><ele>7.6</ele><time>2026-05-02T02:57:21.987Z</time></trkpt>
      <trkpt lat="10.6311763" lon="104.1469669"><ele>7.3</ele><time>2026-05-02T02:57:22.987Z</time></trkpt>
      <trkpt lat="10.6311892" lon="104.1469623"><ele>7.4</ele><time>2026-05-02T02:57:23.988Z</time></trkpt>
      <trkpt lat="10.6312005" lon="104.1469573"><ele>7.5</ele><time>2026-05-02T02:57:24.987Z</time></trkpt>
      <trkpt lat="10.6312129" lon="104.1469543"><ele>7.6</ele><time>2026-05-02T02:57:25.987Z</time></trkpt>
      <trkpt lat="10.6312254" lon="104.1469500"><ele>7.8</ele><time>2026-05-02T02:57:26.989Z</time></trkpt>
      <trkpt lat="10.6312384" lon="104.1469450"><ele>7.8</ele><time>2026-05-02T02:57:27.988Z</time></trkpt>
      <trkpt lat="10.6312481" lon="104.1469408"><ele>7.9</ele><time>2026-05-02T02:57:28.988Z</time></trkpt>
      <trkpt lat="10.6312605" lon="104.1469319"><ele>7.8</ele><time>2026-05-02T02:57:29.988Z</time></trkpt>
      <trkpt lat="10.6312768" lon="104.1469232"><ele>7.7</ele><time>2026-05-02T02:57:30.988Z</time></trkpt>
      <trkpt lat="10.6312937" lon="104.1469175"><ele>7.7</ele><time>2026-05-02T02:57:31.987Z</time></trkpt>
      <trkpt lat="10.6313058" lon="104.1469111"><ele>7.7</ele><time>2026-05-02T02:57:32.988Z</time></trkpt>
      <trkpt lat="10.6313136" lon="104.1469088"><ele>7.9</ele><time>2026-05-02T02:57:33.987Z</time></trkpt>
      <trkpt lat="10.6313275" lon="104.1469082"><ele>8.2</ele><time>2026-05-02T02:57:34.989Z</time></trkpt>
      <trkpt lat="10.6313424" lon="104.1469053"><ele>8.5</ele><time>2026-05-02T02:57:35.987Z</time></trkpt>
      <trkpt lat="10.6313569" lon="104.1468985"><ele>8.4</ele><time>2026-05-02T02:57:36.987Z</time></trkpt>
      <trkpt lat="10.6313716" lon="104.1468925"><ele>8.4</ele><time>2026-05-02T02:57:37.988Z</time></trkpt>
      <trkpt lat="10.6313877" lon="104.1468899"><ele>8.4</ele><time>2026-05-02T02:57:38.988Z</time></trkpt>
      <trkpt lat="10.6314035" lon="104.1468900"><ele>8.4</ele><time>2026-05-02T02:57:39.987Z</time></trkpt>
      <trkpt lat="10.6314189" lon="104.1468891"><ele>8.5</ele><time>2026-05-02T02:57:40.989Z</time></trkpt>
      <trkpt lat="10.6314347" lon="104.1468871"><ele>8.4</ele><time>2026-05-02T02:57:41.988Z</time></trkpt>
      <trkpt lat="10.6314529" lon="104.1468846"><ele>8.5</ele><time>2026-05-02T02:57:42.988Z</time></trkpt>
      <trkpt lat="10.6314713" lon="104.1468805"><ele>8.5</ele><time>2026-05-02T02:57:43.987Z</time></trkpt>
      <trkpt lat="10.6314897" lon="104.1468825"><ele>8.6</ele><time>2026-05-02T02:57:44.986Z</time></trkpt>
      <trkpt lat="10.6315059" lon="104.1468872"><ele>8.5</ele><time>2026-05-02T02:57:45.987Z</time></trkpt>
      <trkpt lat="10.6315177" lon="104.1468921"><ele>8.5</ele><time>2026-05-02T02:57:46.989Z</time></trkpt>
      <trkpt lat="10.6315326" lon="104.1468953"><ele>8.5</ele><time>2026-05-02T02:57:47.987Z</time></trkpt>
      <trkpt lat="10.6315500" lon="104.1468899"><ele>8.7</ele><time>2026-05-02T02:57:48.987Z</time></trkpt>
      <trkpt lat="10.6315666" lon="104.1468822"><ele>8.8</ele><time>2026-05-02T02:57:49.987Z</time></trkpt>
      <trkpt lat="10.6315848" lon="104.1468750"><ele>8.9</ele><time>2026-05-02T02:57:50.988Z</time></trkpt>
      <trkpt lat="10.6316033" lon="104.1468678"><ele>8.9</ele><time>2026-05-02T02:57:51.988Z</time></trkpt>
      <trkpt lat="10.6316174" lon="104.1468606"><ele>9.0</ele><time>2026-05-02T02:57:52.988Z</time></trkpt>
      <trkpt lat="10.6327264" lon="104.1466981"><ele>26.4</ele><time>2026-05-02T03:01:06.986Z</time></trkpt>
      <trkpt lat="10.6327078" lon="104.1467084"><ele>25.4</ele><time>2026-05-02T03:01:16.987Z</time></trkpt>
      <trkpt lat="10.6327066" lon="104.1467190"><ele>25.1</ele><time>2026-05-02T03:01:17.987Z</time></trkpt>
      <trkpt lat="10.6327069" lon="104.1467286"><ele>24.6</ele><time>2026-05-02T03:01:19.985Z</time></trkpt>
      <trkpt lat="10.6326937" lon="104.1467502"><ele>28.1</ele><time>2026-05-02T03:02:14.987Z</time></trkpt>
      <trkpt lat="10.6326967" lon="104.1467439"><ele>28.3</ele><time>2026-05-02T03:02:15.986Z</time></trkpt>
      <trkpt lat="10.6327007" lon="104.1467390"><ele>28.4</ele><time>2026-05-02T03:02:16.987Z</time></trkpt>
      <trkpt lat="10.6327028" lon="104.1467315"><ele>28.4</ele><time>2026-05-02T03:02:17.987Z</time></trkpt>
      <trkpt lat="10.6327037" lon="104.1467243"><ele>28.4</ele><time>2026-05-02T03:02:18.987Z</time></trkpt>
      <trkpt lat="10.6327084" lon="104.1467176"><ele>28.6</ele><time>2026-05-02T03:02:19.986Z</time></trkpt>
      <trkpt lat="10.6327144" lon="104.1467113"><ele>28.6</ele><time>2026-05-02T03:02:20.987Z</time></trkpt>
      <trkpt lat="10.6327204" lon="104.1467093"><ele>28.6</ele><time>2026-05-02T03:02:21.986Z</time></trkpt>
      <trkpt lat="10.6327338" lon="104.1467004"><ele>28.3</ele><time>2026-05-02T03:03:10.986Z</time></trkpt>
      <trkpt lat="10.6327433" lon="104.1466970"><ele>28.2</ele><time>2026-05-02T03:03:11.987Z</time></trkpt>
      <trkpt lat="10.6327543" lon="104.1466951"><ele>28.2</ele><time>2026-05-02T03:03:12.986Z</time></trkpt>
      <trkpt lat="10.6327644" lon="104.1466984"><ele>28.3</ele><time>2026-05-02T03:03:13.987Z</time></trkpt>
      <trkpt lat="10.6327770" lon="104.1467018"><ele>28.2</ele><time>2026-05-02T03:03:14.986Z</time></trkpt>
      <trkpt lat="10.6327932" lon="104.1467032"><ele>28.1</ele><time>2026-05-02T03:03:15.985Z</time></trkpt>
      <trkpt lat="10.6328078" lon="104.1467008"><ele>27.7</ele><time>2026-05-02T03:03:16.988Z</time></trkpt>
      <trkpt lat="10.6328259" lon="104.1466959"><ele>27.5</ele><time>2026-05-02T03:03:17.986Z</time></trkpt>
      <trkpt lat="10.6328488" lon="104.1466927"><ele>27.2</ele><time>2026-05-02T03:03:18.987Z</time></trkpt>
      <trkpt lat="10.6328754" lon="104.1466927"><ele>26.8</ele><time>2026-05-02T03:03:19.987Z</time></trkpt>
      <trkpt lat="10.6329039" lon="104.1466911"><ele>26.5</ele><time>2026-05-02T03:03:20.988Z</time></trkpt>
      <trkpt lat="10.6329371" lon="104.1466897"><ele>26.2</ele><time>2026-05-02T03:03:21.986Z</time></trkpt>
      <trkpt lat="10.6329743" lon="104.1466891"><ele>25.9</ele><time>2026-05-02T03:03:22.986Z</time></trkpt>
      <trkpt lat="10.6330162" lon="104.1466910"><ele>25.5</ele><time>2026-05-02T03:03:23.987Z</time></trkpt>
      <trkpt lat="10.6330631" lon="104.1466952"><ele>25.2</ele><time>2026-05-02T03:03:24.986Z</time></trkpt>
      <trkpt lat="10.6331102" lon="104.1466903"><ele>25.0</ele><time>2026-05-02T03:03:25.986Z</time></trkpt>
      <trkpt lat="10.6331581" lon="104.1466810"><ele>24.6</ele><time>2026-05-02T03:03:26.986Z</time></trkpt>
      <trkpt lat="10.6332084" lon="104.1466757"><ele>24.1</ele><time>2026-05-02T03:03:27.987Z</time></trkpt>
      <trkpt lat="10.6332619" lon="104.1466709"><ele>23.5</ele><time>2026-05-02T03:03:28.986Z</time></trkpt>
      <trkpt lat="10.6333065" lon="104.1466626"><ele>23.0</ele><time>2026-05-02T03:03:29.986Z</time></trkpt>
      <trkpt lat="10.6333505" lon="104.1466609"><ele>22.4</ele><time>2026-05-02T03:03:30.986Z</time></trkpt>
      <trkpt lat="10.6333899" lon="104.1466487"><ele>21.8</ele><time>2026-05-02T03:03:31.988Z</time></trkpt>
      <trkpt lat="10.6334277" lon="104.1466380"><ele>21.3</ele><time>2026-05-02T03:03:32.986Z</time></trkpt>
      <trkpt lat="10.6334701" lon="104.1466247"><ele>20.9</ele><time>2026-05-02T03:03:33.988Z</time></trkpt>
      <trkpt lat="10.6335129" lon="104.1466080"><ele>20.2</ele><time>2026-05-02T03:03:34.987Z</time></trkpt>
      <trkpt lat="10.6335533" lon="104.1465861"><ele>19.6</ele><time>2026-05-02T03:03:35.985Z</time></trkpt>
      <trkpt lat="10.6335952" lon="104.1465641"><ele>18.9</ele><time>2026-05-02T03:03:36.986Z</time></trkpt>
      <trkpt lat="10.6336313" lon="104.1465324"><ele>18.2</ele><time>2026-05-02T03:03:37.986Z</time></trkpt>
      <trkpt lat="10.6336655" lon="104.1465006"><ele>17.3</ele><time>2026-05-02T03:03:38.987Z</time></trkpt>
      <trkpt lat="10.6336985" lon="104.1464604"><ele>16.4</ele><time>2026-05-02T03:03:39.987Z</time></trkpt>
      <trkpt lat="10.6337329" lon="104.1464245"><ele>15.5</ele><time>2026-05-02T03:03:40.986Z</time></trkpt>
      <trkpt lat="10.6337651" lon="104.1463866"><ele>15.1</ele><time>2026-05-02T03:03:41.986Z</time></trkpt>
      <trkpt lat="10.6337913" lon="104.1463467"><ele>14.9</ele><time>2026-05-02T03:03:42.987Z</time></trkpt>
      <trkpt lat="10.6338237" lon="104.1463040"><ele>14.6</ele><time>2026-05-02T03:03:43.986Z</time></trkpt>
      <trkpt lat="10.6338573" lon="104.1462595"><ele>13.9</ele><time>2026-05-02T03:03:44.987Z</time></trkpt>
      <trkpt lat="10.6339002" lon="104.1462262"><ele>13.3</ele><time>2026-05-02T03:03:45.985Z</time></trkpt>
      <trkpt lat="10.6339462" lon="104.1462009"><ele>12.8</ele><time>2026-05-02T03:03:46.987Z</time></trkpt>
      <trkpt lat="10.6340084" lon="104.1461850"><ele>12.3</ele><time>2026-05-02T03:03:47.986Z</time></trkpt>
      <trkpt lat="10.6340709" lon="104.1461753"><ele>11.7</ele><time>2026-05-02T03:03:48.986Z</time></trkpt>
      <trkpt lat="10.6341324" lon="104.1461642"><ele>11.2</ele><time>2026-05-02T03:03:49.986Z</time></trkpt>
      <trkpt lat="10.6341975" lon="104.1461571"><ele>10.9</ele><time>2026-05-02T03:03:50.988Z</time></trkpt>
      <trkpt lat="10.6342612" lon="104.1461583"><ele>10.6</ele><time>2026-05-02T03:03:51.986Z</time></trkpt>
      <trkpt lat="10.6343233" lon="104.1461727"><ele>10.4</ele><time>2026-05-02T03:03:52.987Z</time></trkpt>
      <trkpt lat="10.6343778" lon="104.1461933"><ele>10.3</ele><time>2026-05-02T03:03:53.986Z</time></trkpt>
      <trkpt lat="10.6344329" lon="104.1462102"><ele>10.5</ele><time>2026-05-02T03:03:54.986Z</time></trkpt>
      <trkpt lat="10.6344792" lon="104.1462328"><ele>10.7</ele><time>2026-05-02T03:03:55.986Z</time></trkpt>
      <trkpt lat="10.6345281" lon="104.1462515"><ele>10.9</ele><time>2026-05-02T03:03:56.986Z</time></trkpt>
      <trkpt lat="10.6345752" lon="104.1462681"><ele>11.1</ele><time>2026-05-02T03:03:57.987Z</time></trkpt>
      <trkpt lat="10.6346222" lon="104.1462875"><ele>11.5</ele><time>2026-05-02T03:03:58.986Z</time></trkpt>
      <trkpt lat="10.6346642" lon="104.1463084"><ele>11.5</ele><time>2026-05-02T03:03:59.987Z</time></trkpt>
      <trkpt lat="10.6347042" lon="104.1463247"><ele>11.4</ele><time>2026-05-02T03:04:00.986Z</time></trkpt>
      <trkpt lat="10.6347444" lon="104.1463437"><ele>11.3</ele><time>2026-05-02T03:04:01.987Z</time></trkpt>
      <trkpt lat="10.6347794" lon="104.1463629"><ele>11.5</ele><time>2026-05-02T03:04:02.986Z</time></trkpt>
      <trkpt lat="10.6348208" lon="104.1463778"><ele>11.7</ele><time>2026-05-02T03:04:03.986Z</time></trkpt>
      <trkpt lat="10.6348634" lon="104.1463970"><ele>11.8</ele><time>2026-05-02T03:04:04.987Z</time></trkpt>
      <trkpt lat="10.6349035" lon="104.1464150"><ele>11.9</ele><time>2026-05-02T03:04:05.986Z</time></trkpt>
      <trkpt lat="10.6349435" lon="104.1464299"><ele>11.8</ele><time>2026-05-02T03:04:06.986Z</time></trkpt>
      <trkpt lat="10.6349827" lon="104.1464462"><ele>11.8</ele><time>2026-05-02T03:04:07.986Z</time></trkpt>
      <trkpt lat="10.6350232" lon="104.1464640"><ele>11.7</ele><time>2026-05-02T03:04:08.986Z</time></trkpt>
      <trkpt lat="10.6350661" lon="104.1464793"><ele>11.6</ele><time>2026-05-02T03:04:09.986Z</time></trkpt>
      <trkpt lat="10.6351092" lon="104.1464920"><ele>11.5</ele><time>2026-05-02T03:04:10.986Z</time></trkpt>
      <trkpt lat="10.6351488" lon="104.1465073"><ele>11.4</ele><time>2026-05-02T03:04:11.986Z</time></trkpt>
      <trkpt lat="10.6351871" lon="104.1465278"><ele>11.4</ele><time>2026-05-02T03:04:12.985Z</time></trkpt>
      <trkpt lat="10.6352289" lon="104.1465452"><ele>11.3</ele><time>2026-05-02T03:04:13.986Z</time></trkpt>
      <trkpt lat="10.6352697" lon="104.1465606"><ele>11.2</ele><time>2026-05-02T03:04:14.986Z</time></trkpt>
      <trkpt lat="10.6353139" lon="104.1465751"><ele>11.0</ele><time>2026-05-02T03:04:15.986Z</time></trkpt>
      <trkpt lat="10.6353561" lon="104.1465919"><ele>10.9</ele><time>2026-05-02T03:04:16.988Z</time></trkpt>
      <trkpt lat="10.6354011" lon="104.1466079"><ele>10.8</ele><time>2026-05-02T03:04:17.987Z</time></trkpt>
      <trkpt lat="10.6354481" lon="104.1466328"><ele>10.7</ele><time>2026-05-02T03:04:18.986Z</time></trkpt>
      <trkpt lat="10.6354944" lon="104.1466497"><ele>10.5</ele><time>2026-05-02T03:04:19.987Z</time></trkpt>
      <trkpt lat="10.6355410" lon="104.1466705"><ele>10.2</ele><time>2026-05-02T03:04:20.987Z</time></trkpt>
      <trkpt lat="10.6355873" lon="104.1466910"><ele>10.1</ele><time>2026-05-02T03:04:21.986Z</time></trkpt>
      <trkpt lat="10.6356343" lon="104.1467050"><ele>9.9</ele><time>2026-05-02T03:04:22.988Z</time></trkpt>
      <trkpt lat="10.6356775" lon="104.1467295"><ele>9.8</ele><time>2026-05-02T03:04:23.986Z</time></trkpt>
      <trkpt lat="10.6357217" lon="104.1467524"><ele>9.8</ele><time>2026-05-02T03:04:24.986Z</time></trkpt>
      <trkpt lat="10.6357609" lon="104.1467719"><ele>9.9</ele><time>2026-05-02T03:04:25.986Z</time></trkpt>
      <trkpt lat="10.6358069" lon="104.1467922"><ele>9.8</ele><time>2026-05-02T03:04:26.988Z</time></trkpt>
      <trkpt lat="10.6358481" lon="104.1468118"><ele>9.8</ele><time>2026-05-02T03:04:27.987Z</time></trkpt>
      <trkpt lat="10.6358909" lon="104.1468335"><ele>10.0</ele><time>2026-05-02T03:04:28.987Z</time></trkpt>
      <trkpt lat="10.6359379" lon="104.1468514"><ele>10.2</ele><time>2026-05-02T03:04:29.986Z</time></trkpt>
      <trkpt lat="10.6359874" lon="104.1468663"><ele>10.3</ele><time>2026-05-02T03:04:30.986Z</time></trkpt>
      <trkpt lat="10.6360310" lon="104.1468866"><ele>10.1</ele><time>2026-05-02T03:04:31.987Z</time></trkpt>
      <trkpt lat="10.6360704" lon="104.1469025"><ele>9.7</ele><time>2026-05-02T03:04:32.986Z</time></trkpt>
      <trkpt lat="10.6361110" lon="104.1469251"><ele>9.3</ele><time>2026-05-02T03:04:33.987Z</time></trkpt>
      <trkpt lat="10.6361503" lon="104.1469411"><ele>9.0</ele><time>2026-05-02T03:04:34.987Z</time></trkpt>
      <trkpt lat="10.6361894" lon="104.1469605"><ele>8.9</ele><time>2026-05-02T03:04:35.986Z</time></trkpt>
      <trkpt lat="10.6362317" lon="104.1469799"><ele>9.0</ele><time>2026-05-02T03:04:36.987Z</time></trkpt>
      <trkpt lat="10.6362733" lon="104.1470002"><ele>9.1</ele><time>2026-05-02T03:04:37.986Z</time></trkpt>
      <trkpt lat="10.6363125" lon="104.1470262"><ele>9.3</ele><time>2026-05-02T03:04:38.987Z</time></trkpt>
      <trkpt lat="10.6363544" lon="104.1470451"><ele>9.4</ele><time>2026-05-02T03:04:39.986Z</time></trkpt>
      <trkpt lat="10.6363959" lon="104.1470627"><ele>9.5</ele><time>2026-05-02T03:04:40.987Z</time></trkpt>
      <trkpt lat="10.6364405" lon="104.1470815"><ele>9.4</ele><time>2026-05-02T03:04:41.986Z</time></trkpt>
      <trkpt lat="10.6364812" lon="104.1470942"><ele>9.1</ele><time>2026-05-02T03:04:42.987Z</time></trkpt>
      <trkpt lat="10.6365276" lon="104.1471075"><ele>8.7</ele><time>2026-05-02T03:04:43.986Z</time></trkpt>
      <trkpt lat="10.6365691" lon="104.1471248"><ele>8.6</ele><time>2026-05-02T03:04:44.986Z</time></trkpt>
      <trkpt lat="10.6366126" lon="104.1471483"><ele>8.8</ele><time>2026-05-02T03:04:45.987Z</time></trkpt>
      <trkpt lat="10.6366503" lon="104.1471701"><ele>8.9</ele><time>2026-05-02T03:04:46.986Z</time></trkpt>
      <trkpt lat="10.6366925" lon="104.1471904"><ele>9.0</ele><time>2026-05-02T03:04:47.986Z</time></trkpt>
      <trkpt lat="10.6367340" lon="104.1472144"><ele>8.8</ele><time>2026-05-02T03:04:48.986Z</time></trkpt>
      <trkpt lat="10.6367748" lon="104.1472352"><ele>8.6</ele><time>2026-05-02T03:04:49.985Z</time></trkpt>
      <trkpt lat="10.6368166" lon="104.1472565"><ele>8.3</ele><time>2026-05-02T03:04:50.986Z</time></trkpt>
      <trkpt lat="10.6368627" lon="104.1472784"><ele>8.1</ele><time>2026-05-02T03:04:51.987Z</time></trkpt>
      <trkpt lat="10.6369077" lon="104.1472983"><ele>7.9</ele><time>2026-05-02T03:04:52.987Z</time></trkpt>
      <trkpt lat="10.6369527" lon="104.1473180"><ele>7.8</ele><time>2026-05-02T03:04:53.986Z</time></trkpt>
      <trkpt lat="10.6369989" lon="104.1473340"><ele>7.7</ele><time>2026-05-02T03:04:54.986Z</time></trkpt>
      <trkpt lat="10.6370455" lon="104.1473505"><ele>7.4</ele><time>2026-05-02T03:04:55.986Z</time></trkpt>
      <trkpt lat="10.6370856" lon="104.1473552"><ele>7.0</ele><time>2026-05-02T03:04:56.986Z</time></trkpt>
      <trkpt lat="10.6371322" lon="104.1473354"><ele>6.4</ele><time>2026-05-02T03:04:57.986Z</time></trkpt>
      <trkpt lat="10.6371665" lon="104.1473118"><ele>5.9</ele><time>2026-05-02T03:04:58.987Z</time></trkpt>
      <trkpt lat="10.6371925" lon="104.1472686"><ele>5.5</ele><time>2026-05-02T03:04:59.986Z</time></trkpt>
      <trkpt lat="10.6372076" lon="104.1472176"><ele>5.2</ele><time>2026-05-02T03:05:00.986Z</time></trkpt>
      <trkpt lat="10.6372174" lon="104.1471678"><ele>5.2</ele><time>2026-05-02T03:05:01.987Z</time></trkpt>
      <trkpt lat="10.6372269" lon="104.1471151"><ele>5.1</ele><time>2026-05-02T03:05:02.986Z</time></trkpt>
      <trkpt lat="10.6372358" lon="104.1470619"><ele>5.0</ele><time>2026-05-02T03:05:03.986Z</time></trkpt>
      <trkpt lat="10.6372433" lon="104.1470094"><ele>4.7</ele><time>2026-05-02T03:05:04.985Z</time></trkpt>
      <trkpt lat="10.6372492" lon="104.1469484"><ele>4.5</ele><time>2026-05-02T03:05:05.986Z</time></trkpt>
      <trkpt lat="10.6372558" lon="104.1468988"><ele>4.0</ele><time>2026-05-02T03:05:06.986Z</time></trkpt>
      <trkpt lat="10.6372677" lon="104.1468409"><ele>3.5</ele><time>2026-05-02T03:05:07.986Z</time></trkpt>
      <trkpt lat="10.6372738" lon="104.1467781"><ele>3.0</ele><time>2026-05-02T03:05:08.986Z</time></trkpt>
      <trkpt lat="10.6372839" lon="104.1467216"><ele>2.9</ele><time>2026-05-02T03:05:09.985Z</time></trkpt>
      <trkpt lat="10.6372944" lon="104.1466621"><ele>2.7</ele><time>2026-05-02T03:05:10.986Z</time></trkpt>
      <trkpt lat="10.6373028" lon="104.1466039"><ele>2.7</ele><time>2026-05-02T03:05:11.986Z</time></trkpt>
      <trkpt lat="10.6373108" lon="104.1465445"><ele>2.6</ele><time>2026-05-02T03:05:12.986Z</time></trkpt>
      <trkpt lat="10.6373150" lon="104.1464807"><ele>2.7</ele><time>2026-05-02T03:05:13.986Z</time></trkpt>
      <trkpt lat="10.6373229" lon="104.1464195"><ele>2.8</ele><time>2026-05-02T03:05:14.985Z</time></trkpt>
      <trkpt lat="10.6373280" lon="104.1463608"><ele>2.9</ele><time>2026-05-02T03:05:15.986Z</time></trkpt>
      <trkpt lat="10.6373338" lon="104.1462956"><ele>2.8</ele><time>2026-05-02T03:05:16.986Z</time></trkpt>
      <trkpt lat="10.6373403" lon="104.1462380"><ele>2.7</ele><time>2026-05-02T03:05:17.986Z</time></trkpt>
      <trkpt lat="10.6373426" lon="104.1461814"><ele>2.7</ele><time>2026-05-02T03:05:18.986Z</time></trkpt>
      <trkpt lat="10.6373503" lon="104.1461291"><ele>2.8</ele><time>2026-05-02T03:05:19.986Z</time></trkpt>
      <trkpt lat="10.6373579" lon="104.1460827"><ele>2.8</ele><time>2026-05-02T03:05:20.986Z</time></trkpt>
      <trkpt lat="10.6373860" lon="104.1460410"><ele>2.8</ele><time>2026-05-02T03:05:21.986Z</time></trkpt>
      <trkpt lat="10.6374241" lon="104.1460200"><ele>2.8</ele><time>2026-05-02T03:05:22.987Z</time></trkpt>
      <trkpt lat="10.6374656" lon="104.1460185"><ele>2.8</ele><time>2026-05-02T03:05:23.986Z</time></trkpt>
      <trkpt lat="10.6375103" lon="104.1460156"><ele>2.8</ele><time>2026-05-02T03:05:24.987Z</time></trkpt>
      <trkpt lat="10.6375552" lon="104.1460171"><ele>2.7</ele><time>2026-05-02T03:05:25.986Z</time></trkpt>
      <trkpt lat="10.6376041" lon="104.1460181"><ele>2.5</ele><time>2026-05-02T03:05:26.987Z</time></trkpt>
      <trkpt lat="10.6376527" lon="104.1460216"><ele>2.3</ele><time>2026-05-02T03:05:27.986Z</time></trkpt>
      <trkpt lat="10.6377018" lon="104.1460301"><ele>2.1</ele><time>2026-05-02T03:05:28.986Z</time></trkpt>
      <trkpt lat="10.6377487" lon="104.1460514"><ele>2.2</ele><time>2026-05-02T03:05:29.987Z</time></trkpt>
      <trkpt lat="10.6377917" lon="104.1460775"><ele>2.0</ele><time>2026-05-02T03:05:30.985Z</time></trkpt>
      <trkpt lat="10.6378328" lon="104.1461088"><ele>1.9</ele><time>2026-05-02T03:05:31.986Z</time></trkpt>
      <trkpt lat="10.6378684" lon="104.1461422"><ele>1.7</ele><time>2026-05-02T03:05:32.987Z</time></trkpt>
      <trkpt lat="10.6379081" lon="104.1461764"><ele>1.6</ele><time>2026-05-02T03:05:33.986Z</time></trkpt>
      <trkpt lat="10.6379440" lon="104.1462047"><ele>1.6</ele><time>2026-05-02T03:05:34.985Z</time></trkpt>
      <trkpt lat="10.6379843" lon="104.1462290"><ele>1.6</ele><time>2026-05-02T03:05:35.986Z</time></trkpt>
      <trkpt lat="10.6380319" lon="104.1462529"><ele>1.6</ele><time>2026-05-02T03:05:36.986Z</time></trkpt>
      <trkpt lat="10.6380803" lon="104.1462748"><ele>1.7</ele><time>2026-05-02T03:05:37.985Z</time></trkpt>
      <trkpt lat="10.6381248" lon="104.1462935"><ele>1.9</ele><time>2026-05-02T03:05:38.986Z</time></trkpt>
      <trkpt lat="10.6381712" lon="104.1463082"><ele>2.1</ele><time>2026-05-02T03:05:39.986Z</time></trkpt>
      <trkpt lat="10.6382190" lon="104.1463277"><ele>2.3</ele><time>2026-05-02T03:05:40.986Z</time></trkpt>
      <trkpt lat="10.6382672" lon="104.1463425"><ele>2.1</ele><time>2026-05-02T03:05:41.986Z</time></trkpt>
      <trkpt lat="10.6383155" lon="104.1463589"><ele>2.1</ele><time>2026-05-02T03:05:42.986Z</time></trkpt>
      <trkpt lat="10.6383657" lon="104.1463713"><ele>1.8</ele><time>2026-05-02T03:05:43.986Z</time></trkpt>
      <trkpt lat="10.6384174" lon="104.1463879"><ele>1.7</ele><time>2026-05-02T03:05:44.986Z</time></trkpt>
      <trkpt lat="10.6384678" lon="104.1464124"><ele>1.7</ele><time>2026-05-02T03:05:45.985Z</time></trkpt>
      <trkpt lat="10.6385240" lon="104.1464334"><ele>1.7</ele><time>2026-05-02T03:05:46.987Z</time></trkpt>
      <trkpt lat="10.6385679" lon="104.1464581"><ele>1.8</ele><time>2026-05-02T03:05:47.987Z</time></trkpt>
      <trkpt lat="10.6386122" lon="104.1464875"><ele>2.0</ele><time>2026-05-02T03:05:48.986Z</time></trkpt>
      <trkpt lat="10.6386445" lon="104.1465193"><ele>2.1</ele><time>2026-05-02T03:05:49.986Z</time></trkpt>
      <trkpt lat="10.6386814" lon="104.1465396"><ele>2.1</ele><time>2026-05-02T03:05:50.986Z</time></trkpt>
      <trkpt lat="10.6387210" lon="104.1465588"><ele>2.0</ele><time>2026-05-02T03:05:51.986Z</time></trkpt>
      <trkpt lat="10.6387525" lon="104.1465836"><ele>2.3</ele><time>2026-05-02T03:05:52.986Z</time></trkpt>
      <trkpt lat="10.6387874" lon="104.1466066"><ele>2.5</ele><time>2026-05-02T03:05:53.985Z</time></trkpt>
      <trkpt lat="10.6388254" lon="104.1466219"><ele>2.6</ele><time>2026-05-02T03:05:54.986Z</time></trkpt>
      <trkpt lat="10.6388636" lon="104.1466416"><ele>2.4</ele><time>2026-05-02T03:05:55.986Z</time></trkpt>
      <trkpt lat="10.6388997" lon="104.1466643"><ele>2.2</ele><time>2026-05-02T03:05:56.986Z</time></trkpt>
      <trkpt lat="10.6389340" lon="104.1466863"><ele>1.9</ele><time>2026-05-02T03:05:57.986Z</time></trkpt>
      <trkpt lat="10.6389702" lon="104.1467042"><ele>1.7</ele><time>2026-05-02T03:05:58.986Z</time></trkpt>
      <trkpt lat="10.6390081" lon="104.1467220"><ele>1.7</ele><time>2026-05-02T03:05:59.985Z</time></trkpt>
      <trkpt lat="10.6390450" lon="104.1467426"><ele>1.7</ele><time>2026-05-02T03:06:00.985Z</time></trkpt>
      <trkpt lat="10.6390783" lon="104.1467657"><ele>1.6</ele><time>2026-05-02T03:06:01.986Z</time></trkpt>
      <trkpt lat="10.6391189" lon="104.1467879"><ele>1.3</ele><time>2026-05-02T03:06:02.986Z</time></trkpt>
      <trkpt lat="10.6391596" lon="104.1468130"><ele>0.8</ele><time>2026-05-02T03:06:03.986Z</time></trkpt>
      <trkpt lat="10.6391974" lon="104.1468328"><ele>0.5</ele><time>2026-05-02T03:06:04.986Z</time></trkpt>
      <trkpt lat="10.6392357" lon="104.1468614"><ele>0.5</ele><time>2026-05-02T03:06:05.986Z</time></trkpt>
      <trkpt lat="10.6392764" lon="104.1468895"><ele>0.6</ele><time>2026-05-02T03:06:06.987Z</time></trkpt>
      <trkpt lat="10.6393172" lon="104.1469141"><ele>0.6</ele><time>2026-05-02T03:06:07.986Z</time></trkpt>
      <trkpt lat="10.6393591" lon="104.1469473"><ele>0.5</ele><time>2026-05-02T03:06:08.986Z</time></trkpt>
      <trkpt lat="10.6394027" lon="104.1469768"><ele>0.3</ele><time>2026-05-02T03:06:09.987Z</time></trkpt>
      <trkpt lat="10.6394502" lon="104.1470009"><ele>-0.0</ele><time>2026-05-02T03:06:10.986Z</time></trkpt>
      <trkpt lat="10.6394944" lon="104.1470227"><ele>-0.3</ele><time>2026-05-02T03:06:11.987Z</time></trkpt>
      <trkpt lat="10.6395451" lon="104.1470514"><ele>-0.6</ele><time>2026-05-02T03:06:12.986Z</time></trkpt>
      <trkpt lat="10.6395847" lon="104.1470823"><ele>-0.4</ele><time>2026-05-02T03:06:13.986Z</time></trkpt>
      <trkpt lat="10.6396333" lon="104.1471042"><ele>-0.5</ele><time>2026-05-02T03:06:14.986Z</time></trkpt>
      <trkpt lat="10.6396823" lon="104.1471259"><ele>-0.7</ele><time>2026-05-02T03:06:15.986Z</time></trkpt>
      <trkpt lat="10.6397150" lon="104.1471567"><ele>-1.1</ele><time>2026-05-02T03:06:16.985Z</time></trkpt>
      <trkpt lat="10.6397403" lon="104.1471910"><ele>-1.2</ele><time>2026-05-02T03:06:17.985Z</time></trkpt>
      <trkpt lat="10.6397609" lon="104.1472233"><ele>-1.2</ele><time>2026-05-02T03:06:18.984Z</time></trkpt>
      <trkpt lat="10.6397612" lon="104.1472704"><ele>-1.5</ele><time>2026-05-02T03:06:19.985Z</time></trkpt>
      <trkpt lat="10.6397607" lon="104.1472999"><ele>-1.5</ele><time>2026-05-02T03:06:20.986Z</time></trkpt>
      <trkpt lat="10.6397567" lon="104.1473414"><ele>-1.5</ele><time>2026-05-02T03:06:21.986Z</time></trkpt>
      <trkpt lat="10.6397499" lon="104.1473729"><ele>-1.5</ele><time>2026-05-02T03:06:22.985Z</time></trkpt>
      <trkpt lat="10.6397541" lon="104.1474088"><ele>-1.7</ele><time>2026-05-02T03:06:23.986Z</time></trkpt>
      <trkpt lat="10.6397596" lon="104.1474464"><ele>-1.8</ele><time>2026-05-02T03:06:24.986Z</time></trkpt>
      <trkpt lat="10.6397620" lon="104.1474840"><ele>-1.6</ele><time>2026-05-02T03:06:25.986Z</time></trkpt>
      <trkpt lat="10.6397580" lon="104.1475233"><ele>-1.5</ele><time>2026-05-02T03:06:26.985Z</time></trkpt>
      <trkpt lat="10.6397531" lon="104.1475630"><ele>-1.5</ele><time>2026-05-02T03:06:27.985Z</time></trkpt>
      <trkpt lat="10.6397511" lon="104.1476006"><ele>-1.8</ele><time>2026-05-02T03:06:28.985Z</time></trkpt>
      <trkpt lat="10.6397503" lon="104.1476426"><ele>-1.8</ele><time>2026-05-02T03:06:29.985Z</time></trkpt>
      <trkpt lat="10.6397490" lon="104.1476836"><ele>-1.4</ele><time>2026-05-02T03:06:30.985Z</time></trkpt>
      <trkpt lat="10.6397477" lon="104.1477233"><ele>-1.0</ele><time>2026-05-02T03:06:31.986Z</time></trkpt>
      <trkpt lat="10.6397467" lon="104.1477626"><ele>-0.8</ele><time>2026-05-02T03:06:32.986Z</time></trkpt>
      <trkpt lat="10.6397426" lon="104.1478033"><ele>-0.9</ele><time>2026-05-02T03:06:33.985Z</time></trkpt>
      <trkpt lat="10.6397379" lon="104.1478440"><ele>-0.6</ele><time>2026-05-02T03:06:34.987Z</time></trkpt>
      <trkpt lat="10.6397295" lon="104.1478843"><ele>-0.4</ele><time>2026-05-02T03:06:35.986Z</time></trkpt>
      <trkpt lat="10.6397268" lon="104.1479237"><ele>-0.2</ele><time>2026-05-02T03:06:36.985Z</time></trkpt>
      <trkpt lat="10.6397381" lon="104.1479625"><ele>0.2</ele><time>2026-05-02T03:06:37.986Z</time></trkpt>
      <trkpt lat="10.6397462" lon="104.1480015"><ele>0.6</ele><time>2026-05-02T03:06:38.986Z</time></trkpt>
      <trkpt lat="10.6397432" lon="104.1480426"><ele>1.0</ele><time>2026-05-02T03:06:39.985Z</time></trkpt>
      <trkpt lat="10.6397386" lon="104.1480849"><ele>1.2</ele><time>2026-05-02T03:06:40.985Z</time></trkpt>
      <trkpt lat="10.6397335" lon="104.1481269"><ele>1.4</ele><time>2026-05-02T03:06:41.986Z</time></trkpt>
      <trkpt lat="10.6397307" lon="104.1481654"><ele>1.8</ele><time>2026-05-02T03:06:42.986Z</time></trkpt>
      <trkpt lat="10.6397264" lon="104.1482006"><ele>1.8</ele><time>2026-05-02T03:06:43.986Z</time></trkpt>
      <trkpt lat="10.6397238" lon="104.1482391"><ele>1.8</ele><time>2026-05-02T03:06:44.984Z</time></trkpt>
      <trkpt lat="10.6397236" lon="104.1482803"><ele>1.5</ele><time>2026-05-02T03:06:45.987Z</time></trkpt>
      <trkpt lat="10.6397227" lon="104.1483200"><ele>1.2</ele><time>2026-05-02T03:06:46.985Z</time></trkpt>
      <trkpt lat="10.6397195" lon="104.1483606"><ele>1.0</ele><time>2026-05-02T03:06:47.985Z</time></trkpt>
      <trkpt lat="10.6397156" lon="104.1484041"><ele>1.0</ele><time>2026-05-02T03:06:48.986Z</time></trkpt>
      <trkpt lat="10.6397118" lon="104.1484445"><ele>0.7</ele><time>2026-05-02T03:06:49.986Z</time></trkpt>
      <trkpt lat="10.6397121" lon="104.1484837"><ele>0.4</ele><time>2026-05-02T03:06:50.986Z</time></trkpt>
      <trkpt lat="10.6397147" lon="104.1485260"><ele>0.2</ele><time>2026-05-02T03:06:51.986Z</time></trkpt>
      <trkpt lat="10.6397133" lon="104.1485711"><ele>-0.0</ele><time>2026-05-02T03:06:52.986Z</time></trkpt>
      <trkpt lat="10.6397104" lon="104.1486155"><ele>-0.2</ele><time>2026-05-02T03:06:53.987Z</time></trkpt>
      <trkpt lat="10.6397107" lon="104.1486596"><ele>-0.4</ele><time>2026-05-02T03:06:54.984Z</time></trkpt>
      <trkpt lat="10.6397162" lon="104.1487044"><ele>-0.3</ele><time>2026-05-02T03:06:55.986Z</time></trkpt>
      <trkpt lat="10.6397184" lon="104.1487523"><ele>-0.3</ele><time>2026-05-02T03:06:56.986Z</time></trkpt>
      <trkpt lat="10.6397213" lon="104.1487989"><ele>-0.1</ele><time>2026-05-02T03:06:57.986Z</time></trkpt>
      <trkpt lat="10.6397226" lon="104.1488388"><ele>0.0</ele><time>2026-05-02T03:06:58.986Z</time></trkpt>
      <trkpt lat="10.6397278" lon="104.1488924"><ele>0.2</ele><time>2026-05-02T03:06:59.986Z</time></trkpt>
      <trkpt lat="10.6397270" lon="104.1489350"><ele>0.1</ele><time>2026-05-02T03:07:00.986Z</time></trkpt>
      <trkpt lat="10.6397323" lon="104.1489801"><ele>0.1</ele><time>2026-05-02T03:07:01.987Z</time></trkpt>
      <trkpt lat="10.6397321" lon="104.1490256"><ele>-0.0</ele><time>2026-05-02T03:07:02.987Z</time></trkpt>
      <trkpt lat="10.6397338" lon="104.1490734"><ele>-0.2</ele><time>2026-05-02T03:07:03.986Z</time></trkpt>
      <trkpt lat="10.6397371" lon="104.1491201"><ele>-0.3</ele><time>2026-05-02T03:07:04.986Z</time></trkpt>
      <trkpt lat="10.6397379" lon="104.1491692"><ele>-0.4</ele><time>2026-05-02T03:07:05.986Z</time></trkpt>
      <trkpt lat="10.6397461" lon="104.1492130"><ele>-0.6</ele><time>2026-05-02T03:07:06.986Z</time></trkpt>
      <trkpt lat="10.6397489" lon="104.1492618"><ele>-0.7</ele><time>2026-05-02T03:07:07.986Z</time></trkpt>
      <trkpt lat="10.6397447" lon="104.1493103"><ele>-0.8</ele><time>2026-05-02T03:07:08.985Z</time></trkpt>
      <trkpt lat="10.6397396" lon="104.1493592"><ele>-0.9</ele><time>2026-05-02T03:07:09.986Z</time></trkpt>
      <trkpt lat="10.6397300" lon="104.1494052"><ele>-0.9</ele><time>2026-05-02T03:07:10.985Z</time></trkpt>
      <trkpt lat="10.6397271" lon="104.1494528"><ele>-0.9</ele><time>2026-05-02T03:07:11.985Z</time></trkpt>
      <trkpt lat="10.6397227" lon="104.1495001"><ele>-1.0</ele><time>2026-05-02T03:07:12.985Z</time></trkpt>
      <trkpt lat="10.6397179" lon="104.1495380"><ele>-1.1</ele><time>2026-05-02T03:07:13.986Z</time></trkpt>
      <trkpt lat="10.6397136" lon="104.1495837"><ele>-1.3</ele><time>2026-05-02T03:07:14.986Z</time></trkpt>
      <trkpt lat="10.6397067" lon="104.1496334"><ele>-1.4</ele><time>2026-05-02T03:07:15.986Z</time></trkpt>
      <trkpt lat="10.6397004" lon="104.1496809"><ele>-1.4</ele><time>2026-05-02T03:07:16.985Z</time></trkpt>
      <trkpt lat="10.6397015" lon="104.1497244"><ele>-1.5</ele><time>2026-05-02T03:07:17.985Z</time></trkpt>
      <trkpt lat="10.6396976" lon="104.1497712"><ele>-1.6</ele><time>2026-05-02T03:07:18.986Z</time></trkpt>
      <trkpt lat="10.6396935" lon="104.1498176"><ele>-1.6</ele><time>2026-05-02T03:07:19.985Z</time></trkpt>
      <trkpt lat="10.6396893" lon="104.1498669"><ele>-1.7</ele><time>2026-05-02T03:07:20.986Z</time></trkpt>
      <trkpt lat="10.6396865" lon="104.1499117"><ele>-2.0</ele><time>2026-05-02T03:07:21.985Z</time></trkpt>
      <trkpt lat="10.6396871" lon="104.1499636"><ele>-2.3</ele><time>2026-05-02T03:07:22.986Z</time></trkpt>
      <trkpt lat="10.6396961" lon="104.1500159"><ele>-2.4</ele><time>2026-05-02T03:07:23.986Z</time></trkpt>
      <trkpt lat="10.6397082" lon="104.1500694"><ele>-2.5</ele><time>2026-05-02T03:07:24.986Z</time></trkpt>
      <trkpt lat="10.6397178" lon="104.1501278"><ele>-2.4</ele><time>2026-05-02T03:07:25.985Z</time></trkpt>
      <trkpt lat="10.6397188" lon="104.1501833"><ele>-2.3</ele><time>2026-05-02T03:07:26.984Z</time></trkpt>
      <trkpt lat="10.6397166" lon="104.1502412"><ele>-1.9</ele><time>2026-05-02T03:07:27.985Z</time></trkpt>
      <trkpt lat="10.6397209" lon="104.1502951"><ele>-1.6</ele><time>2026-05-02T03:07:28.984Z</time></trkpt>
      <trkpt lat="10.6397209" lon="104.1503439"><ele>-1.6</ele><time>2026-05-02T03:07:29.986Z</time></trkpt>
      <trkpt lat="10.6397168" lon="104.1503958"><ele>-1.7</ele><time>2026-05-02T03:07:30.985Z</time></trkpt>
      <trkpt lat="10.6397177" lon="104.1504386"><ele>-1.8</ele><time>2026-05-02T03:07:31.986Z</time></trkpt>
      <trkpt lat="10.6397192" lon="104.1504873"><ele>-1.7</ele><time>2026-05-02T03:07:32.985Z</time></trkpt>
      <trkpt lat="10.6397234" lon="104.1505366"><ele>-1.6</ele><time>2026-05-02T03:07:33.985Z</time></trkpt>
      <trkpt lat="10.6397200" lon="104.1505838"><ele>-1.6</ele><time>2026-05-02T03:07:34.986Z</time></trkpt>
      <trkpt lat="10.6397214" lon="104.1506314"><ele>-1.6</ele><time>2026-05-02T03:07:35.986Z</time></trkpt>
      <trkpt lat="10.6397293" lon="104.1506812"><ele>-1.4</ele><time>2026-05-02T03:07:36.986Z</time></trkpt>
      <trkpt lat="10.6397213" lon="104.1507313"><ele>-1.4</ele><time>2026-05-02T03:07:37.985Z</time></trkpt>
      <trkpt lat="10.6397330" lon="104.1507793"><ele>-1.1</ele><time>2026-05-02T03:07:38.985Z</time></trkpt>
      <trkpt lat="10.6397347" lon="104.1508260"><ele>-1.0</ele><time>2026-05-02T03:07:39.986Z</time></trkpt>
      <trkpt lat="10.6397391" lon="104.1508732"><ele>-1.0</ele><time>2026-05-02T03:07:40.985Z</time></trkpt>
      <trkpt lat="10.6397420" lon="104.1509148"><ele>-1.2</ele><time>2026-05-02T03:07:41.986Z</time></trkpt>
      <trkpt lat="10.6397342" lon="104.1509594"><ele>-1.8</ele><time>2026-05-02T03:07:42.985Z</time></trkpt>
      <trkpt lat="10.6397320" lon="104.1510061"><ele>-2.3</ele><time>2026-05-02T03:07:43.985Z</time></trkpt>
      <trkpt lat="10.6397332" lon="104.1510570"><ele>-2.7</ele><time>2026-05-02T03:07:44.986Z</time></trkpt>
      <trkpt lat="10.6397349" lon="104.1511107"><ele>-2.7</ele><time>2026-05-02T03:07:45.985Z</time></trkpt>
      <trkpt lat="10.6397330" lon="104.1511665"><ele>-2.8</ele><time>2026-05-02T03:07:46.986Z</time></trkpt>
      <trkpt lat="10.6397353" lon="104.1512199"><ele>-3.0</ele><time>2026-05-02T03:07:47.986Z</time></trkpt>
      <trkpt lat="10.6397344" lon="104.1512733"><ele>-3.4</ele><time>2026-05-02T03:07:48.986Z</time></trkpt>
      <trkpt lat="10.6397287" lon="104.1513326"><ele>-3.5</ele><time>2026-05-02T03:07:49.985Z</time></trkpt>
      <trkpt lat="10.6397278" lon="104.1513918"><ele>-3.6</ele><time>2026-05-02T03:07:50.986Z</time></trkpt>
      <trkpt lat="10.6397314" lon="104.1514437"><ele>-3.3</ele><time>2026-05-02T03:07:51.985Z</time></trkpt>
      <trkpt lat="10.6397296" lon="104.1514998"><ele>-3.4</ele><time>2026-05-02T03:07:52.984Z</time></trkpt>
      <trkpt lat="10.6397302" lon="104.1515639"><ele>-3.6</ele><time>2026-05-02T03:07:53.987Z</time></trkpt>
      <trkpt lat="10.6397311" lon="104.1516224"><ele>-3.8</ele><time>2026-05-02T03:07:54.985Z</time></trkpt>
      <trkpt lat="10.6397278" lon="104.1516830"><ele>-3.5</ele><time>2026-05-02T03:07:55.984Z</time></trkpt>
      <trkpt lat="10.6397172" lon="104.1517379"><ele>-3.3</ele><time>2026-05-02T03:07:56.986Z</time></trkpt>
      <trkpt lat="10.6397230" lon="104.1517878"><ele>-2.7</ele><time>2026-05-02T03:07:57.986Z</time></trkpt>
      <trkpt lat="10.6397315" lon="104.1518501"><ele>-1.7</ele><time>2026-05-02T03:07:58.986Z</time></trkpt>
      <trkpt lat="10.6397278" lon="104.1519059"><ele>-0.7</ele><time>2026-05-02T03:07:59.984Z</time></trkpt>
      <trkpt lat="10.6397241" lon="104.1519606"><ele>-0.1</ele><time>2026-05-02T03:08:00.987Z</time></trkpt>
      <trkpt lat="10.6397210" lon="104.1520195"><ele>-0.3</ele><time>2026-05-02T03:08:01.986Z</time></trkpt>
      <trkpt lat="10.6397227" lon="104.1520712"><ele>-0.7</ele><time>2026-05-02T03:08:02.986Z</time></trkpt>
      <trkpt lat="10.6397290" lon="104.1521319"><ele>-1.3</ele><time>2026-05-02T03:08:03.986Z</time></trkpt>
      <trkpt lat="10.6397363" lon="104.1521909"><ele>-1.8</ele><time>2026-05-02T03:08:04.986Z</time></trkpt>
      <trkpt lat="10.6397333" lon="104.1522514"><ele>-2.1</ele><time>2026-05-02T03:08:05.986Z</time></trkpt>
      <trkpt lat="10.6397292" lon="104.1523094"><ele>-2.2</ele><time>2026-05-02T03:08:06.987Z</time></trkpt>
      <trkpt lat="10.6397237" lon="104.1523707"><ele>-2.1</ele><time>2026-05-02T03:08:07.986Z</time></trkpt>
      <trkpt lat="10.6397094" lon="104.1524252"><ele>-2.0</ele><time>2026-05-02T03:08:08.985Z</time></trkpt>
      <trkpt lat="10.6396812" lon="104.1524740"><ele>-1.8</ele><time>2026-05-02T03:08:09.986Z</time></trkpt>
      <trkpt lat="10.6396631" lon="104.1525167"><ele>-1.6</ele><time>2026-05-02T03:08:10.985Z</time></trkpt>
      <trkpt lat="10.6396460" lon="104.1525634"><ele>-1.7</ele><time>2026-05-02T03:08:11.985Z</time></trkpt>
      <trkpt lat="10.6396239" lon="104.1526058"><ele>-1.9</ele><time>2026-05-02T03:08:12.985Z</time></trkpt>
      <trkpt lat="10.6396061" lon="104.1526435"><ele>-2.2</ele><time>2026-05-02T03:08:13.985Z</time></trkpt>
      <trkpt lat="10.6395799" lon="104.1526870"><ele>-2.5</ele><time>2026-05-02T03:08:14.985Z</time></trkpt>
      <trkpt lat="10.6395586" lon="104.1527302"><ele>-2.7</ele><time>2026-05-02T03:08:15.986Z</time></trkpt>
      <trkpt lat="10.6395333" lon="104.1527809"><ele>-3.1</ele><time>2026-05-02T03:08:16.986Z</time></trkpt>
      <trkpt lat="10.6395072" lon="104.1528292"><ele>-3.4</ele><time>2026-05-02T03:08:17.985Z</time></trkpt>
      <trkpt lat="10.6394855" lon="104.1528773"><ele>-3.9</ele><time>2026-05-02T03:08:18.985Z</time></trkpt>
      <trkpt lat="10.6394528" lon="104.1529209"><ele>-4.2</ele><time>2026-05-02T03:08:19.986Z</time></trkpt>
      <trkpt lat="10.6394277" lon="104.1529662"><ele>-4.5</ele><time>2026-05-02T03:08:20.985Z</time></trkpt>
      <trkpt lat="10.6393962" lon="104.1530074"><ele>-4.5</ele><time>2026-05-02T03:08:21.985Z</time></trkpt>
      <trkpt lat="10.6393697" lon="104.1530520"><ele>-4.5</ele><time>2026-05-02T03:08:22.985Z</time></trkpt>
      <trkpt lat="10.6393471" lon="104.1530999"><ele>-4.6</ele><time>2026-05-02T03:08:23.985Z</time></trkpt>
      <trkpt lat="10.6393116" lon="104.1531399"><ele>-4.8</ele><time>2026-05-02T03:08:24.987Z</time></trkpt>
      <trkpt lat="10.6392852" lon="104.1531827"><ele>-5.2</ele><time>2026-05-02T03:08:25.985Z</time></trkpt>
      <trkpt lat="10.6392580" lon="104.1532312"><ele>-5.5</ele><time>2026-05-02T03:08:26.986Z</time></trkpt>
      <trkpt lat="10.6392340" lon="104.1532768"><ele>-6.0</ele><time>2026-05-02T03:08:27.984Z</time></trkpt>
      <trkpt lat="10.6392107" lon="104.1533173"><ele>-6.3</ele><time>2026-05-02T03:08:28.985Z</time></trkpt>
      <trkpt lat="10.6391877" lon="104.1533607"><ele>-6.7</ele><time>2026-05-02T03:08:29.985Z</time></trkpt>
      <trkpt lat="10.6391704" lon="104.1534082"><ele>-6.8</ele><time>2026-05-02T03:08:30.986Z</time></trkpt>
      <trkpt lat="10.6391427" lon="104.1534511"><ele>-6.9</ele><time>2026-05-02T03:08:31.986Z</time></trkpt>
      <trkpt lat="10.6391172" lon="104.1534934"><ele>-6.5</ele><time>2026-05-02T03:08:32.985Z</time></trkpt>
      <trkpt lat="10.6390910" lon="104.1535337"><ele>-6.2</ele><time>2026-05-02T03:08:33.985Z</time></trkpt>
      <trkpt lat="10.6390614" lon="104.1535732"><ele>-6.0</ele><time>2026-05-02T03:08:34.986Z</time></trkpt>
      <trkpt lat="10.6390265" lon="104.1536087"><ele>-5.9</ele><time>2026-05-02T03:08:35.985Z</time></trkpt>
      <trkpt lat="10.6389893" lon="104.1536382"><ele>-5.8</ele><time>2026-05-02T03:08:36.985Z</time></trkpt>
      <trkpt lat="10.6389467" lon="104.1536615"><ele>-5.5</ele><time>2026-05-02T03:08:37.986Z</time></trkpt>
      <trkpt lat="10.6389058" lon="104.1536809"><ele>-5.2</ele><time>2026-05-02T03:08:38.987Z</time></trkpt>
      <trkpt lat="10.6388573" lon="104.1536943"><ele>-4.9</ele><time>2026-05-02T03:08:39.986Z</time></trkpt>
      <trkpt lat="10.6388116" lon="104.1537131"><ele>-4.7</ele><time>2026-05-02T03:08:40.986Z</time></trkpt>
      <trkpt lat="10.6387648" lon="104.1537282"><ele>-4.4</ele><time>2026-05-02T03:08:41.985Z</time></trkpt>
      <trkpt lat="10.6387233" lon="104.1537402"><ele>-4.1</ele><time>2026-05-02T03:08:42.985Z</time></trkpt>
      <trkpt lat="10.6386804" lon="104.1537478"><ele>-3.8</ele><time>2026-05-02T03:08:43.985Z</time></trkpt>
      <trkpt lat="10.6386430" lon="104.1537613"><ele>-3.8</ele><time>2026-05-02T03:08:44.985Z</time></trkpt>
      <trkpt lat="10.6386037" lon="104.1537781"><ele>-3.8</ele><time>2026-05-02T03:08:45.985Z</time></trkpt>
      <trkpt lat="10.6385607" lon="104.1537930"><ele>-3.9</ele><time>2026-05-02T03:08:46.984Z</time></trkpt>
      <trkpt lat="10.6385179" lon="104.1538018"><ele>-3.7</ele><time>2026-05-02T03:08:47.986Z</time></trkpt>
      <trkpt lat="10.6384784" lon="104.1538093"><ele>-3.4</ele><time>2026-05-02T03:08:48.985Z</time></trkpt>
      <trkpt lat="10.6384408" lon="104.1538182"><ele>-3.0</ele><time>2026-05-02T03:08:49.985Z</time></trkpt>
      <trkpt lat="10.6384070" lon="104.1538284"><ele>-2.8</ele><time>2026-05-02T03:08:50.986Z</time></trkpt>
      <trkpt lat="10.6383743" lon="104.1538461"><ele>-2.7</ele><time>2026-05-02T03:08:51.985Z</time></trkpt>
      <trkpt lat="10.6383424" lon="104.1538726"><ele>-2.7</ele><time>2026-05-02T03:08:52.987Z</time></trkpt>
      <trkpt lat="10.6383102" lon="104.1539030"><ele>-2.6</ele><time>2026-05-02T03:08:53.986Z</time></trkpt>
      <trkpt lat="10.6382782" lon="104.1539314"><ele>-2.5</ele><time>2026-05-02T03:08:54.985Z</time></trkpt>
      <trkpt lat="10.6382402" lon="104.1539560"><ele>-2.2</ele><time>2026-05-02T03:08:55.985Z</time></trkpt>
      <trkpt lat="10.6381994" lon="104.1539784"><ele>-2.0</ele><time>2026-05-02T03:08:56.986Z</time></trkpt>
      <trkpt lat="10.6381655" lon="104.1540031"><ele>-2.0</ele><time>2026-05-02T03:08:57.985Z</time></trkpt>
      <trkpt lat="10.6381286" lon="104.1540331"><ele>-2.0</ele><time>2026-05-02T03:08:58.986Z</time></trkpt>
      <trkpt lat="10.6381007" lon="104.1540719"><ele>-2.0</ele><time>2026-05-02T03:08:59.986Z</time></trkpt>
      <trkpt lat="10.6380831" lon="104.1541116"><ele>-2.0</ele><time>2026-05-02T03:09:00.985Z</time></trkpt>
      <trkpt lat="10.6380657" lon="104.1541550"><ele>-2.0</ele><time>2026-05-02T03:09:01.985Z</time></trkpt>
      <trkpt lat="10.6380466" lon="104.1541960"><ele>-2.1</ele><time>2026-05-02T03:09:02.985Z</time></trkpt>
      <trkpt lat="10.6380364" lon="104.1542383"><ele>-2.4</ele><time>2026-05-02T03:09:03.985Z</time></trkpt>
      <trkpt lat="10.6380248" lon="104.1542786"><ele>-2.6</ele><time>2026-05-02T03:09:04.986Z</time></trkpt>
      <trkpt lat="10.6380196" lon="104.1543143"><ele>-2.7</ele><time>2026-05-02T03:09:05.986Z</time></trkpt>
      <trkpt lat="10.6380082" lon="104.1543555"><ele>-2.7</ele><time>2026-05-02T03:09:06.985Z</time></trkpt>
      <trkpt lat="10.6379966" lon="104.1543916"><ele>-2.7</ele><time>2026-05-02T03:09:07.985Z</time></trkpt>
      <trkpt lat="10.6379772" lon="104.1544210"><ele>-2.8</ele><time>2026-05-02T03:09:08.985Z</time></trkpt>
      <trkpt lat="10.6379539" lon="104.1544498"><ele>-3.1</ele><time>2026-05-02T03:09:09.985Z</time></trkpt>
      <trkpt lat="10.6379428" lon="104.1544871"><ele>-3.7</ele><time>2026-05-02T03:09:10.985Z</time></trkpt>
      <trkpt lat="10.6379417" lon="104.1545230"><ele>-4.3</ele><time>2026-05-02T03:09:11.984Z</time></trkpt>
      <trkpt lat="10.6379403" lon="104.1545620"><ele>-4.7</ele><time>2026-05-02T03:09:12.986Z</time></trkpt>
      <trkpt lat="10.6379350" lon="104.1546022"><ele>-5.0</ele><time>2026-05-02T03:09:13.986Z</time></trkpt>
      <trkpt lat="10.6379271" lon="104.1546424"><ele>-5.1</ele><time>2026-05-02T03:09:14.987Z</time></trkpt>
      <trkpt lat="10.6379212" lon="104.1546842"><ele>-4.9</ele><time>2026-05-02T03:09:15.986Z</time></trkpt>
      <trkpt lat="10.6379152" lon="104.1547257"><ele>-4.8</ele><time>2026-05-02T03:09:16.985Z</time></trkpt>
      <trkpt lat="10.6379068" lon="104.1547668"><ele>-4.4</ele><time>2026-05-02T03:09:17.985Z</time></trkpt>
      <trkpt lat="10.6378983" lon="104.1548038"><ele>-4.2</ele><time>2026-05-02T03:09:18.985Z</time></trkpt>
      <trkpt lat="10.6378921" lon="104.1548380"><ele>-4.2</ele><time>2026-05-02T03:09:19.986Z</time></trkpt>
      <trkpt lat="10.6378816" lon="104.1548715"><ele>-4.5</ele><time>2026-05-02T03:09:20.985Z</time></trkpt>
      <trkpt lat="10.6378708" lon="104.1549023"><ele>-4.7</ele><time>2026-05-02T03:09:21.985Z</time></trkpt>
      <trkpt lat="10.6378637" lon="104.1549336"><ele>-4.4</ele><time>2026-05-02T03:09:22.985Z</time></trkpt>
      <trkpt lat="10.6378554" lon="104.1549634"><ele>-4.1</ele><time>2026-05-02T03:09:23.985Z</time></trkpt>
      <trkpt lat="10.6378426" lon="104.1549925"><ele>-3.8</ele><time>2026-05-02T03:09:24.985Z</time></trkpt>
      <trkpt lat="10.6378309" lon="104.1550213"><ele>-3.7</ele><time>2026-05-02T03:09:25.986Z</time></trkpt>
      <trkpt lat="10.6378209" lon="104.1550504"><ele>-3.3</ele><time>2026-05-02T03:09:26.984Z</time></trkpt>
      <trkpt lat="10.6378102" lon="104.1550784"><ele>-3.2</ele><time>2026-05-02T03:09:27.984Z</time></trkpt>
      <trkpt lat="10.6377988" lon="104.1551074"><ele>-3.3</ele><time>2026-05-02T03:09:28.985Z</time></trkpt>
      <trkpt lat="10.6377858" lon="104.1551360"><ele>-3.6</ele><time>2026-05-02T03:09:29.985Z</time></trkpt>
      <trkpt lat="10.6377720" lon="104.1551645"><ele>-3.5</ele><time>2026-05-02T03:09:30.985Z</time></trkpt>
      <trkpt lat="10.6377612" lon="104.1551898"><ele>-3.3</ele><time>2026-05-02T03:09:31.985Z</time></trkpt>
      <trkpt lat="10.6377506" lon="104.1552136"><ele>-2.9</ele><time>2026-05-02T03:09:32.985Z</time></trkpt>
      <trkpt lat="10.6377435" lon="104.1552352"><ele>-2.8</ele><time>2026-05-02T03:09:33.985Z</time></trkpt>
      <trkpt lat="10.6377377" lon="104.1552600"><ele>-2.6</ele><time>2026-05-02T03:09:34.986Z</time></trkpt>
      <trkpt lat="10.6377319" lon="104.1552847"><ele>-2.5</ele><time>2026-05-02T03:09:35.985Z</time></trkpt>
      <trkpt lat="10.6377226" lon="104.1553067"><ele>-2.2</ele><time>2026-05-02T03:09:36.986Z</time></trkpt>
      <trkpt lat="10.6377131" lon="104.1553309"><ele>-2.1</ele><time>2026-05-02T03:09:37.985Z</time></trkpt>
      <trkpt lat="10.6377024" lon="104.1553552"><ele>-2.1</ele><time>2026-05-02T03:09:38.985Z</time></trkpt>
      <trkpt lat="10.6376933" lon="104.1553802"><ele>-2.0</ele><time>2026-05-02T03:09:39.985Z</time></trkpt>
      <trkpt lat="10.6376850" lon="104.1554050"><ele>-1.9</ele><time>2026-05-02T03:09:40.985Z</time></trkpt>
      <trkpt lat="10.6376752" lon="104.1554312"><ele>-1.8</ele><time>2026-05-02T03:09:41.986Z</time></trkpt>
      <trkpt lat="10.6376668" lon="104.1554557"><ele>-1.7</ele><time>2026-05-02T03:09:42.985Z</time></trkpt>
      <trkpt lat="10.6376597" lon="104.1554802"><ele>-1.5</ele><time>2026-05-02T03:09:43.985Z</time></trkpt>
      <trkpt lat="10.6376520" lon="104.1555042"><ele>-1.3</ele><time>2026-05-02T03:09:44.985Z</time></trkpt>
      <trkpt lat="10.6376437" lon="104.1555283"><ele>-1.2</ele><time>2026-05-02T03:09:45.985Z</time></trkpt>
      <trkpt lat="10.6376341" lon="104.1555520"><ele>-1.2</ele><time>2026-05-02T03:09:46.987Z</time></trkpt>
      <trkpt lat="10.6376206" lon="104.1555731"><ele>-1.0</ele><time>2026-05-02T03:09:47.985Z</time></trkpt>
      <trkpt lat="10.6376060" lon="104.1555937"><ele>-0.9</ele><time>2026-05-02T03:09:48.985Z</time></trkpt>
      <trkpt lat="10.6375930" lon="104.1556166"><ele>-0.9</ele><time>2026-05-02T03:09:49.986Z</time></trkpt>
      <trkpt lat="10.6375855" lon="104.1556421"><ele>-1.1</ele><time>2026-05-02T03:09:50.985Z</time></trkpt>
      <trkpt lat="10.6375788" lon="104.1556693"><ele>-1.3</ele><time>2026-05-02T03:09:51.985Z</time></trkpt>
      <trkpt lat="10.6375694" lon="104.1556961"><ele>-1.2</ele><time>2026-05-02T03:09:52.985Z</time></trkpt>
      <trkpt lat="10.6375601" lon="104.1557245"><ele>-1.0</ele><time>2026-05-02T03:09:53.985Z</time></trkpt>
      <trkpt lat="10.6375516" lon="104.1557493"><ele>-0.9</ele><time>2026-05-02T03:09:54.984Z</time></trkpt>
      <trkpt lat="10.6375436" lon="104.1557738"><ele>-0.8</ele><time>2026-05-02T03:09:55.985Z</time></trkpt>
      <trkpt lat="10.6375347" lon="104.1557977"><ele>-0.5</ele><time>2026-05-02T03:09:56.985Z</time></trkpt>
      <trkpt lat="10.6375271" lon="104.1558189"><ele>-0.1</ele><time>2026-05-02T03:09:57.985Z</time></trkpt>
      <trkpt lat="10.6375216" lon="104.1558379"><ele>0.3</ele><time>2026-05-02T03:09:58.986Z</time></trkpt>
      <trkpt lat="10.6375168" lon="104.1558568"><ele>0.5</ele><time>2026-05-02T03:09:59.985Z</time></trkpt>
      <trkpt lat="10.6375115" lon="104.1558772"><ele>0.4</ele><time>2026-05-02T03:10:00.986Z</time></trkpt>
      <trkpt lat="10.6375066" lon="104.1559020"><ele>0.2</ele><time>2026-05-02T03:10:01.985Z</time></trkpt>
      <trkpt lat="10.6374991" lon="104.1559247"><ele>0.3</ele><time>2026-05-02T03:10:02.985Z</time></trkpt>
      <trkpt lat="10.6374889" lon="104.1559471"><ele>0.2</ele><time>2026-05-02T03:10:03.985Z</time></trkpt>
      <trkpt lat="10.6374790" lon="104.1559708"><ele>0.3</ele><time>2026-05-02T03:10:04.985Z</time></trkpt>
      <trkpt lat="10.6374696" lon="104.1559948"><ele>0.4</ele><time>2026-05-02T03:10:05.985Z</time></trkpt>
      <trkpt lat="10.6374601" lon="104.1560195"><ele>0.4</ele><time>2026-05-02T03:10:06.985Z</time></trkpt>
      <trkpt lat="10.6374505" lon="104.1560437"><ele>0.4</ele><time>2026-05-02T03:10:07.985Z</time></trkpt>
      <trkpt lat="10.6374415" lon="104.1560686"><ele>0.5</ele><time>2026-05-02T03:10:08.985Z</time></trkpt>
      <trkpt lat="10.6374309" lon="104.1560956"><ele>0.6</ele><time>2026-05-02T03:10:09.985Z</time></trkpt>
      <trkpt lat="10.6374212" lon="104.1561247"><ele>0.7</ele><time>2026-05-02T03:10:10.984Z</time></trkpt>
      <trkpt lat="10.6374098" lon="104.1561530"><ele>0.8</ele><time>2026-05-02T03:10:11.986Z</time></trkpt>
      <trkpt lat="10.6373960" lon="104.1561796"><ele>0.8</ele><time>2026-05-02T03:10:12.985Z</time></trkpt>
      <trkpt lat="10.6373813" lon="104.1562053"><ele>0.8</ele><time>2026-05-02T03:10:13.985Z</time></trkpt>
      <trkpt lat="10.6373689" lon="104.1562325"><ele>0.9</ele><time>2026-05-02T03:10:14.984Z</time></trkpt>
      <trkpt lat="10.6373587" lon="104.1562618"><ele>1.0</ele><time>2026-05-02T03:10:15.985Z</time></trkpt>
      <trkpt lat="10.6373512" lon="104.1562909"><ele>1.1</ele><time>2026-05-02T03:10:16.985Z</time></trkpt>
      <trkpt lat="10.6373426" lon="104.1563182"><ele>1.2</ele><time>2026-05-02T03:10:17.984Z</time></trkpt>
      <trkpt lat="10.6373301" lon="104.1563440"><ele>1.1</ele><time>2026-05-02T03:10:18.985Z</time></trkpt>
      <trkpt lat="10.6373163" lon="104.1563686"><ele>1.1</ele><time>2026-05-02T03:10:19.985Z</time></trkpt>
      <trkpt lat="10.6373043" lon="104.1563928"><ele>0.9</ele><time>2026-05-02T03:10:20.986Z</time></trkpt>
      <trkpt lat="10.6372904" lon="104.1564165"><ele>0.7</ele><time>2026-05-02T03:10:21.986Z</time></trkpt>
      <trkpt lat="10.6372767" lon="104.1564413"><ele>0.6</ele><time>2026-05-02T03:10:22.985Z</time></trkpt>
      <trkpt lat="10.6372656" lon="104.1564678"><ele>0.8</ele><time>2026-05-02T03:10:23.985Z</time></trkpt>
      <trkpt lat="10.6372556" lon="104.1564943"><ele>1.1</ele><time>2026-05-02T03:10:24.985Z</time></trkpt>
      <trkpt lat="10.6372442" lon="104.1565211"><ele>1.0</ele><time>2026-05-02T03:10:25.985Z</time></trkpt>
      <trkpt lat="10.6372362" lon="104.1565477"><ele>0.8</ele><time>2026-05-02T03:10:26.985Z</time></trkpt>
      <trkpt lat="10.6372282" lon="104.1565763"><ele>0.6</ele><time>2026-05-02T03:10:27.985Z</time></trkpt>
      <trkpt lat="10.6372208" lon="104.1566055"><ele>0.5</ele><time>2026-05-02T03:10:28.985Z</time></trkpt>
      <trkpt lat="10.6372162" lon="104.1566346"><ele>0.5</ele><time>2026-05-02T03:10:29.985Z</time></trkpt>
      <trkpt lat="10.6372096" lon="104.1566647"><ele>0.6</ele><time>2026-05-02T03:10:30.985Z</time></trkpt>
      <trkpt lat="10.6372033" lon="104.1566924"><ele>0.7</ele><time>2026-05-02T03:10:31.984Z</time></trkpt>
      <trkpt lat="10.6372009" lon="104.1567207"><ele>0.8</ele><time>2026-05-02T03:10:32.986Z</time></trkpt>
      <trkpt lat="10.6371999" lon="104.1567492"><ele>1.1</ele><time>2026-05-02T03:10:33.984Z</time></trkpt>
      <trkpt lat="10.6372033" lon="104.1567769"><ele>1.1</ele><time>2026-05-02T03:10:34.985Z</time></trkpt>
      <trkpt lat="10.6372013" lon="104.1568045"><ele>1.3</ele><time>2026-05-02T03:10:35.984Z</time></trkpt>
      <trkpt lat="10.6371956" lon="104.1568335"><ele>1.2</ele><time>2026-05-02T03:10:36.985Z</time></trkpt>
      <trkpt lat="10.6371881" lon="104.1568627"><ele>1.3</ele><time>2026-05-02T03:10:37.985Z</time></trkpt>
      <trkpt lat="10.6371824" lon="104.1568913"><ele>1.5</ele><time>2026-05-02T03:10:38.984Z</time></trkpt>
      <trkpt lat="10.6371811" lon="104.1569207"><ele>1.8</ele><time>2026-05-02T03:10:39.985Z</time></trkpt>
      <trkpt lat="10.6371787" lon="104.1569491"><ele>2.1</ele><time>2026-05-02T03:10:40.985Z</time></trkpt>
      <trkpt lat="10.6371758" lon="104.1569787"><ele>2.1</ele><time>2026-05-02T03:10:41.985Z</time></trkpt>
      <trkpt lat="10.6371700" lon="104.1570111"><ele>2.0</ele><time>2026-05-02T03:10:42.985Z</time></trkpt>
      <trkpt lat="10.6371632" lon="104.1570428"><ele>2.0</ele><time>2026-05-02T03:10:43.984Z</time></trkpt>
      <trkpt lat="10.6371573" lon="104.1570749"><ele>2.0</ele><time>2026-05-02T03:10:44.985Z</time></trkpt>
      <trkpt lat="10.6371496" lon="104.1571069"><ele>1.9</ele><time>2026-05-02T03:10:45.985Z</time></trkpt>
      <trkpt lat="10.6371407" lon="104.1571404"><ele>1.8</ele><time>2026-05-02T03:10:46.985Z</time></trkpt>
      <trkpt lat="10.6371349" lon="104.1571752"><ele>1.9</ele><time>2026-05-02T03:10:47.986Z</time></trkpt>
      <trkpt lat="10.6371293" lon="104.1572107"><ele>2.1</ele><time>2026-05-02T03:10:48.985Z</time></trkpt>
      <trkpt lat="10.6371226" lon="104.1572464"><ele>2.3</ele><time>2026-05-02T03:10:49.985Z</time></trkpt>
      <trkpt lat="10.6371134" lon="104.1572797"><ele>2.4</ele><time>2026-05-02T03:10:50.985Z</time></trkpt>
      <trkpt lat="10.6371018" lon="104.1573115"><ele>2.4</ele><time>2026-05-02T03:10:51.985Z</time></trkpt>
      <trkpt lat="10.6370920" lon="104.1573435"><ele>2.5</ele><time>2026-05-02T03:10:52.985Z</time></trkpt>
      <trkpt lat="10.6370862" lon="104.1573758"><ele>2.5</ele><time>2026-05-02T03:10:53.984Z</time></trkpt>
      <trkpt lat="10.6370836" lon="104.1574101"><ele>2.6</ele><time>2026-05-02T03:10:54.986Z</time></trkpt>
      <trkpt lat="10.6370787" lon="104.1574418"><ele>2.7</ele><time>2026-05-02T03:10:55.985Z</time></trkpt>
      <trkpt lat="10.6370716" lon="104.1574732"><ele>2.9</ele><time>2026-05-02T03:10:56.986Z</time></trkpt>
      <trkpt lat="10.6370642" lon="104.1575029"><ele>3.0</ele><time>2026-05-02T03:10:57.984Z</time></trkpt>
      <trkpt lat="10.6370590" lon="104.1575314"><ele>3.0</ele><time>2026-05-02T03:10:58.985Z</time></trkpt>
      <trkpt lat="10.6370530" lon="104.1575574"><ele>3.0</ele><time>2026-05-02T03:10:59.986Z</time></trkpt>
      <trkpt lat="10.6370452" lon="104.1575834"><ele>2.9</ele><time>2026-05-02T03:11:00.986Z</time></trkpt>
      <trkpt lat="10.6370369" lon="104.1576108"><ele>2.9</ele><time>2026-05-02T03:11:01.984Z</time></trkpt>
      <trkpt lat="10.6370247" lon="104.1576383"><ele>2.9</ele><time>2026-05-02T03:11:02.985Z</time></trkpt>
      <trkpt lat="10.6370089" lon="104.1576635"><ele>2.9</ele><time>2026-05-02T03:11:03.986Z</time></trkpt>
      <trkpt lat="10.6369958" lon="104.1576901"><ele>3.0</ele><time>2026-05-02T03:11:04.986Z</time></trkpt>
      <trkpt lat="10.6369808" lon="104.1577176"><ele>3.0</ele><time>2026-05-02T03:11:05.985Z</time></trkpt>
      <trkpt lat="10.6369780" lon="104.1577487"><ele>3.0</ele><time>2026-05-02T03:11:06.985Z</time></trkpt>
      <trkpt lat="10.6369679" lon="104.1577805"><ele>3.0</ele><time>2026-05-02T03:11:07.985Z</time></trkpt>
      <trkpt lat="10.6369522" lon="104.1578067"><ele>3.0</ele><time>2026-05-02T03:11:08.986Z</time></trkpt>
      <trkpt lat="10.6369369" lon="104.1578306"><ele>3.0</ele><time>2026-05-02T03:11:09.985Z</time></trkpt>
      <trkpt lat="10.6369169" lon="104.1578494"><ele>3.0</ele><time>2026-05-02T03:11:10.985Z</time></trkpt>
      <trkpt lat="10.6368938" lon="104.1578608"><ele>3.0</ele><time>2026-05-02T03:11:11.984Z</time></trkpt>
      <trkpt lat="10.6368713" lon="104.1578719"><ele>3.2</ele><time>2026-05-02T03:11:12.984Z</time></trkpt>
      <trkpt lat="10.6368510" lon="104.1578868"><ele>3.3</ele><time>2026-05-02T03:11:13.985Z</time></trkpt>
      <trkpt lat="10.6368316" lon="104.1579070"><ele>3.4</ele><time>2026-05-02T03:11:14.985Z</time></trkpt>
      <trkpt lat="10.6368144" lon="104.1579319"><ele>3.5</ele><time>2026-05-02T03:11:15.985Z</time></trkpt>
      <trkpt lat="10.6367999" lon="104.1579588"><ele>3.5</ele><time>2026-05-02T03:11:16.985Z</time></trkpt>
      <trkpt lat="10.6367850" lon="104.1579852"><ele>3.5</ele><time>2026-05-02T03:11:17.985Z</time></trkpt>
      <trkpt lat="10.6367719" lon="104.1580163"><ele>3.4</ele><time>2026-05-02T03:11:18.985Z</time></trkpt>
      <trkpt lat="10.6367574" lon="104.1580474"><ele>3.2</ele><time>2026-05-02T03:11:19.986Z</time></trkpt>
      <trkpt lat="10.6367460" lon="104.1580807"><ele>3.0</ele><time>2026-05-02T03:11:20.985Z</time></trkpt>
      <trkpt lat="10.6367337" lon="104.1581167"><ele>2.8</ele><time>2026-05-02T03:11:21.986Z</time></trkpt>
      <trkpt lat="10.6367216" lon="104.1581527"><ele>2.7</ele><time>2026-05-02T03:11:22.986Z</time></trkpt>
      <trkpt lat="10.6367086" lon="104.1581892"><ele>2.5</ele><time>2026-05-02T03:11:23.984Z</time></trkpt>
      <trkpt lat="10.6366961" lon="104.1582260"><ele>2.4</ele><time>2026-05-02T03:11:24.985Z</time></trkpt>
      <trkpt lat="10.6366841" lon="104.1582625"><ele>2.4</ele><time>2026-05-02T03:11:25.985Z</time></trkpt>
      <trkpt lat="10.6366713" lon="104.1582988"><ele>2.4</ele><time>2026-05-02T03:11:26.986Z</time></trkpt>
      <trkpt lat="10.6366575" lon="104.1583338"><ele>2.4</ele><time>2026-05-02T03:11:27.985Z</time></trkpt>
      <trkpt lat="10.6366452" lon="104.1583678"><ele>2.4</ele><time>2026-05-02T03:11:28.985Z</time></trkpt>
      <trkpt lat="10.6366359" lon="104.1584020"><ele>2.4</ele><time>2026-05-02T03:11:29.986Z</time></trkpt>
      <trkpt lat="10.6366270" lon="104.1584347"><ele>2.4</ele><time>2026-05-02T03:11:30.985Z</time></trkpt>
      <trkpt lat="10.6366184" lon="104.1584654"><ele>2.5</ele><time>2026-05-02T03:11:31.984Z</time></trkpt>
      <trkpt lat="10.6366110" lon="104.1584954"><ele>2.5</ele><time>2026-05-02T03:11:32.985Z</time></trkpt>
      <trkpt lat="10.6366003" lon="104.1585255"><ele>2.6</ele><time>2026-05-02T03:11:33.985Z</time></trkpt>
      <trkpt lat="10.6365888" lon="104.1585584"><ele>2.6</ele><time>2026-05-02T03:11:34.984Z</time></trkpt>
      <trkpt lat="10.6365811" lon="104.1585925"><ele>2.8</ele><time>2026-05-02T03:11:35.985Z</time></trkpt>
      <trkpt lat="10.6365718" lon="104.1586278"><ele>2.8</ele><time>2026-05-02T03:11:36.985Z</time></trkpt>
      <trkpt lat="10.6365605" lon="104.1586614"><ele>2.9</ele><time>2026-05-02T03:11:37.984Z</time></trkpt>
      <trkpt lat="10.6365468" lon="104.1586931"><ele>2.8</ele><time>2026-05-02T03:11:38.985Z</time></trkpt>
      <trkpt lat="10.6365366" lon="104.1587264"><ele>2.8</ele><time>2026-05-02T03:11:39.984Z</time></trkpt>
      <trkpt lat="10.6365282" lon="104.1587595"><ele>2.6</ele><time>2026-05-02T03:11:40.985Z</time></trkpt>
      <trkpt lat="10.6365219" lon="104.1587941"><ele>2.7</ele><time>2026-05-02T03:11:41.984Z</time></trkpt>
      <trkpt lat="10.6365157" lon="104.1588272"><ele>2.8</ele><time>2026-05-02T03:11:42.984Z</time></trkpt>
      <trkpt lat="10.6365059" lon="104.1588559"><ele>3.2</ele><time>2026-05-02T03:11:43.985Z</time></trkpt>
      <trkpt lat="10.6364985" lon="104.1588841"><ele>3.4</ele><time>2026-05-02T03:11:44.985Z</time></trkpt>
      <trkpt lat="10.6364933" lon="104.1589122"><ele>3.4</ele><time>2026-05-02T03:11:45.985Z</time></trkpt>
      <trkpt lat="10.6364897" lon="104.1589426"><ele>3.1</ele><time>2026-05-02T03:11:46.985Z</time></trkpt>
      <trkpt lat="10.6364887" lon="104.1589747"><ele>2.9</ele><time>2026-05-02T03:11:47.985Z</time></trkpt>
      <trkpt lat="10.6364845" lon="104.1590069"><ele>2.6</ele><time>2026-05-02T03:11:48.985Z</time></trkpt>
      <trkpt lat="10.6364715" lon="104.1590360"><ele>2.5</ele><time>2026-05-02T03:11:49.985Z</time></trkpt>
      <trkpt lat="10.6364533" lon="104.1590600"><ele>2.3</ele><time>2026-05-02T03:11:50.984Z</time></trkpt>
      <trkpt lat="10.6364430" lon="104.1590892"><ele>2.1</ele><time>2026-05-02T03:11:51.985Z</time></trkpt>
      <trkpt lat="10.6364381" lon="104.1591213"><ele>1.9</ele><time>2026-05-02T03:11:52.985Z</time></trkpt>
      <trkpt lat="10.6364331" lon="104.1591512"><ele>1.8</ele><time>2026-05-02T03:11:53.985Z</time></trkpt>
      <trkpt lat="10.6364276" lon="104.1591763"><ele>2.0</ele><time>2026-05-02T03:11:54.985Z</time></trkpt>
      <trkpt lat="10.6364201" lon="104.1592053"><ele>2.3</ele><time>2026-05-02T03:11:55.985Z</time></trkpt>
      <trkpt lat="10.6364190" lon="104.1592093"><ele>2.4</ele><time>2026-05-02T03:11:56.150Z</time></trkpt>
      <trkpt lat="10.6364141" lon="104.1592214"><ele>2.4</ele><time>2026-05-02T03:11:56.668Z</time></trkpt>
      <trkpt lat="10.6364110" lon="104.1592252"><ele>2.5</ele><time>2026-05-02T03:11:56.983Z</time></trkpt>
      <trkpt lat="10.6364092" lon="104.1592275"><ele>2.6</ele><time>2026-05-02T03:11:57.154Z</time></trkpt>
      <trkpt lat="10.6364052" lon="104.1592353"><ele>2.7</ele><time>2026-05-02T03:11:57.523Z</time></trkpt>
      <trkpt lat="10.6364022" lon="104.1592421"><ele>2.7</ele><time>2026-05-02T03:11:57.985Z</time></trkpt>
      <trkpt lat="10.6364019" lon="104.1592438"><ele>2.7</ele><time>2026-05-02T03:11:58.105Z</time></trkpt>
      <trkpt lat="10.6363981" lon="104.1592604"><ele>2.7</ele><time>2026-05-02T03:11:58.986Z</time></trkpt>
      <trkpt lat="10.6363984" lon="104.1592620"><ele>2.7</ele><time>2026-05-02T03:11:59.069Z</time></trkpt>
      <trkpt lat="10.6363968" lon="104.1592759"><ele>2.7</ele><time>2026-05-02T03:11:59.642Z</time></trkpt>
      <trkpt lat="10.6363947" lon="104.1592799"><ele>2.6</ele><time>2026-05-02T03:11:59.984Z</time></trkpt>
      <trkpt lat="10.6363892" lon="104.1592879"><ele>2.4</ele><time>2026-05-02T03:12:00.487Z</time></trkpt>
      <trkpt lat="10.6363822" lon="104.1592913"><ele>2.4</ele><time>2026-05-02T03:12:00.985Z</time></trkpt>
      <trkpt lat="10.6363777" lon="104.1592926"><ele>2.6</ele><time>2026-05-02T03:12:01.253Z</time></trkpt>
      <trkpt lat="10.6363666" lon="104.1592972"><ele>2.8</ele><time>2026-05-02T03:12:01.843Z</time></trkpt>
      <trkpt lat="10.6363648" lon="104.1592958"><ele>2.7</ele><time>2026-05-02T03:12:01.985Z</time></trkpt>
      <trkpt lat="10.6363524" lon="104.1593007"><ele>2.7</ele><time>2026-05-02T03:12:02.807Z</time></trkpt>
      <trkpt lat="10.6363514" lon="104.1593009"><ele>2.7</ele><time>2026-05-02T03:12:02.986Z</time></trkpt>
      <trkpt lat="10.6363465" lon="104.1593058"><ele>2.9</ele><time>2026-05-02T03:12:03.984Z</time></trkpt>
      <trkpt lat="10.6363465" lon="104.1593063"><ele>3.1</ele><time>2026-05-02T03:12:04.573Z</time></trkpt>
      <trkpt lat="10.6363473" lon="104.1593079"><ele>3.1</ele><time>2026-05-02T03:12:04.986Z</time></trkpt>
      <trkpt lat="10.6363563" lon="104.1593140"><ele>5.8</ele><time>2026-05-02T03:12:18.984Z</time></trkpt>
      <trkpt lat="10.6363556" lon="104.1593149"><ele>5.8</ele><time>2026-05-02T03:12:19.108Z</time></trkpt>
      <trkpt lat="10.6363532" lon="104.1593186"><ele>5.8</ele><time>2026-05-02T03:12:19.683Z</time></trkpt>
      <trkpt lat="10.6363512" lon="104.1593227"><ele>5.8</ele><time>2026-05-02T03:12:19.984Z</time></trkpt>
      <trkpt lat="10.6363498" lon="104.1593252"><ele>5.8</ele><time>2026-05-02T03:12:20.166Z</time></trkpt>
      <trkpt lat="10.6363452" lon="104.1593316"><ele>5.8</ele><time>2026-05-02T03:12:20.829Z</time></trkpt>
      <trkpt lat="10.6363429" lon="104.1593340"><ele>5.8</ele><time>2026-05-02T03:12:20.986Z</time></trkpt>
      <trkpt lat="10.6363369" lon="104.1593399"><ele>5.8</ele><time>2026-05-02T03:12:21.542Z</time></trkpt>
      <trkpt lat="10.6363281" lon="104.1593450"><ele>5.8</ele><time>2026-05-02T03:12:21.986Z</time></trkpt>
      <trkpt lat="10.6363242" lon="104.1593475"><ele>5.8</ele><time>2026-05-02T03:12:22.164Z</time></trkpt>
      <trkpt lat="10.6363154" lon="104.1593540"><ele>5.8</ele><time>2026-05-02T03:12:22.767Z</time></trkpt>
      <trkpt lat="10.6363088" lon="104.1593570"><ele>5.8</ele><time>2026-05-02T03:12:22.985Z</time></trkpt>
      <trkpt lat="10.6363021" lon="104.1593617"><ele>5.8</ele><time>2026-05-02T03:12:23.310Z</time></trkpt>
      <trkpt lat="10.6362943" lon="104.1593688"><ele>5.8</ele><time>2026-05-02T03:12:23.763Z</time></trkpt>
      <trkpt lat="10.6362879" lon="104.1593729"><ele>5.8</ele><time>2026-05-02T03:12:23.985Z</time></trkpt>
      <trkpt lat="10.6362719" lon="104.1593861"><ele>5.8</ele><time>2026-05-02T03:12:24.807Z</time></trkpt>
      <trkpt lat="10.6362633" lon="104.1593919"><ele>5.8</ele><time>2026-05-02T03:12:24.985Z</time></trkpt>
      <trkpt lat="10.6362533" lon="104.1593987"><ele>5.8</ele><time>2026-05-02T03:12:25.349Z</time></trkpt>
      <trkpt lat="10.6362436" lon="104.1594055"><ele>5.8</ele><time>2026-05-02T03:12:25.742Z</time></trkpt>
      <trkpt lat="10.6362326" lon="104.1594089"><ele>5.8</ele><time>2026-05-02T03:12:25.985Z</time></trkpt>
      <trkpt lat="10.6362203" lon="104.1594137"><ele>5.8</ele><time>2026-05-02T03:12:26.364Z</time></trkpt>
      <trkpt lat="10.6361981" lon="104.1594203"><ele>5.8</ele><time>2026-05-02T03:12:26.985Z</time></trkpt>
      <trkpt lat="10.6361936" lon="104.1594210"><ele>5.8</ele><time>2026-05-02T03:12:27.068Z</time></trkpt>
      <trkpt lat="10.6361731" lon="104.1594309"><ele>5.8</ele><time>2026-05-02T03:12:27.805Z</time></trkpt>
      <trkpt lat="10.6361677" lon="104.1594334"><ele>5.8</ele><time>2026-05-02T03:12:27.989Z</time></trkpt>
      <trkpt lat="10.6361563" lon="104.1594347"><ele>5.8</ele><time>2026-05-02T03:12:28.223Z</time></trkpt>
      <trkpt lat="10.6361412" lon="104.1594389"><ele>5.8</ele><time>2026-05-02T03:12:28.628Z</time></trkpt>
      <trkpt lat="10.6361285" lon="104.1594431"><ele>5.8</ele><time>2026-05-02T03:12:28.994Z</time></trkpt>
      <trkpt lat="10.6361116" lon="104.1594464"><ele>5.8</ele><time>2026-05-02T03:12:29.370Z</time></trkpt>
      <trkpt lat="10.6360860" lon="104.1594549"><ele>5.8</ele><time>2026-05-02T03:12:29.984Z</time></trkpt>
      <trkpt lat="10.6360715" lon="104.1594601"><ele>5.8</ele><time>2026-05-02T03:12:30.352Z</time></trkpt>
      <trkpt lat="10.6360460" lon="104.1594697"><ele>5.8</ele><time>2026-05-02T03:12:30.984Z</time></trkpt>
      <trkpt lat="10.6360416" lon="104.1594713"><ele>5.8</ele><time>2026-05-02T03:12:31.067Z</time></trkpt>
      <trkpt lat="10.6360209" lon="104.1594784"><ele>5.8</ele><time>2026-05-02T03:12:31.623Z</time></trkpt>
      <trkpt lat="10.6360061" lon="104.1594848"><ele>5.8</ele><time>2026-05-02T03:12:31.986Z</time></trkpt>
      <trkpt lat="10.6360016" lon="104.1594868"><ele>5.8</ele><time>2026-05-02T03:12:32.082Z</time></trkpt>
      <trkpt lat="10.6359831" lon="104.1594939"><ele>5.8</ele><time>2026-05-02T03:12:32.586Z</time></trkpt>
      <trkpt lat="10.6359683" lon="104.1595020"><ele>5.8</ele><time>2026-05-02T03:12:32.985Z</time></trkpt>
      <trkpt lat="10.6359640" lon="104.1595047"><ele>5.8</ele><time>2026-05-02T03:12:33.090Z</time></trkpt>
      <trkpt lat="10.6359463" lon="104.1595138"><ele>5.8</ele><time>2026-05-02T03:12:33.590Z</time></trkpt>
      <trkpt lat="10.6359319" lon="104.1595222"><ele>5.8</ele><time>2026-05-02T03:12:33.984Z</time></trkpt>
      <trkpt lat="10.6359235" lon="104.1595268"><ele>5.8</ele><time>2026-05-02T03:12:34.203Z</time></trkpt>
      <trkpt lat="10.6359065" lon="104.1595346"><ele>5.8</ele><time>2026-05-02T03:12:34.665Z</time></trkpt>
      <trkpt lat="10.6358942" lon="104.1595398"><ele>5.8</ele><time>2026-05-02T03:12:34.985Z</time></trkpt>
      <trkpt lat="10.6358875" lon="104.1595425"><ele>5.8</ele><time>2026-05-02T03:12:35.148Z</time></trkpt>
      <trkpt lat="10.6358741" lon="104.1595476"><ele>5.8</ele><time>2026-05-02T03:12:35.511Z</time></trkpt>
      <trkpt lat="10.6358562" lon="104.1595547"><ele>5.8</ele><time>2026-05-02T03:12:35.983Z</time></trkpt>
      <trkpt lat="10.6358401" lon="104.1595605"><ele>5.8</ele><time>2026-05-02T03:12:36.404Z</time></trkpt>
      <trkpt lat="10.6358179" lon="104.1595687"><ele>5.8</ele><time>2026-05-02T03:12:36.983Z</time></trkpt>
      <trkpt lat="10.6357892" lon="104.1595801"><ele>5.8</ele><time>2026-05-02T03:12:37.723Z</time></trkpt>
      <trkpt lat="10.6357789" lon="104.1595844"><ele>5.8</ele><time>2026-05-02T03:12:37.985Z</time></trkpt>
      <trkpt lat="10.6357700" lon="104.1595881"><ele>5.8</ele><time>2026-05-02T03:12:38.203Z</time></trkpt>
      <trkpt lat="10.6357425" lon="104.1595998"><ele>5.8</ele><time>2026-05-02T03:12:38.907Z</time></trkpt>
      <trkpt lat="10.6357390" lon="104.1596025"><ele>5.8</ele><time>2026-05-02T03:12:38.986Z</time></trkpt>
      <trkpt lat="10.6357009" lon="104.1596257"><ele>5.8</ele><time>2026-05-02T03:12:39.985Z</time></trkpt>
      <trkpt lat="10.6356550" lon="104.1596444"><ele>5.8</ele><time>2026-05-02T03:12:40.983Z</time></trkpt>
      <trkpt lat="10.6356130" lon="104.1596635"><ele>5.8</ele><time>2026-05-02T03:12:41.984Z</time></trkpt>
      <trkpt lat="10.6355700" lon="104.1596853"><ele>5.8</ele><time>2026-05-02T03:12:42.984Z</time></trkpt>
      <trkpt lat="10.6355265" lon="104.1597048"><ele>5.8</ele><time>2026-05-02T03:12:43.985Z</time></trkpt>
      <trkpt lat="10.6354841" lon="104.1597249"><ele>5.8</ele><time>2026-05-02T03:12:44.984Z</time></trkpt>
      <trkpt lat="10.6354423" lon="104.1597381"><ele>5.8</ele><time>2026-05-02T03:12:45.985Z</time></trkpt>
      <trkpt lat="10.6353960" lon="104.1597569"><ele>5.8</ele><time>2026-05-02T03:12:46.985Z</time></trkpt>
      <trkpt lat="10.6353529" lon="104.1597730"><ele>5.8</ele><time>2026-05-02T03:12:47.984Z</time></trkpt>
      <trkpt lat="10.6353112" lon="104.1597961"><ele>5.8</ele><time>2026-05-02T03:12:48.985Z</time></trkpt>
      <trkpt lat="10.6352698" lon="104.1598171"><ele>5.8</ele><time>2026-05-02T03:12:49.986Z</time></trkpt>
      <trkpt lat="10.6352277" lon="104.1598391"><ele>5.8</ele><time>2026-05-02T03:12:50.984Z</time></trkpt>
      <trkpt lat="10.6351879" lon="104.1598642"><ele>5.8</ele><time>2026-05-02T03:12:51.984Z</time></trkpt>
      <trkpt lat="10.6351438" lon="104.1598820"><ele>5.8</ele><time>2026-05-02T03:12:52.985Z</time></trkpt>
      <trkpt lat="10.6350978" lon="104.1599023"><ele>5.8</ele><time>2026-05-02T03:12:53.985Z</time></trkpt>
      <trkpt lat="10.6350584" lon="104.1599199"><ele>5.8</ele><time>2026-05-02T03:12:54.985Z</time></trkpt>
      <trkpt lat="10.6350200" lon="104.1599332"><ele>5.8</ele><time>2026-05-02T03:12:55.985Z</time></trkpt>
      <trkpt lat="10.6349798" lon="104.1599546"><ele>5.8</ele><time>2026-05-02T03:12:56.985Z</time></trkpt>
      <trkpt lat="10.6349355" lon="104.1599708"><ele>5.8</ele><time>2026-05-02T03:12:57.984Z</time></trkpt>
      <trkpt lat="10.6348953" lon="104.1599942"><ele>5.8</ele><time>2026-05-02T03:12:58.983Z</time></trkpt>
      <trkpt lat="10.6348514" lon="104.1600130"><ele>5.8</ele><time>2026-05-02T03:12:59.986Z</time></trkpt>
      <trkpt lat="10.6348061" lon="104.1600272"><ele>5.8</ele><time>2026-05-02T03:13:00.986Z</time></trkpt>
      <trkpt lat="10.6347644" lon="104.1600471"><ele>5.8</ele><time>2026-05-02T03:13:01.984Z</time></trkpt>
      <trkpt lat="10.6347248" lon="104.1600671"><ele>5.8</ele><time>2026-05-02T03:13:02.984Z</time></trkpt>
      <trkpt lat="10.6346857" lon="104.1600872"><ele>5.8</ele><time>2026-05-02T03:13:03.984Z</time></trkpt>
      <trkpt lat="10.6346468" lon="104.1601054"><ele>5.8</ele><time>2026-05-02T03:13:04.984Z</time></trkpt>
      <trkpt lat="10.6346067" lon="104.1601216"><ele>5.8</ele><time>2026-05-02T03:13:05.985Z</time></trkpt>
      <trkpt lat="10.6345645" lon="104.1601405"><ele>5.8</ele><time>2026-05-02T03:13:06.985Z</time></trkpt>
      <trkpt lat="10.6345242" lon="104.1601616"><ele>5.8</ele><time>2026-05-02T03:13:07.985Z</time></trkpt>
      <trkpt lat="10.6344843" lon="104.1601824"><ele>5.8</ele><time>2026-05-02T03:13:08.984Z</time></trkpt>
      <trkpt lat="10.6344406" lon="104.1602050"><ele>5.8</ele><time>2026-05-02T03:13:09.985Z</time></trkpt>
      <trkpt lat="10.6344026" lon="104.1602219"><ele>5.8</ele><time>2026-05-02T03:13:10.985Z</time></trkpt>
      <trkpt lat="10.6343592" lon="104.1602373"><ele>5.8</ele><time>2026-05-02T03:13:11.984Z</time></trkpt>
      <trkpt lat="10.6343171" lon="104.1602553"><ele>5.8</ele><time>2026-05-02T03:13:12.985Z</time></trkpt>
      <trkpt lat="10.6342773" lon="104.1602724"><ele>5.8</ele><time>2026-05-02T03:13:13.984Z</time></trkpt>
      <trkpt lat="10.6342346" lon="104.1602915"><ele>5.8</ele><time>2026-05-02T03:13:14.984Z</time></trkpt>
      <trkpt lat="10.6341919" lon="104.1603136"><ele>5.8</ele><time>2026-05-02T03:13:15.985Z</time></trkpt>
      <trkpt lat="10.6341535" lon="104.1603294"><ele>5.8</ele><time>2026-05-02T03:13:16.985Z</time></trkpt>
      <trkpt lat="10.6341079" lon="104.1603539"><ele>5.8</ele><time>2026-05-02T03:13:17.984Z</time></trkpt>
      <trkpt lat="10.6340633" lon="104.1603751"><ele>5.8</ele><time>2026-05-02T03:13:18.986Z</time></trkpt>
      <trkpt lat="10.6340173" lon="104.1603920"><ele>5.8</ele><time>2026-05-02T03:13:19.983Z</time></trkpt>
      <trkpt lat="10.6339718" lon="104.1604170"><ele>5.8</ele><time>2026-05-02T03:13:20.984Z</time></trkpt>
      <trkpt lat="10.6339245" lon="104.1604382"><ele>5.8</ele><time>2026-05-02T03:13:21.984Z</time></trkpt>
      <trkpt lat="10.6338762" lon="104.1604619"><ele>5.8</ele><time>2026-05-02T03:13:22.984Z</time></trkpt>
      <trkpt lat="10.6338313" lon="104.1604876"><ele>5.8</ele><time>2026-05-02T03:13:23.984Z</time></trkpt>
      <trkpt lat="10.6337855" lon="104.1605067"><ele>5.8</ele><time>2026-05-02T03:13:24.983Z</time></trkpt>
      <trkpt lat="10.6337371" lon="104.1605132"><ele>5.8</ele><time>2026-05-02T03:13:25.985Z</time></trkpt>
      <trkpt lat="10.6336861" lon="104.1605343"><ele>5.8</ele><time>2026-05-02T03:13:26.984Z</time></trkpt>
      <trkpt lat="10.6336377" lon="104.1605588"><ele>5.8</ele><time>2026-05-02T03:13:27.985Z</time></trkpt>
      <trkpt lat="10.6335902" lon="104.1605837"><ele>5.8</ele><time>2026-05-02T03:13:28.985Z</time></trkpt>
      <trkpt lat="10.6335420" lon="104.1606088"><ele>5.8</ele><time>2026-05-02T03:13:29.984Z</time></trkpt>
      <trkpt lat="10.6334891" lon="104.1606286"><ele>5.8</ele><time>2026-05-02T03:13:30.984Z</time></trkpt>
      <trkpt lat="10.6334385" lon="104.1606539"><ele>5.8</ele><time>2026-05-02T03:13:31.985Z</time></trkpt>
      <trkpt lat="10.6333884" lon="104.1606786"><ele>5.8</ele><time>2026-05-02T03:13:32.985Z</time></trkpt>
      <trkpt lat="10.6333379" lon="104.1607081"><ele>5.8</ele><time>2026-05-02T03:13:33.985Z</time></trkpt>
      <trkpt lat="10.6332872" lon="104.1607367"><ele>5.8</ele><time>2026-05-02T03:13:34.985Z</time></trkpt>
      <trkpt lat="10.6332323" lon="104.1607615"><ele>5.8</ele><time>2026-05-02T03:13:35.985Z</time></trkpt>
      <trkpt lat="10.6331791" lon="104.1607847"><ele>5.8</ele><time>2026-05-02T03:13:36.984Z</time></trkpt>
      <trkpt lat="10.6331236" lon="104.1608078"><ele>5.8</ele><time>2026-05-02T03:13:37.984Z</time></trkpt>
      <trkpt lat="10.6330736" lon="104.1608294"><ele>5.8</ele><time>2026-05-02T03:13:38.985Z</time></trkpt>
      <trkpt lat="10.6330171" lon="104.1608490"><ele>5.8</ele><time>2026-05-02T03:13:39.984Z</time></trkpt>
      <trkpt lat="10.6329611" lon="104.1608744"><ele>5.8</ele><time>2026-05-02T03:13:40.986Z</time></trkpt>
      <trkpt lat="10.6329064" lon="104.1609012"><ele>5.8</ele><time>2026-05-02T03:13:41.984Z</time></trkpt>
      <trkpt lat="10.6328531" lon="104.1609259"><ele>5.8</ele><time>2026-05-02T03:13:42.984Z</time></trkpt>
      <trkpt lat="10.6327993" lon="104.1609502"><ele>5.8</ele><time>2026-05-02T03:13:43.984Z</time></trkpt>
      <trkpt lat="10.6327444" lon="104.1609791"><ele>5.8</ele><time>2026-05-02T03:13:44.984Z</time></trkpt>
      <trkpt lat="10.6326946" lon="104.1610077"><ele>5.8</ele><time>2026-05-02T03:13:45.984Z</time></trkpt>
      <trkpt lat="10.6326388" lon="104.1610288"><ele>5.8</ele><time>2026-05-02T03:13:46.985Z</time></trkpt>
      <trkpt lat="10.6325889" lon="104.1610508"><ele>5.8</ele><time>2026-05-02T03:13:47.985Z</time></trkpt>
      <trkpt lat="10.6325328" lon="104.1610721"><ele>4.6</ele><time>2026-05-02T03:13:48.985Z</time></trkpt>
      <trkpt lat="10.6324832" lon="104.1610968"><ele>3.4</ele><time>2026-05-02T03:13:49.985Z</time></trkpt>
      <trkpt lat="10.6324325" lon="104.1611248"><ele>2.1</ele><time>2026-05-02T03:13:50.984Z</time></trkpt>
      <trkpt lat="10.6323784" lon="104.1611474"><ele>1.8</ele><time>2026-05-02T03:13:51.985Z</time></trkpt>
      <trkpt lat="10.6323214" lon="104.1611672"><ele>1.6</ele><time>2026-05-02T03:13:52.984Z</time></trkpt>
      <trkpt lat="10.6322693" lon="104.1611948"><ele>1.4</ele><time>2026-05-02T03:13:53.984Z</time></trkpt>
      <trkpt lat="10.6322170" lon="104.1612148"><ele>1.3</ele><time>2026-05-02T03:13:54.984Z</time></trkpt>
      <trkpt lat="10.6321636" lon="104.1612393"><ele>0.9</ele><time>2026-05-02T03:13:55.984Z</time></trkpt>
      <trkpt lat="10.6321093" lon="104.1612604"><ele>0.5</ele><time>2026-05-02T03:13:56.984Z</time></trkpt>
      <trkpt lat="10.6320606" lon="104.1612884"><ele>0.2</ele><time>2026-05-02T03:13:57.985Z</time></trkpt>
      <trkpt lat="10.6320095" lon="104.1613140"><ele>0.0</ele><time>2026-05-02T03:13:58.984Z</time></trkpt>
      <trkpt lat="10.6319566" lon="104.1613332"><ele>-0.0</ele><time>2026-05-02T03:13:59.984Z</time></trkpt>
      <trkpt lat="10.6319058" lon="104.1613609"><ele>0.1</ele><time>2026-05-02T03:14:00.984Z</time></trkpt>
      <trkpt lat="10.6318511" lon="104.1613863"><ele>0.1</ele><time>2026-05-02T03:14:01.984Z</time></trkpt>
      <trkpt lat="10.6318006" lon="104.1614086"><ele>0.1</ele><time>2026-05-02T03:14:02.985Z</time></trkpt>
      <trkpt lat="10.6317513" lon="104.1614373"><ele>-0.0</ele><time>2026-05-02T03:14:03.985Z</time></trkpt>
      <trkpt lat="10.6317000" lon="104.1614624"><ele>-0.3</ele><time>2026-05-02T03:14:04.984Z</time></trkpt>
      <trkpt lat="10.6316462" lon="104.1614825"><ele>-0.6</ele><time>2026-05-02T03:14:05.983Z</time></trkpt>
      <trkpt lat="10.6315940" lon="104.1615012"><ele>-0.9</ele><time>2026-05-02T03:14:06.984Z</time></trkpt>
      <trkpt lat="10.6315417" lon="104.1615250"><ele>-0.9</ele><time>2026-05-02T03:14:07.986Z</time></trkpt>
      <trkpt lat="10.6314895" lon="104.1615532"><ele>-0.9</ele><time>2026-05-02T03:14:08.983Z</time></trkpt>
      <trkpt lat="10.6314421" lon="104.1615775"><ele>-1.2</ele><time>2026-05-02T03:14:09.985Z</time></trkpt>
      <trkpt lat="10.6313864" lon="104.1615991"><ele>-1.5</ele><time>2026-05-02T03:14:10.984Z</time></trkpt>
      <trkpt lat="10.6313353" lon="104.1616231"><ele>-1.8</ele><time>2026-05-02T03:14:11.984Z</time></trkpt>
      <trkpt lat="10.6312862" lon="104.1616504"><ele>-1.9</ele><time>2026-05-02T03:14:12.984Z</time></trkpt>
      <trkpt lat="10.6312345" lon="104.1616774"><ele>-2.0</ele><time>2026-05-02T03:14:13.984Z</time></trkpt>
      <trkpt lat="10.6311829" lon="104.1617001"><ele>-2.1</ele><time>2026-05-02T03:14:14.984Z</time></trkpt>
      <trkpt lat="10.6311315" lon="104.1617249"><ele>-2.3</ele><time>2026-05-02T03:14:15.984Z</time></trkpt>
      <trkpt lat="10.6310753" lon="104.1617468"><ele>-2.4</ele><time>2026-05-02T03:14:16.985Z</time></trkpt>
      <trkpt lat="10.6310292" lon="104.1617668"><ele>-2.8</ele><time>2026-05-02T03:14:17.985Z</time></trkpt>
      <trkpt lat="10.6309757" lon="104.1617952"><ele>-3.1</ele><time>2026-05-02T03:14:18.984Z</time></trkpt>
      <trkpt lat="10.6309182" lon="104.1618191"><ele>-3.6</ele><time>2026-05-02T03:14:19.985Z</time></trkpt>
      <trkpt lat="10.6308620" lon="104.1618442"><ele>-3.6</ele><time>2026-05-02T03:14:20.984Z</time></trkpt>
      <trkpt lat="10.6308066" lon="104.1618709"><ele>-3.7</ele><time>2026-05-02T03:14:21.984Z</time></trkpt>
      <trkpt lat="10.6307538" lon="104.1618940"><ele>-3.6</ele><time>2026-05-02T03:14:22.984Z</time></trkpt>
      <trkpt lat="10.6307005" lon="104.1619262"><ele>-3.8</ele><time>2026-05-02T03:14:23.985Z</time></trkpt>
      <trkpt lat="10.6306423" lon="104.1619561"><ele>-4.2</ele><time>2026-05-02T03:14:24.985Z</time></trkpt>
      <trkpt lat="10.6305815" lon="104.1619839"><ele>-4.5</ele><time>2026-05-02T03:14:25.984Z</time></trkpt>
      <trkpt lat="10.6305173" lon="104.1620111"><ele>-4.6</ele><time>2026-05-02T03:14:26.984Z</time></trkpt>
      <trkpt lat="10.6304559" lon="104.1620393"><ele>-4.5</ele><time>2026-05-02T03:14:27.984Z</time></trkpt>
      <trkpt lat="10.6303953" lon="104.1620663"><ele>-4.3</ele><time>2026-05-02T03:14:28.984Z</time></trkpt>
      <trkpt lat="10.6303380" lon="104.1620955"><ele>-4.1</ele><time>2026-05-02T03:14:29.985Z</time></trkpt>
      <trkpt lat="10.6302805" lon="104.1621227"><ele>-3.8</ele><time>2026-05-02T03:14:30.985Z</time></trkpt>
      <trkpt lat="10.6302184" lon="104.1621516"><ele>-3.6</ele><time>2026-05-02T03:14:31.985Z</time></trkpt>
      <trkpt lat="10.6301601" lon="104.1621789"><ele>-3.5</ele><time>2026-05-02T03:14:32.984Z</time></trkpt>
      <trkpt lat="10.6301014" lon="104.1622079"><ele>-3.5</ele><time>2026-05-02T03:14:33.986Z</time></trkpt>
      <trkpt lat="10.6300401" lon="104.1622311"><ele>-3.5</ele><time>2026-05-02T03:14:34.984Z</time></trkpt>
      <trkpt lat="10.6299804" lon="104.1622589"><ele>-3.6</ele><time>2026-05-02T03:14:35.984Z</time></trkpt>
      <trkpt lat="10.6299200" lon="104.1622885"><ele>-3.6</ele><time>2026-05-02T03:14:36.983Z</time></trkpt>
      <trkpt lat="10.6298544" lon="104.1623200"><ele>-3.5</ele><time>2026-05-02T03:14:37.985Z</time></trkpt>
      <trkpt lat="10.6297881" lon="104.1623436"><ele>-3.5</ele><time>2026-05-02T03:14:38.984Z</time></trkpt>
      <trkpt lat="10.6297209" lon="104.1623729"><ele>-3.5</ele><time>2026-05-02T03:14:39.983Z</time></trkpt>
      <trkpt lat="10.6296539" lon="104.1624028"><ele>-3.7</ele><time>2026-05-02T03:14:40.984Z</time></trkpt>
      <trkpt lat="10.6295910" lon="104.1624272"><ele>-3.9</ele><time>2026-05-02T03:14:41.984Z</time></trkpt>
      <trkpt lat="10.6295192" lon="104.1624568"><ele>-4.0</ele><time>2026-05-02T03:14:42.984Z</time></trkpt>
      <trkpt lat="10.6294531" lon="104.1624903"><ele>-4.0</ele><time>2026-05-02T03:14:43.984Z</time></trkpt>
      <trkpt lat="10.6293856" lon="104.1625233"><ele>-3.8</ele><time>2026-05-02T03:14:44.984Z</time></trkpt>
      <trkpt lat="10.6293273" lon="104.1625452"><ele>-3.9</ele><time>2026-05-02T03:14:45.985Z</time></trkpt>
      <trkpt lat="10.6292624" lon="104.1625738"><ele>-4.0</ele><time>2026-05-02T03:14:46.984Z</time></trkpt>
      <trkpt lat="10.6291983" lon="104.1626060"><ele>-4.4</ele><time>2026-05-02T03:14:47.983Z</time></trkpt>
      <trkpt lat="10.6291327" lon="104.1626418"><ele>-4.6</ele><time>2026-05-02T03:14:48.985Z</time></trkpt>
      <trkpt lat="10.6290709" lon="104.1626709"><ele>-4.7</ele><time>2026-05-02T03:14:49.985Z</time></trkpt>
      <trkpt lat="10.6290121" lon="104.1626965"><ele>-5.1</ele><time>2026-05-02T03:14:50.986Z</time></trkpt>
      <trkpt lat="10.6289464" lon="104.1627162"><ele>-5.4</ele><time>2026-05-02T03:14:51.983Z</time></trkpt>
      <trkpt lat="10.6288829" lon="104.1627415"><ele>-5.8</ele><time>2026-05-02T03:14:52.984Z</time></trkpt>
      <trkpt lat="10.6288144" lon="104.1627705"><ele>-5.9</ele><time>2026-05-02T03:14:53.983Z</time></trkpt>
      <trkpt lat="10.6287486" lon="104.1627981"><ele>-6.1</ele><time>2026-05-02T03:14:54.984Z</time></trkpt>
      <trkpt lat="10.6286797" lon="104.1628235"><ele>-6.2</ele><time>2026-05-02T03:14:55.984Z</time></trkpt>
      <trkpt lat="10.6286158" lon="104.1628504"><ele>-6.2</ele><time>2026-05-02T03:14:56.985Z</time></trkpt>
      <trkpt lat="10.6285517" lon="104.1628779"><ele>-6.1</ele><time>2026-05-02T03:14:57.983Z</time></trkpt>
      <trkpt lat="10.6284894" lon="104.1629084"><ele>-5.8</ele><time>2026-05-02T03:14:58.984Z</time></trkpt>
      <trkpt lat="10.6284256" lon="104.1629341"><ele>-5.6</ele><time>2026-05-02T03:14:59.984Z</time></trkpt>
      <trkpt lat="10.6283622" lon="104.1629623"><ele>-5.3</ele><time>2026-05-02T03:15:00.985Z</time></trkpt>
      <trkpt lat="10.6283011" lon="104.1629952"><ele>-5.0</ele><time>2026-05-02T03:15:01.984Z</time></trkpt>
      <trkpt lat="10.6282363" lon="104.1630239"><ele>-4.7</ele><time>2026-05-02T03:15:02.984Z</time></trkpt>
      <trkpt lat="10.6281795" lon="104.1630488"><ele>-4.6</ele><time>2026-05-02T03:15:03.985Z</time></trkpt>
      <trkpt lat="10.6281194" lon="104.1630672"><ele>-4.8</ele><time>2026-05-02T03:15:04.984Z</time></trkpt>
      <trkpt lat="10.6280621" lon="104.1630977"><ele>-5.2</ele><time>2026-05-02T03:15:05.983Z</time></trkpt>
      <trkpt lat="10.6279958" lon="104.1631278"><ele>-5.5</ele><time>2026-05-02T03:15:06.986Z</time></trkpt>
      <trkpt lat="10.6279354" lon="104.1631554"><ele>-5.5</ele><time>2026-05-02T03:15:07.985Z</time></trkpt>
      <trkpt lat="10.6278757" lon="104.1631843"><ele>-5.4</ele><time>2026-05-02T03:15:08.984Z</time></trkpt>
      <trkpt lat="10.6278138" lon="104.1632153"><ele>-5.6</ele><time>2026-05-02T03:15:09.984Z</time></trkpt>
      <trkpt lat="10.6277516" lon="104.1632415"><ele>-5.7</ele><time>2026-05-02T03:15:10.985Z</time></trkpt>
      <trkpt lat="10.6276906" lon="104.1632715"><ele>-5.6</ele><time>2026-05-02T03:15:11.985Z</time></trkpt>
      <trkpt lat="10.6276274" lon="104.1633015"><ele>-5.5</ele><time>2026-05-02T03:15:12.985Z</time></trkpt>
      <trkpt lat="10.6275715" lon="104.1633219"><ele>-5.6</ele><time>2026-05-02T03:15:13.983Z</time></trkpt>
      <trkpt lat="10.6275082" lon="104.1633521"><ele>-5.7</ele><time>2026-05-02T03:15:14.984Z</time></trkpt>
      <trkpt lat="10.6274463" lon="104.1633788"><ele>-6.0</ele><time>2026-05-02T03:15:15.984Z</time></trkpt>
      <trkpt lat="10.6273827" lon="104.1634035"><ele>-6.2</ele><time>2026-05-02T03:15:16.984Z</time></trkpt>
      <trkpt lat="10.6273177" lon="104.1634303"><ele>-6.4</ele><time>2026-05-02T03:15:17.984Z</time></trkpt>
      <trkpt lat="10.6272549" lon="104.1634615"><ele>-6.4</ele><time>2026-05-02T03:15:18.984Z</time></trkpt>
      <trkpt lat="10.6271931" lon="104.1634887"><ele>-6.3</ele><time>2026-05-02T03:15:19.986Z</time></trkpt>
      <trkpt lat="10.6271292" lon="104.1635196"><ele>-6.2</ele><time>2026-05-02T03:15:20.985Z</time></trkpt>
      <trkpt lat="10.6270675" lon="104.1635511"><ele>-6.2</ele><time>2026-05-02T03:15:21.985Z</time></trkpt>
      <trkpt lat="10.6270027" lon="104.1635833"><ele>-6.1</ele><time>2026-05-02T03:15:22.984Z</time></trkpt>
      <trkpt lat="10.6269419" lon="104.1636107"><ele>-6.0</ele><time>2026-05-02T03:15:23.985Z</time></trkpt>
      <trkpt lat="10.6268803" lon="104.1636420"><ele>-5.8</ele><time>2026-05-02T03:15:24.984Z</time></trkpt>
      <trkpt lat="10.6268136" lon="104.1636716"><ele>-5.7</ele><time>2026-05-02T03:15:25.983Z</time></trkpt>
      <trkpt lat="10.6267531" lon="104.1637012"><ele>-5.7</ele><time>2026-05-02T03:15:26.984Z</time></trkpt>
      <trkpt lat="10.6266949" lon="104.1637261"><ele>-5.6</ele><time>2026-05-02T03:15:27.985Z</time></trkpt>
      <trkpt lat="10.6266390" lon="104.1637533"><ele>-5.7</ele><time>2026-05-02T03:15:28.984Z</time></trkpt>
      <trkpt lat="10.6265774" lon="104.1637822"><ele>-5.8</ele><time>2026-05-02T03:15:29.984Z</time></trkpt>
      <trkpt lat="10.6265166" lon="104.1638156"><ele>-5.8</ele><time>2026-05-02T03:15:30.984Z</time></trkpt>
      <trkpt lat="10.6264549" lon="104.1638438"><ele>-5.6</ele><time>2026-05-02T03:15:31.984Z</time></trkpt>
      <trkpt lat="10.6263937" lon="104.1638752"><ele>-5.6</ele><time>2026-05-02T03:15:32.984Z</time></trkpt>
      <trkpt lat="10.6263337" lon="104.1639051"><ele>-5.7</ele><time>2026-05-02T03:15:33.984Z</time></trkpt>
      <trkpt lat="10.6262744" lon="104.1639318"><ele>-5.9</ele><time>2026-05-02T03:15:34.984Z</time></trkpt>
      <trkpt lat="10.6262108" lon="104.1639455"><ele>-6.2</ele><time>2026-05-02T03:15:35.985Z</time></trkpt>
      <trkpt lat="10.6261502" lon="104.1639746"><ele>-6.5</ele><time>2026-05-02T03:15:36.984Z</time></trkpt>
      <trkpt lat="10.6260892" lon="104.1640042"><ele>-6.7</ele><time>2026-05-02T03:15:37.985Z</time></trkpt>
      <trkpt lat="10.6260233" lon="104.1640332"><ele>-6.7</ele><time>2026-05-02T03:15:38.984Z</time></trkpt>
      <trkpt lat="10.6259635" lon="104.1640690"><ele>-6.8</ele><time>2026-05-02T03:15:39.984Z</time></trkpt>
      <trkpt lat="10.6259035" lon="104.1640965"><ele>-6.9</ele><time>2026-05-02T03:15:40.985Z</time></trkpt>
      <trkpt lat="10.6258412" lon="104.1641234"><ele>-7.0</ele><time>2026-05-02T03:15:41.985Z</time></trkpt>
      <trkpt lat="10.6257783" lon="104.1641544"><ele>-7.1</ele><time>2026-05-02T03:15:42.984Z</time></trkpt>
      <trkpt lat="10.6257148" lon="104.1641845"><ele>-7.1</ele><time>2026-05-02T03:15:43.984Z</time></trkpt>
      <trkpt lat="10.6256565" lon="104.1642165"><ele>-7.2</ele><time>2026-05-02T03:15:44.984Z</time></trkpt>
      <trkpt lat="10.6255959" lon="104.1642431"><ele>-7.2</ele><time>2026-05-02T03:15:45.984Z</time></trkpt>
      <trkpt lat="10.6255337" lon="104.1642753"><ele>-7.1</ele><time>2026-05-02T03:15:46.984Z</time></trkpt>
      <trkpt lat="10.6254745" lon="104.1643017"><ele>-7.0</ele><time>2026-05-02T03:15:47.984Z</time></trkpt>
      <trkpt lat="10.6254110" lon="104.1643252"><ele>-7.0</ele><time>2026-05-02T03:15:48.984Z</time></trkpt>
      <trkpt lat="10.6253486" lon="104.1643534"><ele>-6.9</ele><time>2026-05-02T03:15:49.984Z</time></trkpt>
      <trkpt lat="10.6252826" lon="104.1643870"><ele>-6.8</ele><time>2026-05-02T03:15:50.984Z</time></trkpt>
      <trkpt lat="10.6252202" lon="104.1644182"><ele>-6.9</ele><time>2026-05-02T03:15:51.983Z</time></trkpt>
      <trkpt lat="10.6251577" lon="104.1644351"><ele>-7.3</ele><time>2026-05-02T03:15:52.985Z</time></trkpt>
      <trkpt lat="10.6250961" lon="104.1644587"><ele>-7.5</ele><time>2026-05-02T03:15:53.984Z</time></trkpt>
      <trkpt lat="10.6250361" lon="104.1644791"><ele>-7.6</ele><time>2026-05-02T03:15:54.984Z</time></trkpt>
      <trkpt lat="10.6249708" lon="104.1645100"><ele>-7.5</ele><time>2026-05-02T03:15:55.984Z</time></trkpt>
      <trkpt lat="10.6249095" lon="104.1645409"><ele>-7.3</ele><time>2026-05-02T03:15:56.985Z</time></trkpt>
      <trkpt lat="10.6248488" lon="104.1645704"><ele>-7.2</ele><time>2026-05-02T03:15:57.983Z</time></trkpt>
      <trkpt lat="10.6247888" lon="104.1646019"><ele>-7.2</ele><time>2026-05-02T03:15:58.983Z</time></trkpt>
      <trkpt lat="10.6247258" lon="104.1646324"><ele>-7.0</ele><time>2026-05-02T03:15:59.984Z</time></trkpt>
      <trkpt lat="10.6246670" lon="104.1646657"><ele>-6.6</ele><time>2026-05-02T03:16:00.984Z</time></trkpt>
      <trkpt lat="10.6246021" lon="104.1646947"><ele>-6.3</ele><time>2026-05-02T03:16:01.985Z</time></trkpt>
      <trkpt lat="10.6245417" lon="104.1647186"><ele>-6.1</ele><time>2026-05-02T03:16:02.984Z</time></trkpt>
      <trkpt lat="10.6244834" lon="104.1647430"><ele>-6.2</ele><time>2026-05-02T03:16:03.983Z</time></trkpt>
      <trkpt lat="10.6244184" lon="104.1647663"><ele>-6.3</ele><time>2026-05-02T03:16:04.984Z</time></trkpt>
      <trkpt lat="10.6243552" lon="104.1647911"><ele>-6.4</ele><time>2026-05-02T03:16:05.985Z</time></trkpt>
      <trkpt lat="10.6242919" lon="104.1648086"><ele>-6.6</ele><time>2026-05-02T03:16:06.984Z</time></trkpt>
      <trkpt lat="10.6242297" lon="104.1648331"><ele>-6.5</ele><time>2026-05-02T03:16:07.984Z</time></trkpt>
      <trkpt lat="10.6241654" lon="104.1648584"><ele>-6.3</ele><time>2026-05-02T03:16:08.985Z</time></trkpt>
      <trkpt lat="10.6241019" lon="104.1648824"><ele>-6.0</ele><time>2026-05-02T03:16:09.984Z</time></trkpt>
      <trkpt lat="10.6240413" lon="104.1648985"><ele>-6.0</ele><time>2026-05-02T03:16:10.984Z</time></trkpt>
      <trkpt lat="10.6239791" lon="104.1649265"><ele>-6.2</ele><time>2026-05-02T03:16:11.984Z</time></trkpt>
      <trkpt lat="10.6239213" lon="104.1649536"><ele>-6.5</ele><time>2026-05-02T03:16:12.984Z</time></trkpt>
      <trkpt lat="10.6238624" lon="104.1649748"><ele>-6.7</ele><time>2026-05-02T03:16:13.985Z</time></trkpt>
      <trkpt lat="10.6237995" lon="104.1650061"><ele>-6.8</ele><time>2026-05-02T03:16:14.983Z</time></trkpt>
      <trkpt lat="10.6237398" lon="104.1650367"><ele>-6.9</ele><time>2026-05-02T03:16:15.984Z</time></trkpt>
      <trkpt lat="10.6236716" lon="104.1650606"><ele>-7.0</ele><time>2026-05-02T03:16:16.984Z</time></trkpt>
      <trkpt lat="10.6236112" lon="104.1650904"><ele>-6.9</ele><time>2026-05-02T03:16:17.985Z</time></trkpt>
      <trkpt lat="10.6235526" lon="104.1651149"><ele>-6.7</ele><time>2026-05-02T03:16:18.984Z</time></trkpt>
      <trkpt lat="10.6234944" lon="104.1651405"><ele>-6.7</ele><time>2026-05-02T03:16:19.984Z</time></trkpt>
      <trkpt lat="10.6234356" lon="104.1651653"><ele>-7.0</ele><time>2026-05-02T03:16:20.984Z</time></trkpt>
      <trkpt lat="10.6233717" lon="104.1651861"><ele>-7.0</ele><time>2026-05-02T03:16:21.983Z</time></trkpt>
      <trkpt lat="10.6233107" lon="104.1652116"><ele>-7.0</ele><time>2026-05-02T03:16:22.983Z</time></trkpt>
      <trkpt lat="10.6232486" lon="104.1652377"><ele>-6.8</ele><time>2026-05-02T03:16:23.983Z</time></trkpt>
      <trkpt lat="10.6231834" lon="104.1652597"><ele>-6.6</ele><time>2026-05-02T03:16:24.984Z</time></trkpt>
      <trkpt lat="10.6231195" lon="104.1652816"><ele>-6.4</ele><time>2026-05-02T03:16:25.983Z</time></trkpt>
      <trkpt lat="10.6230602" lon="104.1653070"><ele>-6.4</ele><time>2026-05-02T03:16:26.984Z</time></trkpt>
      <trkpt lat="10.6229948" lon="104.1653334"><ele>-6.4</ele><time>2026-05-02T03:16:27.983Z</time></trkpt>
      <trkpt lat="10.6229362" lon="104.1653552"><ele>-6.2</ele><time>2026-05-02T03:16:28.983Z</time></trkpt>
      <trkpt lat="10.6228777" lon="104.1653770"><ele>-5.8</ele><time>2026-05-02T03:16:29.984Z</time></trkpt>
      <trkpt lat="10.6228125" lon="104.1653978"><ele>-5.6</ele><time>2026-05-02T03:16:30.984Z</time></trkpt>
      <trkpt lat="10.6227516" lon="104.1654280"><ele>-5.6</ele><time>2026-05-02T03:16:31.984Z</time></trkpt>
      <trkpt lat="10.6226896" lon="104.1654477"><ele>-5.4</ele><time>2026-05-02T03:16:32.984Z</time></trkpt>
      <trkpt lat="10.6226290" lon="104.1654747"><ele>-5.4</ele><time>2026-05-02T03:16:33.984Z</time></trkpt>
      <trkpt lat="10.6225687" lon="104.1655015"><ele>-5.6</ele><time>2026-05-02T03:16:34.984Z</time></trkpt>
      <trkpt lat="10.6225083" lon="104.1655266"><ele>-5.9</ele><time>2026-05-02T03:16:35.985Z</time></trkpt>
      <trkpt lat="10.6224493" lon="104.1655529"><ele>-6.0</ele><time>2026-05-02T03:16:36.984Z</time></trkpt>
      <trkpt lat="10.6223841" lon="104.1655790"><ele>-5.9</ele><time>2026-05-02T03:16:37.984Z</time></trkpt>
      <trkpt lat="10.6223279" lon="104.1656049"><ele>-5.9</ele><time>2026-05-02T03:16:38.983Z</time></trkpt>
      <trkpt lat="10.6222694" lon="104.1656294"><ele>-5.6</ele><time>2026-05-02T03:16:39.984Z</time></trkpt>
      <trkpt lat="10.6222186" lon="104.1656557"><ele>-5.8</ele><time>2026-05-02T03:16:40.985Z</time></trkpt>
      <trkpt lat="10.6221577" lon="104.1656794"><ele>-5.9</ele><time>2026-05-02T03:16:41.984Z</time></trkpt>
      <trkpt lat="10.6220976" lon="104.1657022"><ele>-6.4</ele><time>2026-05-02T03:16:42.984Z</time></trkpt>
      <trkpt lat="10.6220353" lon="104.1657249"><ele>-6.6</ele><time>2026-05-02T03:16:43.984Z</time></trkpt>
      <trkpt lat="10.6219740" lon="104.1657471"><ele>-6.6</ele><time>2026-05-02T03:16:44.984Z</time></trkpt>
      <trkpt lat="10.6219137" lon="104.1657677"><ele>-6.7</ele><time>2026-05-02T03:16:45.984Z</time></trkpt>
      <trkpt lat="10.6218533" lon="104.1657959"><ele>-7.0</ele><time>2026-05-02T03:16:46.984Z</time></trkpt>
      <trkpt lat="10.6217897" lon="104.1658158"><ele>-7.3</ele><time>2026-05-02T03:16:47.984Z</time></trkpt>
      <trkpt lat="10.6217274" lon="104.1658394"><ele>-7.4</ele><time>2026-05-02T03:16:48.984Z</time></trkpt>
      <trkpt lat="10.6216670" lon="104.1658683"><ele>-7.3</ele><time>2026-05-02T03:16:49.985Z</time></trkpt>
      <trkpt lat="10.6216055" lon="104.1658906"><ele>-7.2</ele><time>2026-05-02T03:16:50.985Z</time></trkpt>
      <trkpt lat="10.6215425" lon="104.1659167"><ele>-7.1</ele><time>2026-05-02T03:16:51.982Z</time></trkpt>
      <trkpt lat="10.6214852" lon="104.1659473"><ele>-7.0</ele><time>2026-05-02T03:16:52.984Z</time></trkpt>
      <trkpt lat="10.6214247" lon="104.1659765"><ele>-7.0</ele><time>2026-05-02T03:16:53.984Z</time></trkpt>
      <trkpt lat="10.6213628" lon="104.1660066"><ele>-7.0</ele><time>2026-05-02T03:16:54.983Z</time></trkpt>
      <trkpt lat="10.6213002" lon="104.1660358"><ele>-6.9</ele><time>2026-05-02T03:16:55.985Z</time></trkpt>
      <trkpt lat="10.6212355" lon="104.1660603"><ele>-6.9</ele><time>2026-05-02T03:16:56.985Z</time></trkpt>
      <trkpt lat="10.6211737" lon="104.1660870"><ele>-6.7</ele><time>2026-05-02T03:16:57.984Z</time></trkpt>
      <trkpt lat="10.6211077" lon="104.1661133"><ele>-6.5</ele><time>2026-05-02T03:16:58.985Z</time></trkpt>
      <trkpt lat="10.6210461" lon="104.1661433"><ele>-6.4</ele><time>2026-05-02T03:16:59.984Z</time></trkpt>
      <trkpt lat="10.6209875" lon="104.1661757"><ele>-6.4</ele><time>2026-05-02T03:17:00.985Z</time></trkpt>
      <trkpt lat="10.6209248" lon="104.1662096"><ele>-6.5</ele><time>2026-05-02T03:17:01.984Z</time></trkpt>
      <trkpt lat="10.6208585" lon="104.1662332"><ele>-6.4</ele><time>2026-05-02T03:17:02.984Z</time></trkpt>
      <trkpt lat="10.6207894" lon="104.1662650"><ele>-6.4</ele><time>2026-05-02T03:17:03.983Z</time></trkpt>
      <trkpt lat="10.6207246" lon="104.1662952"><ele>-6.3</ele><time>2026-05-02T03:17:04.984Z</time></trkpt>
      <trkpt lat="10.6206614" lon="104.1663204"><ele>-6.4</ele><time>2026-05-02T03:17:05.983Z</time></trkpt>
      <trkpt lat="10.6205932" lon="104.1663518"><ele>-6.4</ele><time>2026-05-02T03:17:06.984Z</time></trkpt>
      <trkpt lat="10.6205248" lon="104.1663683"><ele>-6.6</ele><time>2026-05-02T03:17:07.984Z</time></trkpt>
      <trkpt lat="10.6204585" lon="104.1663841"><ele>-6.7</ele><time>2026-05-02T03:17:08.982Z</time></trkpt>
      <trkpt lat="10.6203913" lon="104.1664023"><ele>-6.8</ele><time>2026-05-02T03:17:09.985Z</time></trkpt>
      <trkpt lat="10.6203234" lon="104.1664220"><ele>-6.8</ele><time>2026-05-02T03:17:10.982Z</time></trkpt>
      <trkpt lat="10.6202558" lon="104.1664436"><ele>-6.7</ele><time>2026-05-02T03:17:11.985Z</time></trkpt>
      <trkpt lat="10.6201861" lon="104.1664620"><ele>-6.5</ele><time>2026-05-02T03:17:12.984Z</time></trkpt>
      <trkpt lat="10.6201297" lon="104.1664834"><ele>-6.6</ele><time>2026-05-02T03:17:13.982Z</time></trkpt>
      <trkpt lat="10.6200735" lon="104.1665073"><ele>-6.8</ele><time>2026-05-02T03:17:14.982Z</time></trkpt>
      <trkpt lat="10.6200119" lon="104.1665316"><ele>-7.1</ele><time>2026-05-02T03:17:15.984Z</time></trkpt>
      <trkpt lat="10.6199514" lon="104.1665562"><ele>-7.2</ele><time>2026-05-02T03:17:16.984Z</time></trkpt>
      <trkpt lat="10.6198923" lon="104.1665785"><ele>-7.4</ele><time>2026-05-02T03:17:17.984Z</time></trkpt>
      <trkpt lat="10.6198335" lon="104.1665994"><ele>-7.4</ele><time>2026-05-02T03:17:18.984Z</time></trkpt>
      <trkpt lat="10.6197712" lon="104.1666247"><ele>-7.2</ele><time>2026-05-02T03:17:19.983Z</time></trkpt>
      <trkpt lat="10.6197109" lon="104.1666487"><ele>-6.9</ele><time>2026-05-02T03:17:20.983Z</time></trkpt>
      <trkpt lat="10.6196501" lon="104.1666722"><ele>-6.5</ele><time>2026-05-02T03:17:21.983Z</time></trkpt>
      <trkpt lat="10.6195882" lon="104.1666983"><ele>-6.4</ele><time>2026-05-02T03:17:22.984Z</time></trkpt>
      <trkpt lat="10.6195288" lon="104.1667204"><ele>-6.2</ele><time>2026-05-02T03:17:23.983Z</time></trkpt>
      <trkpt lat="10.6194724" lon="104.1667393"><ele>-6.2</ele><time>2026-05-02T03:17:24.983Z</time></trkpt>
      <trkpt lat="10.6194131" lon="104.1667606"><ele>-6.1</ele><time>2026-05-02T03:17:25.984Z</time></trkpt>
      <trkpt lat="10.6193522" lon="104.1667853"><ele>-6.2</ele><time>2026-05-02T03:17:26.983Z</time></trkpt>
      <trkpt lat="10.6192942" lon="104.1668078"><ele>-6.5</ele><time>2026-05-02T03:17:27.984Z</time></trkpt>
      <trkpt lat="10.6192327" lon="104.1668199"><ele>-6.9</ele><time>2026-05-02T03:17:28.983Z</time></trkpt>
      <trkpt lat="10.6191723" lon="104.1668427"><ele>-7.3</ele><time>2026-05-02T03:17:29.983Z</time></trkpt>
      <trkpt lat="10.6191101" lon="104.1668671"><ele>-7.3</ele><time>2026-05-02T03:17:30.984Z</time></trkpt>
      <trkpt lat="10.6190480" lon="104.1668922"><ele>-7.1</ele><time>2026-05-02T03:17:31.984Z</time></trkpt>
      <trkpt lat="10.6189888" lon="104.1669190"><ele>-7.0</ele><time>2026-05-02T03:17:32.984Z</time></trkpt>
      <trkpt lat="10.6189292" lon="104.1669426"><ele>-7.0</ele><time>2026-05-02T03:17:33.984Z</time></trkpt>
      <trkpt lat="10.6188692" lon="104.1669712"><ele>-7.1</ele><time>2026-05-02T03:17:34.984Z</time></trkpt>
      <trkpt lat="10.6188103" lon="104.1669937"><ele>-7.0</ele><time>2026-05-02T03:17:35.984Z</time></trkpt>
      <trkpt lat="10.6187500" lon="104.1670184"><ele>-6.9</ele><time>2026-05-02T03:17:36.983Z</time></trkpt>
      <trkpt lat="10.6186897" lon="104.1670473"><ele>-6.9</ele><time>2026-05-02T03:17:37.983Z</time></trkpt>
      <trkpt lat="10.6186301" lon="104.1670735"><ele>-6.7</ele><time>2026-05-02T03:17:38.983Z</time></trkpt>
      <trkpt lat="10.6185696" lon="104.1670976"><ele>-6.6</ele><time>2026-05-02T03:17:39.984Z</time></trkpt>
      <trkpt lat="10.6185112" lon="104.1671213"><ele>-6.5</ele><time>2026-05-02T03:17:40.983Z</time></trkpt>
      <trkpt lat="10.6184489" lon="104.1671458"><ele>-6.6</ele><time>2026-05-02T03:17:41.983Z</time></trkpt>
      <trkpt lat="10.6183871" lon="104.1671696"><ele>-6.8</ele><time>2026-05-02T03:17:42.984Z</time></trkpt>
      <trkpt lat="10.6183257" lon="104.1671929"><ele>-7.1</ele><time>2026-05-02T03:17:43.983Z</time></trkpt>
      <trkpt lat="10.6182650" lon="104.1672159"><ele>-7.1</ele><time>2026-05-02T03:17:44.983Z</time></trkpt>
      <trkpt lat="10.6182068" lon="104.1672341"><ele>-7.2</ele><time>2026-05-02T03:17:45.984Z</time></trkpt>
      <trkpt lat="10.6181482" lon="104.1672590"><ele>-7.2</ele><time>2026-05-02T03:17:46.984Z</time></trkpt>
      <trkpt lat="10.6180938" lon="104.1672808"><ele>-7.4</ele><time>2026-05-02T03:17:47.984Z</time></trkpt>
      <trkpt lat="10.6180318" lon="104.1673018"><ele>-7.4</ele><time>2026-05-02T03:17:48.984Z</time></trkpt>
      <trkpt lat="10.6179739" lon="104.1673276"><ele>-7.5</ele><time>2026-05-02T03:17:49.983Z</time></trkpt>
      <trkpt lat="10.6179198" lon="104.1673510"><ele>-7.3</ele><time>2026-05-02T03:17:50.984Z</time></trkpt>
      <trkpt lat="10.6178614" lon="104.1673772"><ele>-7.2</ele><time>2026-05-02T03:17:51.984Z</time></trkpt>
      <trkpt lat="10.6178044" lon="104.1674055"><ele>-7.1</ele><time>2026-05-02T03:17:52.983Z</time></trkpt>
      <trkpt lat="10.6177480" lon="104.1674270"><ele>-7.0</ele><time>2026-05-02T03:17:53.984Z</time></trkpt>
      <trkpt lat="10.6176934" lon="104.1674513"><ele>-6.7</ele><time>2026-05-02T03:17:54.984Z</time></trkpt>
      <trkpt lat="10.6176387" lon="104.1674607"><ele>-6.4</ele><time>2026-05-02T03:17:55.984Z</time></trkpt>
      <trkpt lat="10.6175802" lon="104.1674806"><ele>-6.3</ele><time>2026-05-02T03:17:56.983Z</time></trkpt>
      <trkpt lat="10.6175238" lon="104.1675030"><ele>-6.2</ele><time>2026-05-02T03:17:57.984Z</time></trkpt>
      <trkpt lat="10.6174681" lon="104.1675282"><ele>-6.2</ele><time>2026-05-02T03:17:58.983Z</time></trkpt>
      <trkpt lat="10.6174133" lon="104.1675577"><ele>-6.3</ele><time>2026-05-02T03:17:59.984Z</time></trkpt>
      <trkpt lat="10.6173574" lon="104.1675847"><ele>-6.6</ele><time>2026-05-02T03:18:00.982Z</time></trkpt>
      <trkpt lat="10.6172993" lon="104.1676201"><ele>-7.0</ele><time>2026-05-02T03:18:01.983Z</time></trkpt>
      <trkpt lat="10.6172417" lon="104.1676424"><ele>-7.3</ele><time>2026-05-02T03:18:02.983Z</time></trkpt>
      <trkpt lat="10.6171812" lon="104.1676659"><ele>-7.4</ele><time>2026-05-02T03:18:03.983Z</time></trkpt>
      <trkpt lat="10.6171240" lon="104.1676903"><ele>-7.4</ele><time>2026-05-02T03:18:04.983Z</time></trkpt>
      <trkpt lat="10.6170656" lon="104.1677074"><ele>-7.5</ele><time>2026-05-02T03:18:05.984Z</time></trkpt>
      <trkpt lat="10.6170085" lon="104.1677238"><ele>-7.6</ele><time>2026-05-02T03:18:06.984Z</time></trkpt>
      <trkpt lat="10.6169533" lon="104.1677468"><ele>-7.6</ele><time>2026-05-02T03:18:07.983Z</time></trkpt>
      <trkpt lat="10.6168985" lon="104.1677700"><ele>-7.6</ele><time>2026-05-02T03:18:08.984Z</time></trkpt>
      <trkpt lat="10.6168462" lon="104.1677941"><ele>-7.6</ele><time>2026-05-02T03:18:09.983Z</time></trkpt>
      <trkpt lat="10.6167933" lon="104.1678197"><ele>-7.5</ele><time>2026-05-02T03:18:10.983Z</time></trkpt>
      <trkpt lat="10.6167424" lon="104.1678402"><ele>-7.4</ele><time>2026-05-02T03:18:11.982Z</time></trkpt>
      <trkpt lat="10.6166898" lon="104.1678663"><ele>-7.1</ele><time>2026-05-02T03:18:12.984Z</time></trkpt>
      <trkpt lat="10.6166361" lon="104.1678829"><ele>-7.0</ele><time>2026-05-02T03:18:13.982Z</time></trkpt>
      <trkpt lat="10.6165832" lon="104.1679009"><ele>-6.7</ele><time>2026-05-02T03:18:14.984Z</time></trkpt>
      <trkpt lat="10.6165284" lon="104.1679296"><ele>-6.6</ele><time>2026-05-02T03:18:15.984Z</time></trkpt>
      <trkpt lat="10.6164763" lon="104.1679600"><ele>-6.4</ele><time>2026-05-02T03:18:16.983Z</time></trkpt>
      <trkpt lat="10.6164197" lon="104.1679893"><ele>-6.3</ele><time>2026-05-02T03:18:17.984Z</time></trkpt>
      <trkpt lat="10.6163671" lon="104.1680145"><ele>-6.1</ele><time>2026-05-02T03:18:18.983Z</time></trkpt>
      <trkpt lat="10.6163174" lon="104.1680391"><ele>-6.0</ele><time>2026-05-02T03:18:19.983Z</time></trkpt>
      <trkpt lat="10.6162635" lon="104.1680615"><ele>-5.7</ele><time>2026-05-02T03:18:20.984Z</time></trkpt>
      <trkpt lat="10.6162153" lon="104.1680895"><ele>-5.5</ele><time>2026-05-02T03:18:21.983Z</time></trkpt>
      <trkpt lat="10.6161628" lon="104.1681132"><ele>-5.2</ele><time>2026-05-02T03:18:22.982Z</time></trkpt>
      <trkpt lat="10.6161117" lon="104.1681410"><ele>-5.0</ele><time>2026-05-02T03:18:23.985Z</time></trkpt>
      <trkpt lat="10.6160630" lon="104.1681695"><ele>-4.7</ele><time>2026-05-02T03:18:24.983Z</time></trkpt>
      <trkpt lat="10.6160104" lon="104.1681958"><ele>-4.4</ele><time>2026-05-02T03:18:25.983Z</time></trkpt>
      <trkpt lat="10.6159618" lon="104.1682204"><ele>-4.0</ele><time>2026-05-02T03:18:26.983Z</time></trkpt>
      <trkpt lat="10.6159116" lon="104.1682459"><ele>-3.7</ele><time>2026-05-02T03:18:27.984Z</time></trkpt>
      <trkpt lat="10.6158609" lon="104.1682724"><ele>-3.3</ele><time>2026-05-02T03:18:28.983Z</time></trkpt>
      <trkpt lat="10.6158177" lon="104.1683053"><ele>-3.1</ele><time>2026-05-02T03:18:29.984Z</time></trkpt>
      <trkpt lat="10.6157704" lon="104.1683376"><ele>-2.9</ele><time>2026-05-02T03:18:30.983Z</time></trkpt>
      <trkpt lat="10.6157273" lon="104.1683655"><ele>-2.8</ele><time>2026-05-02T03:18:31.984Z</time></trkpt>
      <trkpt lat="10.6156803" lon="104.1683956"><ele>-2.6</ele><time>2026-05-02T03:18:32.985Z</time></trkpt>
      <trkpt lat="10.6156377" lon="104.1684232"><ele>-2.6</ele><time>2026-05-02T03:18:33.984Z</time></trkpt>
      <trkpt lat="10.6155990" lon="104.1684615"><ele>-2.6</ele><time>2026-05-02T03:18:34.984Z</time></trkpt>
      <trkpt lat="10.6155608" lon="104.1684901"><ele>-2.6</ele><time>2026-05-02T03:18:35.983Z</time></trkpt>
      <trkpt lat="10.6155217" lon="104.1685149"><ele>-2.8</ele><time>2026-05-02T03:18:36.983Z</time></trkpt>
      <trkpt lat="10.6154796" lon="104.1685333"><ele>-3.1</ele><time>2026-05-02T03:18:37.984Z</time></trkpt>
      <trkpt lat="10.6154369" lon="104.1685559"><ele>-3.3</ele><time>2026-05-02T03:18:38.985Z</time></trkpt>
      <trkpt lat="10.6153974" lon="104.1685800"><ele>-3.5</ele><time>2026-05-02T03:18:39.984Z</time></trkpt>
      <trkpt lat="10.6153544" lon="104.1686053"><ele>-3.6</ele><time>2026-05-02T03:18:40.984Z</time></trkpt>
      <trkpt lat="10.6153086" lon="104.1686242"><ele>-3.6</ele><time>2026-05-02T03:18:41.984Z</time></trkpt>
      <trkpt lat="10.6152970" lon="104.1686734"><ele>-3.5</ele><time>2026-05-02T03:18:42.983Z</time></trkpt>
      <trkpt lat="10.6153065" lon="104.1687236"><ele>-3.7</ele><time>2026-05-02T03:18:43.983Z</time></trkpt>
      <trkpt lat="10.6153238" lon="104.1687745"><ele>-3.9</ele><time>2026-05-02T03:18:44.983Z</time></trkpt>
      <trkpt lat="10.6153526" lon="104.1688206"><ele>-4.4</ele><time>2026-05-02T03:18:45.984Z</time></trkpt>
      <trkpt lat="10.6153765" lon="104.1688804"><ele>-5.2</ele><time>2026-05-02T03:18:46.983Z</time></trkpt>
      <trkpt lat="10.6153996" lon="104.1689427"><ele>-5.9</ele><time>2026-05-02T03:18:47.983Z</time></trkpt>
      <trkpt lat="10.6154187" lon="104.1689976"><ele>-6.5</ele><time>2026-05-02T03:18:48.983Z</time></trkpt>
      <trkpt lat="10.6154341" lon="104.1690516"><ele>-6.8</ele><time>2026-05-02T03:18:49.983Z</time></trkpt>
      <trkpt lat="10.6154568" lon="104.1691049"><ele>-7.2</ele><time>2026-05-02T03:18:50.984Z</time></trkpt>
      <trkpt lat="10.6154809" lon="104.1691623"><ele>-7.6</ele><time>2026-05-02T03:18:51.983Z</time></trkpt>
      <trkpt lat="10.6155030" lon="104.1692204"><ele>-7.7</ele><time>2026-05-02T03:18:52.984Z</time></trkpt>
      <trkpt lat="10.6155226" lon="104.1692802"><ele>-7.6</ele><time>2026-05-02T03:18:53.984Z</time></trkpt>
      <trkpt lat="10.6155374" lon="104.1693393"><ele>-7.3</ele><time>2026-05-02T03:18:54.984Z</time></trkpt>
      <trkpt lat="10.6155561" lon="104.1694028"><ele>-7.3</ele><time>2026-05-02T03:18:55.984Z</time></trkpt>
      <trkpt lat="10.6155770" lon="104.1694599"><ele>-7.3</ele><time>2026-05-02T03:18:56.983Z</time></trkpt>
      <trkpt lat="10.6155955" lon="104.1695192"><ele>-7.2</ele><time>2026-05-02T03:18:57.985Z</time></trkpt>
      <trkpt lat="10.6156035" lon="104.1695814"><ele>-7.0</ele><time>2026-05-02T03:18:58.983Z</time></trkpt>
      <trkpt lat="10.6156027" lon="104.1696403"><ele>-6.8</ele><time>2026-05-02T03:18:59.983Z</time></trkpt>
      <trkpt lat="10.6155727" lon="104.1696912"><ele>-6.9</ele><time>2026-05-02T03:19:00.984Z</time></trkpt>
      <trkpt lat="10.6155321" lon="104.1697378"><ele>-7.1</ele><time>2026-05-02T03:19:01.983Z</time></trkpt>
      <trkpt lat="10.6154888" lon="104.1697769"><ele>-7.4</ele><time>2026-05-02T03:19:02.984Z</time></trkpt>
      <trkpt lat="10.6154360" lon="104.1698084"><ele>-7.7</ele><time>2026-05-02T03:19:03.982Z</time></trkpt>
      <trkpt lat="10.6153932" lon="104.1698411"><ele>-7.7</ele><time>2026-05-02T03:19:04.983Z</time></trkpt>
      <trkpt lat="10.6153456" lon="104.1698760"><ele>-7.6</ele><time>2026-05-02T03:19:05.983Z</time></trkpt>
      <trkpt lat="10.6152986" lon="104.1699131"><ele>-7.5</ele><time>2026-05-02T03:19:06.983Z</time></trkpt>
      <trkpt lat="10.6152464" lon="104.1699409"><ele>-7.5</ele><time>2026-05-02T03:19:07.984Z</time></trkpt>
      <trkpt lat="10.6151962" lon="104.1699770"><ele>-7.7</ele><time>2026-05-02T03:19:08.983Z</time></trkpt>
      <trkpt lat="10.6151514" lon="104.1700146"><ele>-7.7</ele><time>2026-05-02T03:19:09.984Z</time></trkpt>
      <trkpt lat="10.6151058" lon="104.1700515"><ele>-7.9</ele><time>2026-05-02T03:19:10.984Z</time></trkpt>
      <trkpt lat="10.6150604" lon="104.1700852"><ele>-7.9</ele><time>2026-05-02T03:19:11.984Z</time></trkpt>
      <trkpt lat="10.6150111" lon="104.1701114"><ele>-7.8</ele><time>2026-05-02T03:19:12.982Z</time></trkpt>
      <trkpt lat="10.6149655" lon="104.1701477"><ele>-7.7</ele><time>2026-05-02T03:19:13.984Z</time></trkpt>
      <trkpt lat="10.6149243" lon="104.1701819"><ele>-7.5</ele><time>2026-05-02T03:19:14.984Z</time></trkpt>
      <trkpt lat="10.6148750" lon="104.1702118"><ele>-7.4</ele><time>2026-05-02T03:19:15.983Z</time></trkpt>
      <trkpt lat="10.6148290" lon="104.1702474"><ele>-7.3</ele><time>2026-05-02T03:19:16.983Z</time></trkpt>
      <trkpt lat="10.6147837" lon="104.1702764"><ele>-7.3</ele><time>2026-05-02T03:19:17.983Z</time></trkpt>
      <trkpt lat="10.6147406" lon="104.1703113"><ele>-7.2</ele><time>2026-05-02T03:19:18.983Z</time></trkpt>
      <trkpt lat="10.6146993" lon="104.1703471"><ele>-7.4</ele><time>2026-05-02T03:19:19.983Z</time></trkpt>
      <trkpt lat="10.6146518" lon="104.1703805"><ele>-7.4</ele><time>2026-05-02T03:19:20.983Z</time></trkpt>
      <trkpt lat="10.6146051" lon="104.1704146"><ele>-7.4</ele><time>2026-05-02T03:19:21.984Z</time></trkpt>
      <trkpt lat="10.6145588" lon="104.1704521"><ele>-7.3</ele><time>2026-05-02T03:19:22.984Z</time></trkpt>
      <trkpt lat="10.6145058" lon="104.1704781"><ele>-7.2</ele><time>2026-05-02T03:19:23.983Z</time></trkpt>
      <trkpt lat="10.6144580" lon="104.1705077"><ele>-7.1</ele><time>2026-05-02T03:19:24.984Z</time></trkpt>
      <trkpt lat="10.6144095" lon="104.1705448"><ele>-7.2</ele><time>2026-05-02T03:19:25.983Z</time></trkpt>
      <trkpt lat="10.6143674" lon="104.1705772"><ele>-7.2</ele><time>2026-05-02T03:19:26.982Z</time></trkpt>
      <trkpt lat="10.6143226" lon="104.1706144"><ele>-7.2</ele><time>2026-05-02T03:19:27.984Z</time></trkpt>
      <trkpt lat="10.6142777" lon="104.1706496"><ele>-7.2</ele><time>2026-05-02T03:19:28.983Z</time></trkpt>
      <trkpt lat="10.6142327" lon="104.1706897"><ele>-7.2</ele><time>2026-05-02T03:19:29.983Z</time></trkpt>
      <trkpt lat="10.6141912" lon="104.1707316"><ele>-7.4</ele><time>2026-05-02T03:19:30.983Z</time></trkpt>
      <trkpt lat="10.6141559" lon="104.1707700"><ele>-7.6</ele><time>2026-05-02T03:19:31.983Z</time></trkpt>
      <trkpt lat="10.6141121" lon="104.1708081"><ele>-7.9</ele><time>2026-05-02T03:19:32.983Z</time></trkpt>
      <trkpt lat="10.6140649" lon="104.1708391"><ele>-8.0</ele><time>2026-05-02T03:19:33.984Z</time></trkpt>
      <trkpt lat="10.6140209" lon="104.1708733"><ele>-8.1</ele><time>2026-05-02T03:19:34.985Z</time></trkpt>
      <trkpt lat="10.6139738" lon="104.1709063"><ele>-8.2</ele><time>2026-05-02T03:19:35.985Z</time></trkpt>
      <trkpt lat="10.6139309" lon="104.1709394"><ele>-8.4</ele><time>2026-05-02T03:19:36.983Z</time></trkpt>
      <trkpt lat="10.6138855" lon="104.1709714"><ele>-8.4</ele><time>2026-05-02T03:19:37.984Z</time></trkpt>
      <trkpt lat="10.6138404" lon="104.1710045"><ele>-8.3</ele><time>2026-05-02T03:19:38.985Z</time></trkpt>
      <trkpt lat="10.6137965" lon="104.1710430"><ele>-8.4</ele><time>2026-05-02T03:19:39.983Z</time></trkpt>
      <trkpt lat="10.6137520" lon="104.1710736"><ele>-8.5</ele><time>2026-05-02T03:19:40.984Z</time></trkpt>
      <trkpt lat="10.6137069" lon="104.1711072"><ele>-8.6</ele><time>2026-05-02T03:19:41.985Z</time></trkpt>
      <trkpt lat="10.6136628" lon="104.1711390"><ele>-8.6</ele><time>2026-05-02T03:19:42.984Z</time></trkpt>
      <trkpt lat="10.6136159" lon="104.1711724"><ele>-8.6</ele><time>2026-05-02T03:19:43.982Z</time></trkpt>
      <trkpt lat="10.6135676" lon="104.1712074"><ele>-8.6</ele><time>2026-05-02T03:19:44.983Z</time></trkpt>
      <trkpt lat="10.6135190" lon="104.1712402"><ele>-8.5</ele><time>2026-05-02T03:19:45.983Z</time></trkpt>
      <trkpt lat="10.6134770" lon="104.1712753"><ele>-8.6</ele><time>2026-05-02T03:19:46.983Z</time></trkpt>
      <trkpt lat="10.6134288" lon="104.1713003"><ele>-8.7</ele><time>2026-05-02T03:19:47.983Z</time></trkpt>
      <trkpt lat="10.6133867" lon="104.1713282"><ele>-8.9</ele><time>2026-05-02T03:19:48.984Z</time></trkpt>
      <trkpt lat="10.6133437" lon="104.1713626"><ele>-8.9</ele><time>2026-05-02T03:19:49.984Z</time></trkpt>
      <trkpt lat="10.6133053" lon="104.1713960"><ele>-8.9</ele><time>2026-05-02T03:19:50.983Z</time></trkpt>
      <trkpt lat="10.6132657" lon="104.1714286"><ele>-8.7</ele><time>2026-05-02T03:19:51.984Z</time></trkpt>
      <trkpt lat="10.6132199" lon="104.1714632"><ele>-8.6</ele><time>2026-05-02T03:19:52.983Z</time></trkpt>
      <trkpt lat="10.6131720" lon="104.1714960"><ele>-8.7</ele><time>2026-05-02T03:19:53.983Z</time></trkpt>
      <trkpt lat="10.6131261" lon="104.1715255"><ele>-8.7</ele><time>2026-05-02T03:19:54.983Z</time></trkpt>
      <trkpt lat="10.6130829" lon="104.1715592"><ele>-8.7</ele><time>2026-05-02T03:19:55.983Z</time></trkpt>
      <trkpt lat="10.6130373" lon="104.1715926"><ele>-8.6</ele><time>2026-05-02T03:19:56.983Z</time></trkpt>
      <trkpt lat="10.6129937" lon="104.1716209"><ele>-8.7</ele><time>2026-05-02T03:19:57.983Z</time></trkpt>
      <trkpt lat="10.6129479" lon="104.1716509"><ele>-8.8</ele><time>2026-05-02T03:19:58.983Z</time></trkpt>
      <trkpt lat="10.6129040" lon="104.1716831"><ele>-9.0</ele><time>2026-05-02T03:19:59.984Z</time></trkpt>
      <trkpt lat="10.6128590" lon="104.1717185"><ele>-9.1</ele><time>2026-05-02T03:20:00.984Z</time></trkpt>
      <trkpt lat="10.6128178" lon="104.1717548"><ele>-9.1</ele><time>2026-05-02T03:20:01.983Z</time></trkpt>
      <trkpt lat="10.6127761" lon="104.1717837"><ele>-9.1</ele><time>2026-05-02T03:20:02.984Z</time></trkpt>
      <trkpt lat="10.6127345" lon="104.1718128"><ele>-9.0</ele><time>2026-05-02T03:20:03.983Z</time></trkpt>
      <trkpt lat="10.6126919" lon="104.1718454"><ele>-8.8</ele><time>2026-05-02T03:20:04.983Z</time></trkpt>
      <trkpt lat="10.6126498" lon="104.1718765"><ele>-8.7</ele><time>2026-05-02T03:20:05.983Z</time></trkpt>
      <trkpt lat="10.6126087" lon="104.1719076"><ele>-8.6</ele><time>2026-05-02T03:20:06.983Z</time></trkpt>
      <trkpt lat="10.6125700" lon="104.1719374"><ele>-8.6</ele><time>2026-05-02T03:20:07.983Z</time></trkpt>
      <trkpt lat="10.6125346" lon="104.1719696"><ele>-8.4</ele><time>2026-05-02T03:20:08.983Z</time></trkpt>
      <trkpt lat="10.6124943" lon="104.1719983"><ele>-8.3</ele><time>2026-05-02T03:20:09.984Z</time></trkpt>
      <trkpt lat="10.6124544" lon="104.1720242"><ele>-8.2</ele><time>2026-05-02T03:20:10.983Z</time></trkpt>
      <trkpt lat="10.6124210" lon="104.1720535"><ele>-8.3</ele><time>2026-05-02T03:20:11.983Z</time></trkpt>
      <trkpt lat="10.6123951" lon="104.1720795"><ele>-8.6</ele><time>2026-05-02T03:20:12.983Z</time></trkpt>
      <trkpt lat="10.6123617" lon="104.1721030"><ele>-9.0</ele><time>2026-05-02T03:20:13.983Z</time></trkpt>
      <trkpt lat="10.6123278" lon="104.1721268"><ele>-9.0</ele><time>2026-05-02T03:20:14.984Z</time></trkpt>
      <trkpt lat="10.6123053" lon="104.1721436"><ele>-8.6</ele><time>2026-05-02T03:20:15.983Z</time></trkpt>
      <trkpt lat="10.6122819" lon="104.1721559"><ele>-8.0</ele><time>2026-05-02T03:20:16.984Z</time></trkpt>
      <trkpt lat="10.6122630" lon="104.1721583"><ele>-7.5</ele><time>2026-05-02T03:20:17.984Z</time></trkpt>
      <trkpt lat="10.6122418" lon="104.1721537"><ele>-7.3</ele><time>2026-05-02T03:20:18.983Z</time></trkpt>
      <trkpt lat="10.6122202" lon="104.1721478"><ele>-7.2</ele><time>2026-05-02T03:20:19.983Z</time></trkpt>
      <trkpt lat="10.6121955" lon="104.1721501"><ele>-7.3</ele><time>2026-05-02T03:20:20.983Z</time></trkpt>
      <trkpt lat="10.6121694" lon="104.1721662"><ele>-7.4</ele><time>2026-05-02T03:20:21.983Z</time></trkpt>
      <trkpt lat="10.6121524" lon="104.1721874"><ele>-7.7</ele><time>2026-05-02T03:20:22.984Z</time></trkpt>
      <trkpt lat="10.6121405" lon="104.1722200"><ele>-8.1</ele><time>2026-05-02T03:20:23.983Z</time></trkpt>
      <trkpt lat="10.6121317" lon="104.1722535"><ele>-8.3</ele><time>2026-05-02T03:20:24.983Z</time></trkpt>
      <trkpt lat="10.6121135" lon="104.1722830"><ele>-8.4</ele><time>2026-05-02T03:20:25.984Z</time></trkpt>
      <trkpt lat="10.6120854" lon="104.1723038"><ele>-8.8</ele><time>2026-05-02T03:20:26.984Z</time></trkpt>
      <trkpt lat="10.6120566" lon="104.1723278"><ele>-9.4</ele><time>2026-05-02T03:20:27.984Z</time></trkpt>
      <trkpt lat="10.6120277" lon="104.1723562"><ele>-9.9</ele><time>2026-05-02T03:20:28.983Z</time></trkpt>
      <trkpt lat="10.6119975" lon="104.1723837"><ele>-10.1</ele><time>2026-05-02T03:20:29.984Z</time></trkpt>
      <trkpt lat="10.6119640" lon="104.1724079"><ele>-10.2</ele><time>2026-05-02T03:20:30.983Z</time></trkpt>
      <trkpt lat="10.6119320" lon="104.1724331"><ele>-10.1</ele><time>2026-05-02T03:20:31.985Z</time></trkpt>
      <trkpt lat="10.6119008" lon="104.1724597"><ele>-10.2</ele><time>2026-05-02T03:20:32.983Z</time></trkpt>
      <trkpt lat="10.6118672" lon="104.1724854"><ele>-10.4</ele><time>2026-05-02T03:20:33.983Z</time></trkpt>
      <trkpt lat="10.6118334" lon="104.1725117"><ele>-10.6</ele><time>2026-05-02T03:20:34.983Z</time></trkpt>
      <trkpt lat="10.6118005" lon="104.1725368"><ele>-10.6</ele><time>2026-05-02T03:20:35.983Z</time></trkpt>
      <trkpt lat="10.6117667" lon="104.1725631"><ele>-10.7</ele><time>2026-05-02T03:20:36.983Z</time></trkpt>
      <trkpt lat="10.6117312" lon="104.1725885"><ele>-10.9</ele><time>2026-05-02T03:20:37.983Z</time></trkpt>
      <trkpt lat="10.6116932" lon="104.1726114"><ele>-10.9</ele><time>2026-05-02T03:20:38.983Z</time></trkpt>
      <trkpt lat="10.6116561" lon="104.1726377"><ele>-11.0</ele><time>2026-05-02T03:20:39.983Z</time></trkpt>
      <trkpt lat="10.6116185" lon="104.1726636"><ele>-10.9</ele><time>2026-05-02T03:20:40.983Z</time></trkpt>
      <trkpt lat="10.6115797" lon="104.1726880"><ele>-10.8</ele><time>2026-05-02T03:20:41.983Z</time></trkpt>
      <trkpt lat="10.6115386" lon="104.1727113"><ele>-10.6</ele><time>2026-05-02T03:20:42.984Z</time></trkpt>
      <trkpt lat="10.6115035" lon="104.1727402"><ele>-10.4</ele><time>2026-05-02T03:20:43.983Z</time></trkpt>
      <trkpt lat="10.6114638" lon="104.1727695"><ele>-10.3</ele><time>2026-05-02T03:20:44.984Z</time></trkpt>
      <trkpt lat="10.6114251" lon="104.1727923"><ele>-10.3</ele><time>2026-05-02T03:20:45.983Z</time></trkpt>
      <trkpt lat="10.6113891" lon="104.1728183"><ele>-10.2</ele><time>2026-05-02T03:20:46.984Z</time></trkpt>
      <trkpt lat="10.6113503" lon="104.1728437"><ele>-10.1</ele><time>2026-05-02T03:20:47.983Z</time></trkpt>
      <trkpt lat="10.6113153" lon="104.1728713"><ele>-10.2</ele><time>2026-05-02T03:20:48.982Z</time></trkpt>
      <trkpt lat="10.6112758" lon="104.1728935"><ele>-10.4</ele><time>2026-05-02T03:20:49.983Z</time></trkpt>
      <trkpt lat="10.6112413" lon="104.1729199"><ele>-10.6</ele><time>2026-05-02T03:20:50.982Z</time></trkpt>
      <trkpt lat="10.6111996" lon="104.1729432"><ele>-10.7</ele><time>2026-05-02T03:20:51.983Z</time></trkpt>
      <trkpt lat="10.6111626" lon="104.1729670"><ele>-10.4</ele><time>2026-05-02T03:20:52.983Z</time></trkpt>
      <trkpt lat="10.6111237" lon="104.1729954"><ele>-10.1</ele><time>2026-05-02T03:20:53.983Z</time></trkpt>
      <trkpt lat="10.6110831" lon="104.1730212"><ele>-9.8</ele><time>2026-05-02T03:20:54.983Z</time></trkpt>
      <trkpt lat="10.6110420" lon="104.1730507"><ele>-9.7</ele><time>2026-05-02T03:20:55.983Z</time></trkpt>
      <trkpt lat="10.6110043" lon="104.1730748"><ele>-9.8</ele><time>2026-05-02T03:20:56.983Z</time></trkpt>
      <trkpt lat="10.6109668" lon="104.1731023"><ele>-10.0</ele><time>2026-05-02T03:20:57.983Z</time></trkpt>
      <trkpt lat="10.6109288" lon="104.1731276"><ele>-10.3</ele><time>2026-05-02T03:20:58.983Z</time></trkpt>
      <trkpt lat="10.6108894" lon="104.1731604"><ele>-10.6</ele><time>2026-05-02T03:20:59.983Z</time></trkpt>
      <trkpt lat="10.6108523" lon="104.1731886"><ele>-10.8</ele><time>2026-05-02T03:21:00.983Z</time></trkpt>
      <trkpt lat="10.6108093" lon="104.1732214"><ele>-11.0</ele><time>2026-05-02T03:21:01.984Z</time></trkpt>
      <trkpt lat="10.6107672" lon="104.1732531"><ele>-11.2</ele><time>2026-05-02T03:21:02.983Z</time></trkpt>
      <trkpt lat="10.6107273" lon="104.1732826"><ele>-11.1</ele><time>2026-05-02T03:21:03.983Z</time></trkpt>
      <trkpt lat="10.6106874" lon="104.1733130"><ele>-11.2</ele><time>2026-05-02T03:21:04.982Z</time></trkpt>
      <trkpt lat="10.6106518" lon="104.1733406"><ele>-11.3</ele><time>2026-05-02T03:21:05.983Z</time></trkpt>
      <trkpt lat="10.6106112" lon="104.1733690"><ele>-11.4</ele><time>2026-05-02T03:21:06.983Z</time></trkpt>
      <trkpt lat="10.6105753" lon="104.1733967"><ele>-11.4</ele><time>2026-05-02T03:21:07.983Z</time></trkpt>
      <trkpt lat="10.6105332" lon="104.1734260"><ele>-11.6</ele><time>2026-05-02T03:21:08.983Z</time></trkpt>
      <trkpt lat="10.6104965" lon="104.1734610"><ele>-11.9</ele><time>2026-05-02T03:21:09.983Z</time></trkpt>
      <trkpt lat="10.6104589" lon="104.1734901"><ele>-12.2</ele><time>2026-05-02T03:21:10.984Z</time></trkpt>
      <trkpt lat="10.6104216" lon="104.1735244"><ele>-12.3</ele><time>2026-05-02T03:21:11.984Z</time></trkpt>
      <trkpt lat="10.6103772" lon="104.1735512"><ele>-12.4</ele><time>2026-05-02T03:21:12.983Z</time></trkpt>
      <trkpt lat="10.6103354" lon="104.1735802"><ele>-12.3</ele><time>2026-05-02T03:21:13.982Z</time></trkpt>
      <trkpt lat="10.6102960" lon="104.1736083"><ele>-12.2</ele><time>2026-05-02T03:21:14.983Z</time></trkpt>
      <trkpt lat="10.6102572" lon="104.1736390"><ele>-12.0</ele><time>2026-05-02T03:21:15.983Z</time></trkpt>
      <trkpt lat="10.6102206" lon="104.1736686"><ele>-12.0</ele><time>2026-05-02T03:21:16.984Z</time></trkpt>
      <trkpt lat="10.6101772" lon="104.1736988"><ele>-11.9</ele><time>2026-05-02T03:21:17.983Z</time></trkpt>
      <trkpt lat="10.6101349" lon="104.1737340"><ele>-11.9</ele><time>2026-05-02T03:21:18.983Z</time></trkpt>
      <trkpt lat="10.6100933" lon="104.1737637"><ele>-11.9</ele><time>2026-05-02T03:21:19.983Z</time></trkpt>
      <trkpt lat="10.6100526" lon="104.1737877"><ele>-11.9</ele><time>2026-05-02T03:21:20.983Z</time></trkpt>
      <trkpt lat="10.6100109" lon="104.1738179"><ele>-11.8</ele><time>2026-05-02T03:21:21.983Z</time></trkpt>
      <trkpt lat="10.6099718" lon="104.1738488"><ele>-11.7</ele><time>2026-05-02T03:21:22.982Z</time></trkpt>
      <trkpt lat="10.6099363" lon="104.1738791"><ele>-11.5</ele><time>2026-05-02T03:21:23.982Z</time></trkpt>
      <trkpt lat="10.6098920" lon="104.1739122"><ele>-11.5</ele><time>2026-05-02T03:21:24.982Z</time></trkpt>
      <trkpt lat="10.6098505" lon="104.1739449"><ele>-11.4</ele><time>2026-05-02T03:21:25.983Z</time></trkpt>
      <trkpt lat="10.6098113" lon="104.1739737"><ele>-11.3</ele><time>2026-05-02T03:21:26.983Z</time></trkpt>
      <trkpt lat="10.6097716" lon="104.1739971"><ele>-11.2</ele><time>2026-05-02T03:21:27.983Z</time></trkpt>
      <trkpt lat="10.6097307" lon="104.1740271"><ele>-11.1</ele><time>2026-05-02T03:21:28.982Z</time></trkpt>
      <trkpt lat="10.6096913" lon="104.1740588"><ele>-11.0</ele><time>2026-05-02T03:21:29.982Z</time></trkpt>
      <trkpt lat="10.6096563" lon="104.1740906"><ele>-11.0</ele><time>2026-05-02T03:21:30.982Z</time></trkpt>
      <trkpt lat="10.6096165" lon="104.1741192"><ele>-11.0</ele><time>2026-05-02T03:21:31.983Z</time></trkpt>
      <trkpt lat="10.6095783" lon="104.1741448"><ele>-10.9</ele><time>2026-05-02T03:21:32.983Z</time></trkpt>
      <trkpt lat="10.6095388" lon="104.1741718"><ele>-10.9</ele><time>2026-05-02T03:21:33.982Z</time></trkpt>
      <trkpt lat="10.6094998" lon="104.1742001"><ele>-11.0</ele><time>2026-05-02T03:21:34.983Z</time></trkpt>
      <trkpt lat="10.6094636" lon="104.1742304"><ele>-11.2</ele><time>2026-05-02T03:21:35.983Z</time></trkpt>
      <trkpt lat="10.6094270" lon="104.1742584"><ele>-11.3</ele><time>2026-05-02T03:21:36.983Z</time></trkpt>
      <trkpt lat="10.6093890" lon="104.1742877"><ele>-11.4</ele><time>2026-05-02T03:21:37.984Z</time></trkpt>
      <trkpt lat="10.6093507" lon="104.1743143"><ele>-11.4</ele><time>2026-05-02T03:21:38.982Z</time></trkpt>
      <trkpt lat="10.6093181" lon="104.1743407"><ele>-11.3</ele><time>2026-05-02T03:21:39.984Z</time></trkpt>
      <trkpt lat="10.6092796" lon="104.1743691"><ele>-11.2</ele><time>2026-05-02T03:21:40.983Z</time></trkpt>
      <trkpt lat="10.6092406" lon="104.1743938"><ele>-11.3</ele><time>2026-05-02T03:21:41.983Z</time></trkpt>
      <trkpt lat="10.6092018" lon="104.1744256"><ele>-11.3</ele><time>2026-05-02T03:21:42.982Z</time></trkpt>
      <trkpt lat="10.6091611" lon="104.1744512"><ele>-11.2</ele><time>2026-05-02T03:21:43.983Z</time></trkpt>
      <trkpt lat="10.6091263" lon="104.1744790"><ele>-11.0</ele><time>2026-05-02T03:21:44.983Z</time></trkpt>
      <trkpt lat="10.6090882" lon="104.1745108"><ele>-10.7</ele><time>2026-05-02T03:21:45.983Z</time></trkpt>
      <trkpt lat="10.6090534" lon="104.1745368"><ele>-10.7</ele><time>2026-05-02T03:21:46.981Z</time></trkpt>
      <trkpt lat="10.6090120" lon="104.1745676"><ele>-10.6</ele><time>2026-05-02T03:21:47.982Z</time></trkpt>
      <trkpt lat="10.6089727" lon="104.1745957"><ele>-10.8</ele><time>2026-05-02T03:21:48.982Z</time></trkpt>
      <trkpt lat="10.6089345" lon="104.1746268"><ele>-10.9</ele><time>2026-05-02T03:21:49.984Z</time></trkpt>
      <trkpt lat="10.6088947" lon="104.1746575"><ele>-10.9</ele><time>2026-05-02T03:21:50.983Z</time></trkpt>
      <trkpt lat="10.6088565" lon="104.1746865"><ele>-10.8</ele><time>2026-05-02T03:21:51.983Z</time></trkpt>
      <trkpt lat="10.6088230" lon="104.1747139"><ele>-10.8</ele><time>2026-05-02T03:21:52.983Z</time></trkpt>
      <trkpt lat="10.6087859" lon="104.1747442"><ele>-10.8</ele><time>2026-05-02T03:21:53.984Z</time></trkpt>
      <trkpt lat="10.6087436" lon="104.1747732"><ele>-10.9</ele><time>2026-05-02T03:21:54.982Z</time></trkpt>
      <trkpt lat="10.6087044" lon="104.1748071"><ele>-10.8</ele><time>2026-05-02T03:21:55.983Z</time></trkpt>
      <trkpt lat="10.6086632" lon="104.1748369"><ele>-10.6</ele><time>2026-05-02T03:21:56.981Z</time></trkpt>
      <trkpt lat="10.6086193" lon="104.1748671"><ele>-10.2</ele><time>2026-05-02T03:21:57.983Z</time></trkpt>
      <trkpt lat="10.6085815" lon="104.1749001"><ele>-9.8</ele><time>2026-05-02T03:21:58.982Z</time></trkpt>
      <trkpt lat="10.6085407" lon="104.1749334"><ele>-9.8</ele><time>2026-05-02T03:21:59.984Z</time></trkpt>
      <trkpt lat="10.6084992" lon="104.1749619"><ele>-9.6</ele><time>2026-05-02T03:22:00.982Z</time></trkpt>
      <trkpt lat="10.6084599" lon="104.1749885"><ele>-9.7</ele><time>2026-05-02T03:22:01.984Z</time></trkpt>
      <trkpt lat="10.6084227" lon="104.1750152"><ele>-9.7</ele><time>2026-05-02T03:22:02.983Z</time></trkpt>
      <trkpt lat="10.6083863" lon="104.1750431"><ele>-9.9</ele><time>2026-05-02T03:22:03.983Z</time></trkpt>
      <trkpt lat="10.6083526" lon="104.1750722"><ele>-10.2</ele><time>2026-05-02T03:22:04.982Z</time></trkpt>
      <trkpt lat="10.6083189" lon="104.1751026"><ele>-10.2</ele><time>2026-05-02T03:22:05.983Z</time></trkpt>
      <trkpt lat="10.6082844" lon="104.1751286"><ele>-10.3</ele><time>2026-05-02T03:22:06.984Z</time></trkpt>
      <trkpt lat="10.6082489" lon="104.1751546"><ele>-10.1</ele><time>2026-05-02T03:22:07.984Z</time></trkpt>
      <trkpt lat="10.6082190" lon="104.1751802"><ele>-9.9</ele><time>2026-05-02T03:22:08.983Z</time></trkpt>
      <trkpt lat="10.6081936" lon="104.1752072"><ele>-9.7</ele><time>2026-05-02T03:22:09.983Z</time></trkpt>
      <trkpt lat="10.6081647" lon="104.1752349"><ele>-9.4</ele><time>2026-05-02T03:22:10.984Z</time></trkpt>
      <trkpt lat="10.6081380" lon="104.1752596"><ele>-9.1</ele><time>2026-05-02T03:22:11.983Z</time></trkpt>
      <trkpt lat="10.6081096" lon="104.1752810"><ele>-8.8</ele><time>2026-05-02T03:22:12.983Z</time></trkpt>
      <trkpt lat="10.6080832" lon="104.1753012"><ele>-8.6</ele><time>2026-05-02T03:22:13.982Z</time></trkpt>
      <trkpt lat="10.6080558" lon="104.1753192"><ele>-8.5</ele><time>2026-05-02T03:22:14.983Z</time></trkpt>
      <trkpt lat="10.6080256" lon="104.1753374"><ele>-8.5</ele><time>2026-05-02T03:22:15.983Z</time></trkpt>
      <trkpt lat="10.6079984" lon="104.1753509"><ele>-8.4</ele><time>2026-05-02T03:22:16.983Z</time></trkpt>
      <trkpt lat="10.6079721" lon="104.1753664"><ele>-8.6</ele><time>2026-05-02T03:22:17.982Z</time></trkpt>
      <trkpt lat="10.6079467" lon="104.1753813"><ele>-9.0</ele><time>2026-05-02T03:22:18.983Z</time></trkpt>
      <trkpt lat="10.6079204" lon="104.1753937"><ele>-9.3</ele><time>2026-05-02T03:22:19.983Z</time></trkpt>
      <trkpt lat="10.6078988" lon="104.1754077"><ele>-9.4</ele><time>2026-05-02T03:22:20.983Z</time></trkpt>
      <trkpt lat="10.6078760" lon="104.1754229"><ele>-9.5</ele><time>2026-05-02T03:22:21.982Z</time></trkpt>
      <trkpt lat="10.6078527" lon="104.1754366"><ele>-9.6</ele><time>2026-05-02T03:22:22.984Z</time></trkpt>
      <trkpt lat="10.6078293" lon="104.1754555"><ele>-9.6</ele><time>2026-05-02T03:22:23.982Z</time></trkpt>
      <trkpt lat="10.6078093" lon="104.1754730"><ele>-9.7</ele><time>2026-05-02T03:22:24.983Z</time></trkpt>
      <trkpt lat="10.6077956" lon="104.1754899"><ele>-9.6</ele><time>2026-05-02T03:22:25.983Z</time></trkpt>
      <trkpt lat="10.6077875" lon="104.1755062"><ele>-9.7</ele><time>2026-05-02T03:22:26.982Z</time></trkpt>
      <trkpt lat="10.6077850" lon="104.1755222"><ele>-9.8</ele><time>2026-05-02T03:22:27.983Z</time></trkpt>
      <trkpt lat="10.6077846" lon="104.1755425"><ele>-10.0</ele><time>2026-05-02T03:22:28.982Z</time></trkpt>
      <trkpt lat="10.6077877" lon="104.1755620"><ele>-10.2</ele><time>2026-05-02T03:22:29.982Z</time></trkpt>
      <trkpt lat="10.6077964" lon="104.1755840"><ele>-10.2</ele><time>2026-05-02T03:22:30.983Z</time></trkpt>
      <trkpt lat="10.6078077" lon="104.1756081"><ele>-10.0</ele><time>2026-05-02T03:22:31.982Z</time></trkpt>
      <trkpt lat="10.6078222" lon="104.1756319"><ele>-9.7</ele><time>2026-05-02T03:22:32.983Z</time></trkpt>
      <trkpt lat="10.6078376" lon="104.1756561"><ele>-9.5</ele><time>2026-05-02T03:22:33.984Z</time></trkpt>
      <trkpt lat="10.6078546" lon="104.1756815"><ele>-9.1</ele><time>2026-05-02T03:22:34.983Z</time></trkpt>
      <trkpt lat="10.6078730" lon="104.1757085"><ele>-8.7</ele><time>2026-05-02T03:22:35.982Z</time></trkpt>
      <trkpt lat="10.6078905" lon="104.1757354"><ele>-8.2</ele><time>2026-05-02T03:22:36.984Z</time></trkpt>
      <trkpt lat="10.6079085" lon="104.1757625"><ele>-8.2</ele><time>2026-05-02T03:22:37.984Z</time></trkpt>
      <trkpt lat="10.6079246" lon="104.1757916"><ele>-8.2</ele><time>2026-05-02T03:22:38.983Z</time></trkpt>
      <trkpt lat="10.6079398" lon="104.1758192"><ele>-8.2</ele><time>2026-05-02T03:22:39.983Z</time></trkpt>
      <trkpt lat="10.6079551" lon="104.1758476"><ele>-8.1</ele><time>2026-05-02T03:22:40.983Z</time></trkpt>
      <trkpt lat="10.6079672" lon="104.1758715"><ele>-7.8</ele><time>2026-05-02T03:22:41.983Z</time></trkpt>
      <trkpt lat="10.6079782" lon="104.1758963"><ele>-7.5</ele><time>2026-05-02T03:22:42.983Z</time></trkpt>
      <trkpt lat="10.6079880" lon="104.1759205"><ele>-7.3</ele><time>2026-05-02T03:22:43.983Z</time></trkpt>
      <trkpt lat="10.6079960" lon="104.1759464"><ele>-7.0</ele><time>2026-05-02T03:22:44.982Z</time></trkpt>
      <trkpt lat="10.6080068" lon="104.1759747"><ele>-6.8</ele><time>2026-05-02T03:22:45.982Z</time></trkpt>
      <trkpt lat="10.6080191" lon="104.1760020"><ele>-6.5</ele><time>2026-05-02T03:22:46.983Z</time></trkpt>
      <trkpt lat="10.6080326" lon="104.1760305"><ele>-6.3</ele><time>2026-05-02T03:22:47.983Z</time></trkpt>
      <trkpt lat="10.6080465" lon="104.1760609"><ele>-6.3</ele><time>2026-05-02T03:22:48.983Z</time></trkpt>
      <trkpt lat="10.6080623" lon="104.1760914"><ele>-6.3</ele><time>2026-05-02T03:22:49.983Z</time></trkpt>
      <trkpt lat="10.6080774" lon="104.1761217"><ele>-6.6</ele><time>2026-05-02T03:22:50.982Z</time></trkpt>
      <trkpt lat="10.6080932" lon="104.1761544"><ele>-6.6</ele><time>2026-05-02T03:22:51.983Z</time></trkpt>
      <trkpt lat="10.6081121" lon="104.1761954"><ele>-6.6</ele><time>2026-05-02T03:22:52.983Z</time></trkpt>
      <trkpt lat="10.6081150" lon="104.1762013"><ele>-6.4</ele><time>2026-05-02T03:22:53.158Z</time></trkpt>
      <trkpt lat="10.6081254" lon="104.1762224"><ele>-6.3</ele><time>2026-05-02T03:22:53.784Z</time></trkpt>
      <trkpt lat="10.6081293" lon="104.1762287"><ele>-6.3</ele><time>2026-05-02T03:22:53.984Z</time></trkpt>
      <trkpt lat="10.6081357" lon="104.1762398"><ele>-6.3</ele><time>2026-05-02T03:22:54.323Z</time></trkpt>
      <trkpt lat="10.6081462" lon="104.1762582"><ele>-6.3</ele><time>2026-05-02T03:22:54.877Z</time></trkpt>
      <trkpt lat="10.6081487" lon="104.1762617"><ele>-6.4</ele><time>2026-05-02T03:22:54.983Z</time></trkpt>
      <trkpt lat="10.6081604" lon="104.1762826"><ele>-6.4</ele><time>2026-05-02T03:22:55.619Z</time></trkpt>
      <trkpt lat="10.6081668" lon="104.1762945"><ele>-6.5</ele><time>2026-05-02T03:22:55.963Z</time></trkpt>
      <trkpt lat="10.6081764" lon="104.1763137"><ele>-6.5</ele><time>2026-05-02T03:22:56.504Z</time></trkpt>
      <trkpt lat="10.6081847" lon="104.1763307"><ele>-6.5</ele><time>2026-05-02T03:22:56.977Z</time></trkpt>
      <trkpt lat="10.6081920" lon="104.1763478"><ele>-6.6</ele><time>2026-05-02T03:22:57.440Z</time></trkpt>
      <trkpt lat="10.6081960" lon="104.1763633"><ele>-6.6</ele><time>2026-05-02T03:22:57.982Z</time></trkpt>
      <trkpt lat="10.6082086" lon="104.1763989"><ele>-6.7</ele><time>2026-05-02T03:22:58.983Z</time></trkpt>
      <trkpt lat="10.6082245" lon="104.1764367"><ele>-6.7</ele><time>2026-05-02T03:22:59.982Z</time></trkpt>
      <trkpt lat="10.6082388" lon="104.1764694"><ele>-6.6</ele><time>2026-05-02T03:23:00.982Z</time></trkpt>
      <trkpt lat="10.6082504" lon="104.1764916"><ele>-6.3</ele><time>2026-05-02T03:23:01.983Z</time></trkpt>
      <trkpt lat="10.6082629" lon="104.1765146"><ele>-5.9</ele><time>2026-05-02T03:23:02.983Z</time></trkpt>
      <trkpt lat="10.6082762" lon="104.1765412"><ele>-5.5</ele><time>2026-05-02T03:23:03.983Z</time></trkpt>
      <trkpt lat="10.6082886" lon="104.1765716"><ele>-5.1</ele><time>2026-05-02T03:23:04.983Z</time></trkpt>
      <trkpt lat="10.6083033" lon="104.1766030"><ele>-4.9</ele><time>2026-05-02T03:23:05.983Z</time></trkpt>
      <trkpt lat="10.6083185" lon="104.1766366"><ele>-4.6</ele><time>2026-05-02T03:23:06.982Z</time></trkpt>
      <trkpt lat="10.6083357" lon="104.1766707"><ele>-4.2</ele><time>2026-05-02T03:23:07.983Z</time></trkpt>
      <trkpt lat="10.6083527" lon="104.1767049"><ele>-3.7</ele><time>2026-05-02T03:23:08.982Z</time></trkpt>
      <trkpt lat="10.6083713" lon="104.1767391"><ele>-3.5</ele><time>2026-05-02T03:23:09.982Z</time></trkpt>
      <trkpt lat="10.6083894" lon="104.1767737"><ele>-3.2</ele><time>2026-05-02T03:23:10.983Z</time></trkpt>
      <trkpt lat="10.6084077" lon="104.1768091"><ele>-3.0</ele><time>2026-05-02T03:23:11.983Z</time></trkpt>
      <trkpt lat="10.6084264" lon="104.1768450"><ele>-2.6</ele><time>2026-05-02T03:23:12.982Z</time></trkpt>
      <trkpt lat="10.6084453" lon="104.1768802"><ele>-2.4</ele><time>2026-05-02T03:23:13.982Z</time></trkpt>
      <trkpt lat="10.6084637" lon="104.1769144"><ele>-2.4</ele><time>2026-05-02T03:23:14.983Z</time></trkpt>
      <trkpt lat="10.6084812" lon="104.1769490"><ele>-2.5</ele><time>2026-05-02T03:23:15.983Z</time></trkpt>
      <trkpt lat="10.6084974" lon="104.1769842"><ele>-2.6</ele><time>2026-05-02T03:23:16.983Z</time></trkpt>
      <trkpt lat="10.6085149" lon="104.1770204"><ele>-2.5</ele><time>2026-05-02T03:23:17.982Z</time></trkpt>
      <trkpt lat="10.6085325" lon="104.1770562"><ele>-2.5</ele><time>2026-05-02T03:23:18.983Z</time></trkpt>
      <trkpt lat="10.6085491" lon="104.1770913"><ele>-2.5</ele><time>2026-05-02T03:23:19.983Z</time></trkpt>
      <trkpt lat="10.6085649" lon="104.1771269"><ele>-2.4</ele><time>2026-05-02T03:23:20.984Z</time></trkpt>
      <trkpt lat="10.6085817" lon="104.1771625"><ele>-2.2</ele><time>2026-05-02T03:23:21.983Z</time></trkpt>
      <trkpt lat="10.6085995" lon="104.1771988"><ele>-2.1</ele><time>2026-05-02T03:23:22.982Z</time></trkpt>
      <trkpt lat="10.6086174" lon="104.1772346"><ele>-2.2</ele><time>2026-05-02T03:23:23.983Z</time></trkpt>
      <trkpt lat="10.6086347" lon="104.1772673"><ele>-2.3</ele><time>2026-05-02T03:23:24.982Z</time></trkpt>
      <trkpt lat="10.6086527" lon="104.1773029"><ele>-2.4</ele><time>2026-05-02T03:23:25.983Z</time></trkpt>
      <trkpt lat="10.6086704" lon="104.1773414"><ele>-2.6</ele><time>2026-05-02T03:23:26.983Z</time></trkpt>
      <trkpt lat="10.6086861" lon="104.1773784"><ele>-2.7</ele><time>2026-05-02T03:23:27.982Z</time></trkpt>
      <trkpt lat="10.6087055" lon="104.1774157"><ele>-2.7</ele><time>2026-05-02T03:23:28.983Z</time></trkpt>
      <trkpt lat="10.6087232" lon="104.1774490"><ele>-2.8</ele><time>2026-05-02T03:23:29.982Z</time></trkpt>
      <trkpt lat="10.6087364" lon="104.1774820"><ele>-3.0</ele><time>2026-05-02T03:23:30.983Z</time></trkpt>
      <trkpt lat="10.6087500" lon="104.1775134"><ele>-3.3</ele><time>2026-05-02T03:23:31.983Z</time></trkpt>
      <trkpt lat="10.6087642" lon="104.1775449"><ele>-3.8</ele><time>2026-05-02T03:23:32.982Z</time></trkpt>
      <trkpt lat="10.6087782" lon="104.1775827"><ele>-4.3</ele><time>2026-05-02T03:23:33.983Z</time></trkpt>
      <trkpt lat="10.6087981" lon="104.1776275"><ele>-5.0</ele><time>2026-05-02T03:23:34.983Z</time></trkpt>
      <trkpt lat="10.6088145" lon="104.1776755"><ele>-5.0</ele><time>2026-05-02T03:23:35.982Z</time></trkpt>
      <trkpt lat="10.6088362" lon="104.1777220"><ele>-4.9</ele><time>2026-05-02T03:23:36.982Z</time></trkpt>
      <trkpt lat="10.6088552" lon="104.1777650"><ele>-4.8</ele><time>2026-05-02T03:23:37.982Z</time></trkpt>
      <trkpt lat="10.6088758" lon="104.1778112"><ele>-4.9</ele><time>2026-05-02T03:23:38.982Z</time></trkpt>
      <trkpt lat="10.6088910" lon="104.1778547"><ele>-5.4</ele><time>2026-05-02T03:23:39.984Z</time></trkpt>
      <trkpt lat="10.6089162" lon="104.1779066"><ele>-5.7</ele><time>2026-05-02T03:23:40.982Z</time></trkpt>
      <trkpt lat="10.6089340" lon="104.1779490"><ele>-6.1</ele><time>2026-05-02T03:23:41.983Z</time></trkpt>
      <trkpt lat="10.6089563" lon="104.1779922"><ele>-6.3</ele><time>2026-05-02T03:23:42.983Z</time></trkpt>
      <trkpt lat="10.6089759" lon="104.1780382"><ele>-6.4</ele><time>2026-05-02T03:23:43.981Z</time></trkpt>
      <trkpt lat="10.6089907" lon="104.1780749"><ele>-6.3</ele><time>2026-05-02T03:23:44.982Z</time></trkpt>
      <trkpt lat="10.6089985" lon="104.1781060"><ele>-7.1</ele><time>2026-05-02T03:23:45.982Z</time></trkpt>
      <trkpt lat="10.6090135" lon="104.1781277"><ele>-7.6</ele><time>2026-05-02T03:23:46.983Z</time></trkpt>
      <trkpt lat="10.6090241" lon="104.1781544"><ele>-7.6</ele><time>2026-05-02T03:23:47.981Z</time></trkpt>
      <trkpt lat="10.6090304" lon="104.1781794"><ele>-7.6</ele><time>2026-05-02T03:23:48.984Z</time></trkpt>
      <trkpt lat="10.6090402" lon="104.1782087"><ele>-7.6</ele><time>2026-05-02T03:23:49.983Z</time></trkpt>
      <trkpt lat="10.6090513" lon="104.1782416"><ele>-7.6</ele><time>2026-05-02T03:23:50.983Z</time></trkpt>
      <trkpt lat="10.6090589" lon="104.1782698"><ele>-7.6</ele><time>2026-05-02T03:23:51.983Z</time></trkpt>
      <trkpt lat="10.6090534" lon="104.1782960"><ele>-7.6</ele><time>2026-05-02T03:23:52.983Z</time></trkpt>
      <trkpt lat="10.6090399" lon="104.1783227"><ele>-7.6</ele><time>2026-05-02T03:23:53.983Z</time></trkpt>
      <trkpt lat="10.6090182" lon="104.1783477"><ele>-7.6</ele><time>2026-05-02T03:23:54.982Z</time></trkpt>
      <trkpt lat="10.6089902" lon="104.1783702"><ele>-7.6</ele><time>2026-05-02T03:23:55.982Z</time></trkpt>
      <trkpt lat="10.6089572" lon="104.1783900"><ele>-7.6</ele><time>2026-05-02T03:23:56.982Z</time></trkpt>
      <trkpt lat="10.6089223" lon="104.1784055"><ele>-7.6</ele><time>2026-05-02T03:23:57.983Z</time></trkpt>
      <trkpt lat="10.6088888" lon="104.1784220"><ele>-7.6</ele><time>2026-05-02T03:23:58.982Z</time></trkpt>
      <trkpt lat="10.6088542" lon="104.1784391"><ele>-7.6</ele><time>2026-05-02T03:23:59.982Z</time></trkpt>
      <trkpt lat="10.6088209" lon="104.1784566"><ele>-7.6</ele><time>2026-05-02T03:24:00.984Z</time></trkpt>
      <trkpt lat="10.6087861" lon="104.1784742"><ele>-7.6</ele><time>2026-05-02T03:24:01.982Z</time></trkpt>
      <trkpt lat="10.6087492" lon="104.1784907"><ele>-7.6</ele><time>2026-05-02T03:24:02.982Z</time></trkpt>
      <trkpt lat="10.6087110" lon="104.1785076"><ele>-7.6</ele><time>2026-05-02T03:24:03.984Z</time></trkpt>
      <trkpt lat="10.6086723" lon="104.1785241"><ele>-7.6</ele><time>2026-05-02T03:24:04.984Z</time></trkpt>
      <trkpt lat="10.6086367" lon="104.1785409"><ele>-7.6</ele><time>2026-05-02T03:24:05.984Z</time></trkpt>
      <trkpt lat="10.6086092" lon="104.1785539"><ele>-7.6</ele><time>2026-05-02T03:24:06.982Z</time></trkpt>
      <trkpt lat="10.6085930" lon="104.1785606"><ele>-7.6</ele><time>2026-05-02T03:24:07.982Z</time></trkpt>
      <trkpt lat="10.6085831" lon="104.1785643"><ele>-7.6</ele><time>2026-05-02T03:24:08.982Z</time></trkpt>
      <trkpt lat="10.6085729" lon="104.1785680"><ele>-7.6</ele><time>2026-05-02T03:24:09.983Z</time></trkpt>
      <trkpt lat="10.6085582" lon="104.1785759"><ele>-7.4</ele><time>2026-05-02T03:24:10.983Z</time></trkpt>
      <trkpt lat="10.6085416" lon="104.1785842"><ele>-7.3</ele><time>2026-05-02T03:24:11.983Z</time></trkpt>
      <trkpt lat="10.6085226" lon="104.1785941"><ele>-7.3</ele><time>2026-05-02T03:24:12.984Z</time></trkpt>
      <trkpt lat="10.6084937" lon="104.1786037"><ele>-7.3</ele><time>2026-05-02T03:24:13.983Z</time></trkpt>
      <trkpt lat="10.6084645" lon="104.1786119"><ele>-7.3</ele><time>2026-05-02T03:24:14.982Z</time></trkpt>
      <trkpt lat="10.6084334" lon="104.1786232"><ele>-7.3</ele><time>2026-05-02T03:24:15.982Z</time></trkpt>
      <trkpt lat="10.6084074" lon="104.1786392"><ele>-7.3</ele><time>2026-05-02T03:24:16.983Z</time></trkpt>
      <trkpt lat="10.6083873" lon="104.1786521"><ele>-7.3</ele><time>2026-05-02T03:24:17.982Z</time></trkpt>
      <trkpt lat="10.6083687" lon="104.1786612"><ele>-7.3</ele><time>2026-05-02T03:24:18.983Z</time></trkpt>
      <trkpt lat="10.6083577" lon="104.1786665"><ele>-7.3</ele><time>2026-05-02T03:24:19.982Z</time></trkpt>
      <trkpt lat="10.6083470" lon="104.1786705"><ele>-7.3</ele><time>2026-05-02T03:24:20.982Z</time></trkpt>
      <trkpt lat="10.6083356" lon="104.1786756"><ele>-7.3</ele><time>2026-05-02T03:24:21.984Z</time></trkpt>
      <trkpt lat="10.6083206" lon="104.1786824"><ele>-7.3</ele><time>2026-05-02T03:24:22.983Z</time></trkpt>
      <trkpt lat="10.6083020" lon="104.1786920"><ele>-7.3</ele><time>2026-05-02T03:24:23.984Z</time></trkpt>
      <trkpt lat="10.6082828" lon="104.1787041"><ele>-7.3</ele><time>2026-05-02T03:24:24.983Z</time></trkpt>
      <trkpt lat="10.6082626" lon="104.1787142"><ele>-7.3</ele><time>2026-05-02T03:24:25.982Z</time></trkpt>
      <trkpt lat="10.6082444" lon="104.1787224"><ele>-7.3</ele><time>2026-05-02T03:24:26.982Z</time></trkpt>
      <trkpt lat="10.6082243" lon="104.1787318"><ele>-7.3</ele><time>2026-05-02T03:24:27.983Z</time></trkpt>
      <trkpt lat="10.6082028" lon="104.1787430"><ele>-7.3</ele><time>2026-05-02T03:24:28.982Z</time></trkpt>
      <trkpt lat="10.6081764" lon="104.1787613"><ele>-7.3</ele><time>2026-05-02T03:24:29.982Z</time></trkpt>
      <trkpt lat="10.6081428" lon="104.1787733"><ele>-7.3</ele><time>2026-05-02T03:24:30.983Z</time></trkpt>
      <trkpt lat="10.6081052" lon="104.1787811"><ele>-7.3</ele><time>2026-05-02T03:24:31.982Z</time></trkpt>
      <trkpt lat="10.6080690" lon="104.1787956"><ele>-7.3</ele><time>2026-05-02T03:24:32.983Z</time></trkpt>
      <trkpt lat="10.6080357" lon="104.1788111"><ele>-7.3</ele><time>2026-05-02T03:24:33.983Z</time></trkpt>
      <trkpt lat="10.6080046" lon="104.1788281"><ele>-7.3</ele><time>2026-05-02T03:24:34.982Z</time></trkpt>
      <trkpt lat="10.6079734" lon="104.1788435"><ele>-7.3</ele><time>2026-05-02T03:24:35.982Z</time></trkpt>
      <trkpt lat="10.6079424" lon="104.1788598"><ele>-7.3</ele><time>2026-05-02T03:24:36.982Z</time></trkpt>
      <trkpt lat="10.6079165" lon="104.1788762"><ele>-7.3</ele><time>2026-05-02T03:24:37.983Z</time></trkpt>
      <trkpt lat="10.6078934" lon="104.1788914"><ele>-7.3</ele><time>2026-05-02T03:24:38.982Z</time></trkpt>
      <trkpt lat="10.6078755" lon="104.1789025"><ele>-7.3</ele><time>2026-05-02T03:24:39.983Z</time></trkpt>
      <trkpt lat="10.6078597" lon="104.1789074"><ele>-7.3</ele><time>2026-05-02T03:24:40.982Z</time></trkpt>
      <trkpt lat="10.6078419" lon="104.1789092"><ele>-6.9</ele><time>2026-05-02T03:24:41.982Z</time></trkpt>
      <trkpt lat="10.6078265" lon="104.1789129"><ele>-6.7</ele><time>2026-05-02T03:24:42.983Z</time></trkpt>
      <trkpt lat="10.6078114" lon="104.1789173"><ele>-6.7</ele><time>2026-05-02T03:24:43.982Z</time></trkpt>
      <trkpt lat="10.6077969" lon="104.1789236"><ele>-6.7</ele><time>2026-05-02T03:24:44.982Z</time></trkpt>
      <trkpt lat="10.6077881" lon="104.1789267"><ele>-6.7</ele><time>2026-05-02T03:24:45.983Z</time></trkpt>
      <trkpt lat="10.6077763" lon="104.1789283"><ele>-6.7</ele><time>2026-05-02T03:24:47.984Z</time></trkpt>
      <trkpt lat="10.6077678" lon="104.1789239"><ele>-6.7</ele><time>2026-05-02T03:24:48.983Z</time></trkpt>
      <trkpt lat="10.6077565" lon="104.1789198"><ele>-6.7</ele><time>2026-05-02T03:24:49.983Z</time></trkpt>
      <trkpt lat="10.6077422" lon="104.1789310"><ele>-6.7</ele><time>2026-05-02T03:24:50.982Z</time></trkpt>
      <trkpt lat="10.6077296" lon="104.1789477"><ele>-6.7</ele><time>2026-05-02T03:24:51.984Z</time></trkpt>
      <trkpt lat="10.6077090" lon="104.1789604"><ele>-6.7</ele><time>2026-05-02T03:24:52.982Z</time></trkpt>
      <trkpt lat="10.6076835" lon="104.1789711"><ele>-6.7</ele><time>2026-05-02T03:24:53.984Z</time></trkpt>
      <trkpt lat="10.6076593" lon="104.1789855"><ele>-6.7</ele><time>2026-05-02T03:24:54.982Z</time></trkpt>
      <trkpt lat="10.6076393" lon="104.1790044"><ele>-6.7</ele><time>2026-05-02T03:24:55.982Z</time></trkpt>
      <trkpt lat="10.6076193" lon="104.1790254"><ele>-6.7</ele><time>2026-05-02T03:24:56.983Z</time></trkpt>
      <trkpt lat="10.6076016" lon="104.1790484"><ele>-6.7</ele><time>2026-05-02T03:24:57.982Z</time></trkpt>
      <trkpt lat="10.6075802" lon="104.1790629"><ele>-6.7</ele><time>2026-05-02T03:24:58.982Z</time></trkpt>
      <trkpt lat="10.6075563" lon="104.1790732"><ele>-6.7</ele><time>2026-05-02T03:24:59.983Z</time></trkpt>
      <trkpt lat="10.6075340" lon="104.1790856"><ele>-6.7</ele><time>2026-05-02T03:25:00.983Z</time></trkpt>
      <trkpt lat="10.6075195" lon="104.1791072"><ele>-6.8</ele><time>2026-05-02T03:25:01.982Z</time></trkpt>
      <trkpt lat="10.6075155" lon="104.1791342"><ele>-6.9</ele><time>2026-05-02T03:25:02.983Z</time></trkpt>
      <trkpt lat="10.6075230" lon="104.1791613"><ele>-7.0</ele><time>2026-05-02T03:25:03.982Z</time></trkpt>
      <trkpt lat="10.6075341" lon="104.1791892"><ele>-7.0</ele><time>2026-05-02T03:25:04.982Z</time></trkpt>
      <trkpt lat="10.6075449" lon="104.1792179"><ele>-7.0</ele><time>2026-05-02T03:25:05.983Z</time></trkpt>
      <trkpt lat="10.6075536" lon="104.1792485"><ele>-7.0</ele><time>2026-05-02T03:25:06.984Z</time></trkpt>
      <trkpt lat="10.6075632" lon="104.1792809"><ele>-7.0</ele><time>2026-05-02T03:25:07.982Z</time></trkpt>
      <trkpt lat="10.6075795" lon="104.1793136"><ele>-7.0</ele><time>2026-05-02T03:25:08.982Z</time></trkpt>
      <trkpt lat="10.6075987" lon="104.1793445"><ele>-7.0</ele><time>2026-05-02T03:25:09.983Z</time></trkpt>
      <trkpt lat="10.6076131" lon="104.1793783"><ele>-7.0</ele><time>2026-05-02T03:25:10.982Z</time></trkpt>
      <trkpt lat="10.6076246" lon="104.1794124"><ele>-7.0</ele><time>2026-05-02T03:25:11.981Z</time></trkpt>
      <trkpt lat="10.6076360" lon="104.1794481"><ele>-7.0</ele><time>2026-05-02T03:25:12.983Z</time></trkpt>
      <trkpt lat="10.6076488" lon="104.1794827"><ele>-7.0</ele><time>2026-05-02T03:25:13.983Z</time></trkpt>
      <trkpt lat="10.6076636" lon="104.1795169"><ele>-7.0</ele><time>2026-05-02T03:25:14.983Z</time></trkpt>
      <trkpt lat="10.6076784" lon="104.1795543"><ele>-7.0</ele><time>2026-05-02T03:25:15.981Z</time></trkpt>
      <trkpt lat="10.6076930" lon="104.1795934"><ele>-7.0</ele><time>2026-05-02T03:25:16.982Z</time></trkpt>
      <trkpt lat="10.6077063" lon="104.1796331"><ele>-7.0</ele><time>2026-05-02T03:25:17.983Z</time></trkpt>
      <trkpt lat="10.6077197" lon="104.1796736"><ele>-7.0</ele><time>2026-05-02T03:25:18.982Z</time></trkpt>
      <trkpt lat="10.6077356" lon="104.1797137"><ele>-7.1</ele><time>2026-05-02T03:25:19.983Z</time></trkpt>
      <trkpt lat="10.6077509" lon="104.1797547"><ele>-7.1</ele><time>2026-05-02T03:25:20.984Z</time></trkpt>
      <trkpt lat="10.6077640" lon="104.1797958"><ele>-7.2</ele><time>2026-05-02T03:25:21.982Z</time></trkpt>
      <trkpt lat="10.6077794" lon="104.1798364"><ele>-7.2</ele><time>2026-05-02T03:25:22.982Z</time></trkpt>
      <trkpt lat="10.6077914" lon="104.1798764"><ele>-7.2</ele><time>2026-05-02T03:25:23.982Z</time></trkpt>
      <trkpt lat="10.6078042" lon="104.1799168"><ele>-7.2</ele><time>2026-05-02T03:25:24.982Z</time></trkpt>
      <trkpt lat="10.6078195" lon="104.1799553"><ele>-7.2</ele><time>2026-05-02T03:25:25.983Z</time></trkpt>
      <trkpt lat="10.6078327" lon="104.1799926"><ele>-7.2</ele><time>2026-05-02T03:25:26.982Z</time></trkpt>
      <trkpt lat="10.6078488" lon="104.1800272"><ele>-7.2</ele><time>2026-05-02T03:25:27.982Z</time></trkpt>
      <trkpt lat="10.6078621" lon="104.1800646"><ele>-7.2</ele><time>2026-05-02T03:25:28.982Z</time></trkpt>
      <trkpt lat="10.6078705" lon="104.1801047"><ele>-7.2</ele><time>2026-05-02T03:25:29.982Z</time></trkpt>
      <trkpt lat="10.6078600" lon="104.1801415"><ele>-7.2</ele><time>2026-05-02T03:25:30.982Z</time></trkpt>
      <trkpt lat="10.6078318" lon="104.1801668"><ele>-7.2</ele><time>2026-05-02T03:25:31.982Z</time></trkpt>
      <trkpt lat="10.6077931" lon="104.1801730"><ele>-7.2</ele><time>2026-05-02T03:25:32.984Z</time></trkpt>
      <trkpt lat="10.6077521" lon="104.1801769"><ele>-7.2</ele><time>2026-05-02T03:25:33.983Z</time></trkpt>
      <trkpt lat="10.6077111" lon="104.1801845"><ele>-7.2</ele><time>2026-05-02T03:25:34.983Z</time></trkpt>
      <trkpt lat="10.6076684" lon="104.1801877"><ele>-7.2</ele><time>2026-05-02T03:25:35.983Z</time></trkpt>
      <trkpt lat="10.6076259" lon="104.1801891"><ele>-7.2</ele><time>2026-05-02T03:25:36.982Z</time></trkpt>
      <trkpt lat="10.6075856" lon="104.1801926"><ele>-7.2</ele><time>2026-05-02T03:25:37.982Z</time></trkpt>
      <trkpt lat="10.6075481" lon="104.1801969"><ele>-7.2</ele><time>2026-05-02T03:25:38.982Z</time></trkpt>
      <trkpt lat="10.6075099" lon="104.1802044"><ele>-7.1</ele><time>2026-05-02T03:25:39.982Z</time></trkpt>
      <trkpt lat="10.6074742" lon="104.1802156"><ele>-6.9</ele><time>2026-05-02T03:25:40.982Z</time></trkpt>
      <trkpt lat="10.6074398" lon="104.1802252"><ele>-6.8</ele><time>2026-05-02T03:25:41.982Z</time></trkpt>
      <trkpt lat="10.6074048" lon="104.1802331"><ele>-6.8</ele><time>2026-05-02T03:25:42.984Z</time></trkpt>
      <trkpt lat="10.6073671" lon="104.1802396"><ele>-6.8</ele><time>2026-05-02T03:25:43.982Z</time></trkpt>
      <trkpt lat="10.6073291" lon="104.1802473"><ele>-6.8</ele><time>2026-05-02T03:25:44.984Z</time></trkpt>
      <trkpt lat="10.6072915" lon="104.1802547"><ele>-6.8</ele><time>2026-05-02T03:25:45.983Z</time></trkpt>
      <trkpt lat="10.6072544" lon="104.1802619"><ele>-6.8</ele><time>2026-05-02T03:25:46.982Z</time></trkpt>
      <trkpt lat="10.6072171" lon="104.1802690"><ele>-6.8</ele><time>2026-05-02T03:25:47.983Z</time></trkpt>
      <trkpt lat="10.6071807" lon="104.1802767"><ele>-6.8</ele><time>2026-05-02T03:25:48.981Z</time></trkpt>
      <trkpt lat="10.6071470" lon="104.1802910"><ele>-6.8</ele><time>2026-05-02T03:25:49.982Z</time></trkpt>
      <trkpt lat="10.6071193" lon="104.1803119"><ele>-6.8</ele><time>2026-05-02T03:25:50.981Z</time></trkpt>
      <trkpt lat="10.6070982" lon="104.1803376"><ele>-6.8</ele><time>2026-05-02T03:25:51.982Z</time></trkpt>
      <trkpt lat="10.6070907" lon="104.1803636"><ele>-6.8</ele><time>2026-05-02T03:25:52.982Z</time></trkpt>
      <trkpt lat="10.6071004" lon="104.1803962"><ele>-6.8</ele><time>2026-05-02T03:25:53.982Z</time></trkpt>
      <trkpt lat="10.6071165" lon="104.1804312"><ele>-6.8</ele><time>2026-05-02T03:25:54.983Z</time></trkpt>
      <trkpt lat="10.6071345" lon="104.1804645"><ele>-6.8</ele><time>2026-05-02T03:25:55.981Z</time></trkpt>
      <trkpt lat="10.6071514" lon="104.1805033"><ele>-6.8</ele><time>2026-05-02T03:25:56.982Z</time></trkpt>
      <trkpt lat="10.6071644" lon="104.1805396"><ele>-6.8</ele><time>2026-05-02T03:25:57.982Z</time></trkpt>
      <trkpt lat="10.6071751" lon="104.1805745"><ele>-6.8</ele><time>2026-05-02T03:25:58.982Z</time></trkpt>
      <trkpt lat="10.6071851" lon="104.1806105"><ele>-6.8</ele><time>2026-05-02T03:25:59.982Z</time></trkpt>
      <trkpt lat="10.6071971" lon="104.1806488"><ele>-6.8</ele><time>2026-05-02T03:26:00.983Z</time></trkpt>
      <trkpt lat="10.6072029" lon="104.1806873"><ele>-6.8</ele><time>2026-05-02T03:26:01.982Z</time></trkpt>
      <trkpt lat="10.6072092" lon="104.1807267"><ele>-6.8</ele><time>2026-05-02T03:26:02.981Z</time></trkpt>
      <trkpt lat="10.6072186" lon="104.1807662"><ele>-6.8</ele><time>2026-05-02T03:26:03.982Z</time></trkpt>
      <trkpt lat="10.6072343" lon="104.1808041"><ele>-6.8</ele><time>2026-05-02T03:26:04.982Z</time></trkpt>
      <trkpt lat="10.6072479" lon="104.1808421"><ele>-6.8</ele><time>2026-05-02T03:26:05.981Z</time></trkpt>
      <trkpt lat="10.6072637" lon="104.1808807"><ele>-6.8</ele><time>2026-05-02T03:26:06.982Z</time></trkpt>
      <trkpt lat="10.6072768" lon="104.1809192"><ele>-6.8</ele><time>2026-05-02T03:26:07.982Z</time></trkpt>
      <trkpt lat="10.6072889" lon="104.1809573"><ele>-6.8</ele><time>2026-05-02T03:26:08.982Z</time></trkpt>
      <trkpt lat="10.6073011" lon="104.1809933"><ele>-6.8</ele><time>2026-05-02T03:26:09.981Z</time></trkpt>
      <trkpt lat="10.6073126" lon="104.1810295"><ele>-6.8</ele><time>2026-05-02T03:26:10.983Z</time></trkpt>
      <trkpt lat="10.6073216" lon="104.1810630"><ele>-6.8</ele><time>2026-05-02T03:26:11.982Z</time></trkpt>
      <trkpt lat="10.6073202" lon="104.1810946"><ele>-6.8</ele><time>2026-05-02T03:26:12.983Z</time></trkpt>
      <trkpt lat="10.6073101" lon="104.1811247"><ele>-6.8</ele><time>2026-05-02T03:26:13.981Z</time></trkpt>
      <trkpt lat="10.6073047" lon="104.1811551"><ele>-6.8</ele><time>2026-05-02T03:26:14.982Z</time></trkpt>
      <trkpt lat="10.6073030" lon="104.1811862"><ele>-6.8</ele><time>2026-05-02T03:26:15.982Z</time></trkpt>
      <trkpt lat="10.6073072" lon="104.1812203"><ele>-6.8</ele><time>2026-05-02T03:26:16.983Z</time></trkpt>
      <trkpt lat="10.6073139" lon="104.1812581"><ele>-6.8</ele><time>2026-05-02T03:26:17.982Z</time></trkpt>
      <trkpt lat="10.6073190" lon="104.1812987"><ele>-6.8</ele><time>2026-05-02T03:26:18.982Z</time></trkpt>
      <trkpt lat="10.6073151" lon="104.1813414"><ele>-6.5</ele><time>2026-05-02T03:26:19.982Z</time></trkpt>
      <trkpt lat="10.6073027" lon="104.1813827"><ele>-6.3</ele><time>2026-05-02T03:26:20.982Z</time></trkpt>
      <trkpt lat="10.6072896" lon="104.1814243"><ele>-6.3</ele><time>2026-05-02T03:26:21.982Z</time></trkpt>
      <trkpt lat="10.6072733" lon="104.1814646"><ele>-6.3</ele><time>2026-05-02T03:26:22.983Z</time></trkpt>
      <trkpt lat="10.6072589" lon="104.1815070"><ele>-6.3</ele><time>2026-05-02T03:26:23.982Z</time></trkpt>
      <trkpt lat="10.6072484" lon="104.1815531"><ele>-6.3</ele><time>2026-05-02T03:26:24.982Z</time></trkpt>
      <trkpt lat="10.6072301" lon="104.1816020"><ele>-6.3</ele><time>2026-05-02T03:26:25.983Z</time></trkpt>
      <trkpt lat="10.6072152" lon="104.1816486"><ele>-6.3</ele><time>2026-05-02T03:26:26.983Z</time></trkpt>
      <trkpt lat="10.6071994" lon="104.1816936"><ele>-6.3</ele><time>2026-05-02T03:26:27.983Z</time></trkpt>
      <trkpt lat="10.6071877" lon="104.1817386"><ele>-6.3</ele><time>2026-05-02T03:26:28.982Z</time></trkpt>
      <trkpt lat="10.6071747" lon="104.1817833"><ele>-6.3</ele><time>2026-05-02T03:26:29.982Z</time></trkpt>
      <trkpt lat="10.6071610" lon="104.1818283"><ele>-6.3</ele><time>2026-05-02T03:26:30.981Z</time></trkpt>
      <trkpt lat="10.6071444" lon="104.1818669"><ele>-6.3</ele><time>2026-05-02T03:26:31.982Z</time></trkpt>
      <trkpt lat="10.6071361" lon="104.1819101"><ele>-6.3</ele><time>2026-05-02T03:26:32.982Z</time></trkpt>
      <trkpt lat="10.6071262" lon="104.1819511"><ele>-6.3</ele><time>2026-05-02T03:26:33.983Z</time></trkpt>
      <trkpt lat="10.6071144" lon="104.1819889"><ele>-6.3</ele><time>2026-05-02T03:26:34.981Z</time></trkpt>
      <trkpt lat="10.6071019" lon="104.1820254"><ele>-6.3</ele><time>2026-05-02T03:26:35.982Z</time></trkpt>
      <trkpt lat="10.6070868" lon="104.1820660"><ele>-6.3</ele><time>2026-05-02T03:26:36.983Z</time></trkpt>
      <trkpt lat="10.6070743" lon="104.1821078"><ele>-6.3</ele><time>2026-05-02T03:26:37.983Z</time></trkpt>
      <trkpt lat="10.6070612" lon="104.1821491"><ele>-6.3</ele><time>2026-05-02T03:26:38.982Z</time></trkpt>
      <trkpt lat="10.6070487" lon="104.1821897"><ele>-6.3</ele><time>2026-05-02T03:26:39.982Z</time></trkpt>
      <trkpt lat="10.6070383" lon="104.1822324"><ele>-6.3</ele><time>2026-05-02T03:26:40.982Z</time></trkpt>
      <trkpt lat="10.6070287" lon="104.1822769"><ele>-6.3</ele><time>2026-05-02T03:26:41.981Z</time></trkpt>
      <trkpt lat="10.6070174" lon="104.1823233"><ele>-6.3</ele><time>2026-05-02T03:26:42.982Z</time></trkpt>
      <trkpt lat="10.6070009" lon="104.1823672"><ele>-6.3</ele><time>2026-05-02T03:26:43.982Z</time></trkpt>
      <trkpt lat="10.6069860" lon="104.1824083"><ele>-6.3</ele><time>2026-05-02T03:26:44.982Z</time></trkpt>
      <trkpt lat="10.6069722" lon="104.1824516"><ele>-6.3</ele><time>2026-05-02T03:26:45.982Z</time></trkpt>
      <trkpt lat="10.6069563" lon="104.1824933"><ele>-6.3</ele><time>2026-05-02T03:26:46.982Z</time></trkpt>
      <trkpt lat="10.6069413" lon="104.1825316"><ele>-6.3</ele><time>2026-05-02T03:26:47.983Z</time></trkpt>
      <trkpt lat="10.6069299" lon="104.1825699"><ele>-6.3</ele><time>2026-05-02T03:26:48.981Z</time></trkpt>
      <trkpt lat="10.6069200" lon="104.1826057"><ele>-6.3</ele><time>2026-05-02T03:26:49.982Z</time></trkpt>
      <trkpt lat="10.6069011" lon="104.1826396"><ele>-6.3</ele><time>2026-05-02T03:26:50.982Z</time></trkpt>
      <trkpt lat="10.6068732" lon="104.1826686"><ele>-6.3</ele><time>2026-05-02T03:26:51.983Z</time></trkpt>
      <trkpt lat="10.6068469" lon="104.1826976"><ele>-6.5</ele><time>2026-05-02T03:26:52.981Z</time></trkpt>
      <trkpt lat="10.6068211" lon="104.1827295"><ele>-6.6</ele><time>2026-05-02T03:26:53.983Z</time></trkpt>
      <trkpt lat="10.6067943" lon="104.1827639"><ele>-6.6</ele><time>2026-05-02T03:26:54.982Z</time></trkpt>
      <trkpt lat="10.6067721" lon="104.1828009"><ele>-6.6</ele><time>2026-05-02T03:26:55.983Z</time></trkpt>
      <trkpt lat="10.6067518" lon="104.1828408"><ele>-6.6</ele><time>2026-05-02T03:26:56.982Z</time></trkpt>
      <trkpt lat="10.6067404" lon="104.1828829"><ele>-6.6</ele><time>2026-05-02T03:26:57.982Z</time></trkpt>
      <trkpt lat="10.6067407" lon="104.1829264"><ele>-6.6</ele><time>2026-05-02T03:26:58.983Z</time></trkpt>
      <trkpt lat="10.6067448" lon="104.1829697"><ele>-6.6</ele><time>2026-05-02T03:26:59.981Z</time></trkpt>
      <trkpt lat="10.6067426" lon="104.1830121"><ele>-6.6</ele><time>2026-05-02T03:27:00.983Z</time></trkpt>
      <trkpt lat="10.6067403" lon="104.1830617"><ele>-6.6</ele><time>2026-05-02T03:27:01.982Z</time></trkpt>
      <trkpt lat="10.6067414" lon="104.1831105"><ele>-6.6</ele><time>2026-05-02T03:27:02.983Z</time></trkpt>
      <trkpt lat="10.6067338" lon="104.1831579"><ele>-6.6</ele><time>2026-05-02T03:27:03.981Z</time></trkpt>
      <trkpt lat="10.6067287" lon="104.1832069"><ele>-6.6</ele><time>2026-05-02T03:27:04.981Z</time></trkpt>
      <trkpt lat="10.6067159" lon="104.1832513"><ele>-6.6</ele><time>2026-05-02T03:27:05.982Z</time></trkpt>
      <trkpt lat="10.6067019" lon="104.1832986"><ele>-6.6</ele><time>2026-05-02T03:27:06.981Z</time></trkpt>
      <trkpt lat="10.6066876" lon="104.1833489"><ele>-6.6</ele><time>2026-05-02T03:27:07.980Z</time></trkpt>
      <trkpt lat="10.6066734" lon="104.1833895"><ele>-6.6</ele><time>2026-05-02T03:27:08.982Z</time></trkpt>
      <trkpt lat="10.6066579" lon="104.1834345"><ele>-6.6</ele><time>2026-05-02T03:27:09.981Z</time></trkpt>
      <trkpt lat="10.6066450" lon="104.1834807"><ele>-6.6</ele><time>2026-05-02T03:27:10.982Z</time></trkpt>
      <trkpt lat="10.6066322" lon="104.1835236"><ele>-6.6</ele><time>2026-05-02T03:27:11.982Z</time></trkpt>
      <trkpt lat="10.6066173" lon="104.1835659"><ele>-6.6</ele><time>2026-05-02T03:27:12.982Z</time></trkpt>
      <trkpt lat="10.6066025" lon="104.1836054"><ele>-6.6</ele><time>2026-05-02T03:27:13.982Z</time></trkpt>
      <trkpt lat="10.6065858" lon="104.1836501"><ele>-6.6</ele><time>2026-05-02T03:27:14.982Z</time></trkpt>
      <trkpt lat="10.6065704" lon="104.1836942"><ele>-6.6</ele><time>2026-05-02T03:27:15.982Z</time></trkpt>
      <trkpt lat="10.6065565" lon="104.1837392"><ele>-6.6</ele><time>2026-05-02T03:27:16.982Z</time></trkpt>
      <trkpt lat="10.6065404" lon="104.1837873"><ele>-6.6</ele><time>2026-05-02T03:27:17.982Z</time></trkpt>
      <trkpt lat="10.6065179" lon="104.1838352"><ele>-6.6</ele><time>2026-05-02T03:27:18.981Z</time></trkpt>
      <trkpt lat="10.6065046" lon="104.1838769"><ele>-6.6</ele><time>2026-05-02T03:27:19.981Z</time></trkpt>
      <trkpt lat="10.6064891" lon="104.1839217"><ele>-6.6</ele><time>2026-05-02T03:27:20.981Z</time></trkpt>
      <trkpt lat="10.6064762" lon="104.1839703"><ele>-6.6</ele><time>2026-05-02T03:27:21.982Z</time></trkpt>
      <trkpt lat="10.6064561" lon="104.1840017"><ele>-6.6</ele><time>2026-05-02T03:27:22.981Z</time></trkpt>
      <trkpt lat="10.6064443" lon="104.1840498"><ele>-6.6</ele><time>2026-05-02T03:27:23.981Z</time></trkpt>
      <trkpt lat="10.6064329" lon="104.1840935"><ele>-6.6</ele><time>2026-05-02T03:27:24.982Z</time></trkpt>
      <trkpt lat="10.6064239" lon="104.1841393"><ele>-6.6</ele><time>2026-05-02T03:27:25.982Z</time></trkpt>
      <trkpt lat="10.6064118" lon="104.1841810"><ele>-6.6</ele><time>2026-05-02T03:27:26.982Z</time></trkpt>
      <trkpt lat="10.6063959" lon="104.1842235"><ele>-6.6</ele><time>2026-05-02T03:27:27.982Z</time></trkpt>
      <trkpt lat="10.6063780" lon="104.1842700"><ele>-6.6</ele><time>2026-05-02T03:27:28.981Z</time></trkpt>
      <trkpt lat="10.6063585" lon="104.1843201"><ele>-6.6</ele><time>2026-05-02T03:27:29.981Z</time></trkpt>
      <trkpt lat="10.6063486" lon="104.1843697"><ele>-6.6</ele><time>2026-05-02T03:27:30.982Z</time></trkpt>
      <trkpt lat="10.6063369" lon="104.1844156"><ele>-6.6</ele><time>2026-05-02T03:27:31.981Z</time></trkpt>
      <trkpt lat="10.6063247" lon="104.1844617"><ele>-6.6</ele><time>2026-05-02T03:27:32.981Z</time></trkpt>
      <trkpt lat="10.6063109" lon="104.1845056"><ele>-6.6</ele><time>2026-05-02T03:27:33.982Z</time></trkpt>
      <trkpt lat="10.6062950" lon="104.1845529"><ele>-6.6</ele><time>2026-05-02T03:27:34.981Z</time></trkpt>
      <trkpt lat="10.6062810" lon="104.1846026"><ele>-6.6</ele><time>2026-05-02T03:27:35.982Z</time></trkpt>
      <trkpt lat="10.6062615" lon="104.1846416"><ele>-6.6</ele><time>2026-05-02T03:27:36.983Z</time></trkpt>
      <trkpt lat="10.6062472" lon="104.1846846"><ele>-6.6</ele><time>2026-05-02T03:27:37.982Z</time></trkpt>
      <trkpt lat="10.6062299" lon="104.1847274"><ele>-6.6</ele><time>2026-05-02T03:27:38.982Z</time></trkpt>
      <trkpt lat="10.6062196" lon="104.1847651"><ele>-6.6</ele><time>2026-05-02T03:27:39.982Z</time></trkpt>
      <trkpt lat="10.6062055" lon="104.1848047"><ele>-6.6</ele><time>2026-05-02T03:27:40.981Z</time></trkpt>
      <trkpt lat="10.6061936" lon="104.1848467"><ele>-6.6</ele><time>2026-05-02T03:27:41.982Z</time></trkpt>
      <trkpt lat="10.6061802" lon="104.1848892"><ele>-6.6</ele><time>2026-05-02T03:27:42.980Z</time></trkpt>
      <trkpt lat="10.6061679" lon="104.1849324"><ele>-6.6</ele><time>2026-05-02T03:27:43.982Z</time></trkpt>
      <trkpt lat="10.6061539" lon="104.1849737"><ele>-6.6</ele><time>2026-05-02T03:27:44.982Z</time></trkpt>
      <trkpt lat="10.6061404" lon="104.1850159"><ele>-6.6</ele><time>2026-05-02T03:27:45.982Z</time></trkpt>
      <trkpt lat="10.6061255" lon="104.1850566"><ele>-6.6</ele><time>2026-05-02T03:27:46.982Z</time></trkpt>
      <trkpt lat="10.6061115" lon="104.1850972"><ele>-6.6</ele><time>2026-05-02T03:27:47.982Z</time></trkpt>
      <trkpt lat="10.6060972" lon="104.1851402"><ele>-6.6</ele><time>2026-05-02T03:27:48.982Z</time></trkpt>
      <trkpt lat="10.6060846" lon="104.1851832"><ele>-6.6</ele><time>2026-05-02T03:27:49.981Z</time></trkpt>
      <trkpt lat="10.6060710" lon="104.1852258"><ele>-6.6</ele><time>2026-05-02T03:27:50.981Z</time></trkpt>
      <trkpt lat="10.6060615" lon="104.1852695"><ele>-6.6</ele><time>2026-05-02T03:27:51.982Z</time></trkpt>
      <trkpt lat="10.6060508" lon="104.1853141"><ele>-6.6</ele><time>2026-05-02T03:27:52.983Z</time></trkpt>
      <trkpt lat="10.6060357" lon="104.1853569"><ele>-6.6</ele><time>2026-05-02T03:27:53.982Z</time></trkpt>
      <trkpt lat="10.6060195" lon="104.1854003"><ele>-6.6</ele><time>2026-05-02T03:27:54.982Z</time></trkpt>
      <trkpt lat="10.6060045" lon="104.1854441"><ele>-6.6</ele><time>2026-05-02T03:27:55.982Z</time></trkpt>
      <trkpt lat="10.6059921" lon="104.1854865"><ele>-6.6</ele><time>2026-05-02T03:27:56.981Z</time></trkpt>
      <trkpt lat="10.6059791" lon="104.1855263"><ele>-6.6</ele><time>2026-05-02T03:27:57.983Z</time></trkpt>
      <trkpt lat="10.6059642" lon="104.1855642"><ele>-6.6</ele><time>2026-05-02T03:27:58.981Z</time></trkpt>
      <trkpt lat="10.6059380" lon="104.1855954"><ele>-6.6</ele><time>2026-05-02T03:27:59.982Z</time></trkpt>
      <trkpt lat="10.6059105" lon="104.1856276"><ele>-6.6</ele><time>2026-05-02T03:28:00.981Z</time></trkpt>
      <trkpt lat="10.6058859" lon="104.1856600"><ele>-6.6</ele><time>2026-05-02T03:28:01.982Z</time></trkpt>
      <trkpt lat="10.6058608" lon="104.1856919"><ele>-6.6</ele><time>2026-05-02T03:28:02.981Z</time></trkpt>
      <trkpt lat="10.6058402" lon="104.1857259"><ele>-6.6</ele><time>2026-05-02T03:28:03.982Z</time></trkpt>
      <trkpt lat="10.6058205" lon="104.1857593"><ele>-6.6</ele><time>2026-05-02T03:28:04.982Z</time></trkpt>
      <trkpt lat="10.6058004" lon="104.1857894"><ele>-6.6</ele><time>2026-05-02T03:28:05.982Z</time></trkpt>
      <trkpt lat="10.6057845" lon="104.1858202"><ele>-6.6</ele><time>2026-05-02T03:28:06.983Z</time></trkpt>
      <trkpt lat="10.6057692" lon="104.1858506"><ele>-6.6</ele><time>2026-05-02T03:28:07.981Z</time></trkpt>
      <trkpt lat="10.6057599" lon="104.1858856"><ele>-6.6</ele><time>2026-05-02T03:28:08.982Z</time></trkpt>
      <trkpt lat="10.6057596" lon="104.1859249"><ele>-6.6</ele><time>2026-05-02T03:28:09.981Z</time></trkpt>
      <trkpt lat="10.6057734" lon="104.1859634"><ele>-6.6</ele><time>2026-05-02T03:28:10.981Z</time></trkpt>
      <trkpt lat="10.6057994" lon="104.1859952"><ele>-6.6</ele><time>2026-05-02T03:28:11.981Z</time></trkpt>
      <trkpt lat="10.6058335" lon="104.1860223"><ele>-6.6</ele><time>2026-05-02T03:28:12.982Z</time></trkpt>
      <trkpt lat="10.6058684" lon="104.1860501"><ele>-6.6</ele><time>2026-05-02T03:28:13.982Z</time></trkpt>
      <trkpt lat="10.6059035" lon="104.1860798"><ele>-6.6</ele><time>2026-05-02T03:28:14.982Z</time></trkpt>
      <trkpt lat="10.6059378" lon="104.1861154"><ele>-6.6</ele><time>2026-05-02T03:28:15.981Z</time></trkpt>
      <trkpt lat="10.6059602" lon="104.1861554"><ele>-6.6</ele><time>2026-05-02T03:28:16.981Z</time></trkpt>
      <trkpt lat="10.6059765" lon="104.1862033"><ele>-6.6</ele><time>2026-05-02T03:28:17.982Z</time></trkpt>
      <trkpt lat="10.6059938" lon="104.1862503"><ele>-6.6</ele><time>2026-05-02T03:28:18.981Z</time></trkpt>
      <trkpt lat="10.6060187" lon="104.1862967"><ele>-6.6</ele><time>2026-05-02T03:28:19.983Z</time></trkpt>
      <trkpt lat="10.6060410" lon="104.1863462"><ele>-6.6</ele><time>2026-05-02T03:28:20.981Z</time></trkpt>
      <trkpt lat="10.6060644" lon="104.1863877"><ele>-7.2</ele><time>2026-05-02T03:28:21.981Z</time></trkpt>
      <trkpt lat="10.6060850" lon="104.1864333"><ele>-7.6</ele><time>2026-05-02T03:28:22.982Z</time></trkpt>
      <trkpt lat="10.6061023" lon="104.1864812"><ele>-8.1</ele><time>2026-05-02T03:28:23.981Z</time></trkpt>
      <trkpt lat="10.6061155" lon="104.1865296"><ele>-7.9</ele><time>2026-05-02T03:28:24.982Z</time></trkpt>
      <trkpt lat="10.6061365" lon="104.1865791"><ele>-7.8</ele><time>2026-05-02T03:28:25.981Z</time></trkpt>
      <trkpt lat="10.6061547" lon="104.1866254"><ele>-7.8</ele><time>2026-05-02T03:28:26.982Z</time></trkpt>
      <trkpt lat="10.6061713" lon="104.1866695"><ele>-7.7</ele><time>2026-05-02T03:28:27.982Z</time></trkpt>
      <trkpt lat="10.6061937" lon="104.1867113"><ele>-7.5</ele><time>2026-05-02T03:28:28.983Z</time></trkpt>
      <trkpt lat="10.6062120" lon="104.1867573"><ele>-7.3</ele><time>2026-05-02T03:28:29.980Z</time></trkpt>
      <trkpt lat="10.6062287" lon="104.1868037"><ele>-7.1</ele><time>2026-05-02T03:28:30.982Z</time></trkpt>
      <trkpt lat="10.6062531" lon="104.1868496"><ele>-7.1</ele><time>2026-05-02T03:28:31.983Z</time></trkpt>
      <trkpt lat="10.6062710" lon="104.1868981"><ele>-7.2</ele><time>2026-05-02T03:28:32.982Z</time></trkpt>
      <trkpt lat="10.6062924" lon="104.1869408"><ele>-7.2</ele><time>2026-05-02T03:28:33.982Z</time></trkpt>
      <trkpt lat="10.6063144" lon="104.1869864"><ele>-7.1</ele><time>2026-05-02T03:28:34.982Z</time></trkpt>
      <trkpt lat="10.6063395" lon="104.1870321"><ele>-7.1</ele><time>2026-05-02T03:28:35.983Z</time></trkpt>
      <trkpt lat="10.6063611" lon="104.1870796"><ele>-7.1</ele><time>2026-05-02T03:28:36.981Z</time></trkpt>
      <trkpt lat="10.6063769" lon="104.1871260"><ele>-7.0</ele><time>2026-05-02T03:28:37.981Z</time></trkpt>
      <trkpt lat="10.6063965" lon="104.1871672"><ele>-7.1</ele><time>2026-05-02T03:28:38.982Z</time></trkpt>
      <trkpt lat="10.6064134" lon="104.1872139"><ele>-7.1</ele><time>2026-05-02T03:28:39.981Z</time></trkpt>
      <trkpt lat="10.6064317" lon="104.1872585"><ele>-7.2</ele><time>2026-05-02T03:28:40.980Z</time></trkpt>
      <trkpt lat="10.6064570" lon="104.1873053"><ele>-7.0</ele><time>2026-05-02T03:28:41.982Z</time></trkpt>
      <trkpt lat="10.6064802" lon="104.1873488"><ele>-6.8</ele><time>2026-05-02T03:28:42.982Z</time></trkpt>
      <trkpt lat="10.6064939" lon="104.1873894"><ele>-6.7</ele><time>2026-05-02T03:28:43.983Z</time></trkpt>
      <trkpt lat="10.6065072" lon="104.1874385"><ele>-6.6</ele><time>2026-05-02T03:28:44.982Z</time></trkpt>
      <trkpt lat="10.6065158" lon="104.1874843"><ele>-6.6</ele><time>2026-05-02T03:28:45.982Z</time></trkpt>
      <trkpt lat="10.6065260" lon="104.1875270"><ele>-6.9</ele><time>2026-05-02T03:28:46.982Z</time></trkpt>
      <trkpt lat="10.6065462" lon="104.1875741"><ele>-7.2</ele><time>2026-05-02T03:28:47.983Z</time></trkpt>
      <trkpt lat="10.6065691" lon="104.1876175"><ele>-7.7</ele><time>2026-05-02T03:28:48.980Z</time></trkpt>
      <trkpt lat="10.6065882" lon="104.1876629"><ele>-7.9</ele><time>2026-05-02T03:28:49.982Z</time></trkpt>
      <trkpt lat="10.6066073" lon="104.1877083"><ele>-8.3</ele><time>2026-05-02T03:28:50.981Z</time></trkpt>
      <trkpt lat="10.6066225" lon="104.1877577"><ele>-8.2</ele><time>2026-05-02T03:28:51.982Z</time></trkpt>
      <trkpt lat="10.6066453" lon="104.1877939"><ele>-8.2</ele><time>2026-05-02T03:28:52.982Z</time></trkpt>
      <trkpt lat="10.6066688" lon="104.1878434"><ele>-7.9</ele><time>2026-05-02T03:28:53.983Z</time></trkpt>
      <trkpt lat="10.6066861" lon="104.1878859"><ele>-7.7</ele><time>2026-05-02T03:28:54.981Z</time></trkpt>
      <trkpt lat="10.6067063" lon="104.1879314"><ele>-7.4</ele><time>2026-05-02T03:28:55.981Z</time></trkpt>
      <trkpt lat="10.6067272" lon="104.1879727"><ele>-7.3</ele><time>2026-05-02T03:28:56.983Z</time></trkpt>
      <trkpt lat="10.6067460" lon="104.1880144"><ele>-7.3</ele><time>2026-05-02T03:28:57.981Z</time></trkpt>
      <trkpt lat="10.6067594" lon="104.1880556"><ele>-7.0</ele><time>2026-05-02T03:28:58.980Z</time></trkpt>
      <trkpt lat="10.6067752" lon="104.1880901"><ele>-6.9</ele><time>2026-05-02T03:28:59.981Z</time></trkpt>
      <trkpt lat="10.6067905" lon="104.1881286"><ele>-6.7</ele><time>2026-05-02T03:29:00.982Z</time></trkpt>
      <trkpt lat="10.6067974" lon="104.1881654"><ele>-6.8</ele><time>2026-05-02T03:29:01.981Z</time></trkpt>
      <trkpt lat="10.6068080" lon="104.1882080"><ele>-6.6</ele><time>2026-05-02T03:29:02.982Z</time></trkpt>
      <trkpt lat="10.6068210" lon="104.1882470"><ele>-6.5</ele><time>2026-05-02T03:29:03.982Z</time></trkpt>
      <trkpt lat="10.6068346" lon="104.1882876"><ele>-6.6</ele><time>2026-05-02T03:29:04.982Z</time></trkpt>
      <trkpt lat="10.6068481" lon="104.1883312"><ele>-6.6</ele><time>2026-05-02T03:29:05.981Z</time></trkpt>
      <trkpt lat="10.6068630" lon="104.1883748"><ele>-6.6</ele><time>2026-05-02T03:29:06.981Z</time></trkpt>
      <trkpt lat="10.6068783" lon="104.1884169"><ele>-6.3</ele><time>2026-05-02T03:29:07.982Z</time></trkpt>
      <trkpt lat="10.6068983" lon="104.1884557"><ele>-6.0</ele><time>2026-05-02T03:29:08.981Z</time></trkpt>
      <trkpt lat="10.6069235" lon="104.1884912"><ele>-5.9</ele><time>2026-05-02T03:29:09.982Z</time></trkpt>
      <trkpt lat="10.6069566" lon="104.1885253"><ele>-5.9</ele><time>2026-05-02T03:29:10.982Z</time></trkpt>
      <trkpt lat="10.6069759" lon="104.1885703"><ele>-5.9</ele><time>2026-05-02T03:29:11.982Z</time></trkpt>
      <trkpt lat="10.6069901" lon="104.1886112"><ele>-6.1</ele><time>2026-05-02T03:29:12.981Z</time></trkpt>
      <trkpt lat="10.6069972" lon="104.1886564"><ele>-6.2</ele><time>2026-05-02T03:29:13.981Z</time></trkpt>
      <trkpt lat="10.6069984" lon="104.1887110"><ele>-6.4</ele><time>2026-05-02T03:29:14.981Z</time></trkpt>
      <trkpt lat="10.6069963" lon="104.1887616"><ele>-6.2</ele><time>2026-05-02T03:29:15.981Z</time></trkpt>
      <trkpt lat="10.6070012" lon="104.1888101"><ele>-6.2</ele><time>2026-05-02T03:29:16.982Z</time></trkpt>
      <trkpt lat="10.6070153" lon="104.1888572"><ele>-6.2</ele><time>2026-05-02T03:29:17.981Z</time></trkpt>
      <trkpt lat="10.6070250" lon="104.1889046"><ele>-6.2</ele><time>2026-05-02T03:29:18.982Z</time></trkpt>
      <trkpt lat="10.6070389" lon="104.1889506"><ele>-6.2</ele><time>2026-05-02T03:29:19.981Z</time></trkpt>
      <trkpt lat="10.6070532" lon="104.1889960"><ele>-6.1</ele><time>2026-05-02T03:29:20.982Z</time></trkpt>
      <trkpt lat="10.6070672" lon="104.1890393"><ele>-6.1</ele><time>2026-05-02T03:29:21.982Z</time></trkpt>
      <trkpt lat="10.6070789" lon="104.1890779"><ele>-6.2</ele><time>2026-05-02T03:29:22.980Z</time></trkpt>
      <trkpt lat="10.6070907" lon="104.1891282"><ele>-6.4</ele><time>2026-05-02T03:29:23.980Z</time></trkpt>
      <trkpt lat="10.6070988" lon="104.1891782"><ele>-6.6</ele><time>2026-05-02T03:29:24.982Z</time></trkpt>
      <trkpt lat="10.6071105" lon="104.1892264"><ele>-6.7</ele><time>2026-05-02T03:29:25.981Z</time></trkpt>
      <trkpt lat="10.6071192" lon="104.1892679"><ele>-7.1</ele><time>2026-05-02T03:29:26.981Z</time></trkpt>
      <trkpt lat="10.6071306" lon="104.1893079"><ele>-7.6</ele><time>2026-05-02T03:29:27.980Z</time></trkpt>
      <trkpt lat="10.6071430" lon="104.1893568"><ele>-7.8</ele><time>2026-05-02T03:29:28.983Z</time></trkpt>
      <trkpt lat="10.6071579" lon="104.1894037"><ele>-7.6</ele><time>2026-05-02T03:29:29.982Z</time></trkpt>
      <trkpt lat="10.6071738" lon="104.1894536"><ele>-7.3</ele><time>2026-05-02T03:29:30.982Z</time></trkpt>
      <trkpt lat="10.6071862" lon="104.1895030"><ele>-7.2</ele><time>2026-05-02T03:29:31.982Z</time></trkpt>
      <trkpt lat="10.6071961" lon="104.1895466"><ele>-7.5</ele><time>2026-05-02T03:29:32.982Z</time></trkpt>
      <trkpt lat="10.6072053" lon="104.1895976"><ele>-7.9</ele><time>2026-05-02T03:29:33.982Z</time></trkpt>
      <trkpt lat="10.6072149" lon="104.1896476"><ele>-8.3</ele><time>2026-05-02T03:29:34.981Z</time></trkpt>
      <trkpt lat="10.6072233" lon="104.1896968"><ele>-8.4</ele><time>2026-05-02T03:29:35.982Z</time></trkpt>
      <trkpt lat="10.6072305" lon="104.1897476"><ele>-8.5</ele><time>2026-05-02T03:29:36.982Z</time></trkpt>
      <trkpt lat="10.6072357" lon="104.1897946"><ele>-8.7</ele><time>2026-05-02T03:29:37.982Z</time></trkpt>
      <trkpt lat="10.6072474" lon="104.1898444"><ele>-8.7</ele><time>2026-05-02T03:29:38.982Z</time></trkpt>
      <trkpt lat="10.6072596" lon="104.1898988"><ele>-8.5</ele><time>2026-05-02T03:29:39.982Z</time></trkpt>
      <trkpt lat="10.6072651" lon="104.1899462"><ele>-8.3</ele><time>2026-05-02T03:29:40.983Z</time></trkpt>
      <trkpt lat="10.6072707" lon="104.1899875"><ele>-8.5</ele><time>2026-05-02T03:29:41.981Z</time></trkpt>
      <trkpt lat="10.6072683" lon="104.1900475"><ele>-8.6</ele><time>2026-05-02T03:29:42.981Z</time></trkpt>
      <trkpt lat="10.6072760" lon="104.1901041"><ele>-8.7</ele><time>2026-05-02T03:29:43.982Z</time></trkpt>
      <trkpt lat="10.6072876" lon="104.1901597"><ele>-8.5</ele><time>2026-05-02T03:29:44.981Z</time></trkpt>
      <trkpt lat="10.6072974" lon="104.1902163"><ele>-8.2</ele><time>2026-05-02T03:29:45.981Z</time></trkpt>
      <trkpt lat="10.6073124" lon="104.1902654"><ele>-8.0</ele><time>2026-05-02T03:29:46.982Z</time></trkpt>
      <trkpt lat="10.6073347" lon="104.1903201"><ele>-7.9</ele><time>2026-05-02T03:29:47.982Z</time></trkpt>
      <trkpt lat="10.6073513" lon="104.1903725"><ele>-8.0</ele><time>2026-05-02T03:29:48.981Z</time></trkpt>
      <trkpt lat="10.6073598" lon="104.1904279"><ele>-7.8</ele><time>2026-05-02T03:29:49.982Z</time></trkpt>
      <trkpt lat="10.6073690" lon="104.1904778"><ele>-7.8</ele><time>2026-05-02T03:29:50.982Z</time></trkpt>
      <trkpt lat="10.6073650" lon="104.1905346"><ele>-7.9</ele><time>2026-05-02T03:29:51.981Z</time></trkpt>
      <trkpt lat="10.6073685" lon="104.1905850"><ele>-8.1</ele><time>2026-05-02T03:29:52.981Z</time></trkpt>
      <trkpt lat="10.6073724" lon="104.1906390"><ele>-8.3</ele><time>2026-05-02T03:29:53.981Z</time></trkpt>
      <trkpt lat="10.6073768" lon="104.1906947"><ele>-8.3</ele><time>2026-05-02T03:29:54.982Z</time></trkpt>
      <trkpt lat="10.6073833" lon="104.1907445"><ele>-8.3</ele><time>2026-05-02T03:29:55.981Z</time></trkpt>
      <trkpt lat="10.6073950" lon="104.1907961"><ele>-8.1</ele><time>2026-05-02T03:29:56.981Z</time></trkpt>
      <trkpt lat="10.6074060" lon="104.1908505"><ele>-8.0</ele><time>2026-05-02T03:29:57.982Z</time></trkpt>
      <trkpt lat="10.6074141" lon="104.1909047"><ele>-7.7</ele><time>2026-05-02T03:29:58.980Z</time></trkpt>
      <trkpt lat="10.6074243" lon="104.1909585"><ele>-7.6</ele><time>2026-05-02T03:29:59.982Z</time></trkpt>
      <trkpt lat="10.6074401" lon="104.1910090"><ele>-7.3</ele><time>2026-05-02T03:30:00.982Z</time></trkpt>
      <trkpt lat="10.6074574" lon="104.1910614"><ele>-6.9</ele><time>2026-05-02T03:30:01.982Z</time></trkpt>
      <trkpt lat="10.6074660" lon="104.1911176"><ele>-6.6</ele><time>2026-05-02T03:30:02.981Z</time></trkpt>
      <trkpt lat="10.6074732" lon="104.1911626"><ele>-6.6</ele><time>2026-05-02T03:30:03.983Z</time></trkpt>
      <trkpt lat="10.6074760" lon="104.1912151"><ele>-6.9</ele><time>2026-05-02T03:30:04.981Z</time></trkpt>
      <trkpt lat="10.6074872" lon="104.1912681"><ele>-7.0</ele><time>2026-05-02T03:30:05.981Z</time></trkpt>
      <trkpt lat="10.6074920" lon="104.1913159"><ele>-7.1</ele><time>2026-05-02T03:30:06.981Z</time></trkpt>
      <trkpt lat="10.6074994" lon="104.1913688"><ele>-7.0</ele><time>2026-05-02T03:30:07.980Z</time></trkpt>
      <trkpt lat="10.6075112" lon="104.1914217"><ele>-7.0</ele><time>2026-05-02T03:30:08.982Z</time></trkpt>
      <trkpt lat="10.6075179" lon="104.1914709"><ele>-7.2</ele><time>2026-05-02T03:30:09.981Z</time></trkpt>
      <trkpt lat="10.6075284" lon="104.1915276"><ele>-7.2</ele><time>2026-05-02T03:30:10.983Z</time></trkpt>
      <trkpt lat="10.6075388" lon="104.1915817"><ele>-7.3</ele><time>2026-05-02T03:30:11.981Z</time></trkpt>
      <trkpt lat="10.6075468" lon="104.1916307"><ele>-7.2</ele><time>2026-05-02T03:30:12.981Z</time></trkpt>
      <trkpt lat="10.6075560" lon="104.1916857"><ele>-7.3</ele><time>2026-05-02T03:30:13.982Z</time></trkpt>
      <trkpt lat="10.6075661" lon="104.1917363"><ele>-7.4</ele><time>2026-05-02T03:30:14.982Z</time></trkpt>
      <trkpt lat="10.6075765" lon="104.1917903"><ele>-7.4</ele><time>2026-05-02T03:30:15.981Z</time></trkpt>
      <trkpt lat="10.6075850" lon="104.1918398"><ele>-7.4</ele><time>2026-05-02T03:30:16.982Z</time></trkpt>
      <trkpt lat="10.6075975" lon="104.1918876"><ele>-7.4</ele><time>2026-05-02T03:30:17.982Z</time></trkpt>
      <trkpt lat="10.6076103" lon="104.1919407"><ele>-7.4</ele><time>2026-05-02T03:30:18.981Z</time></trkpt>
      <trkpt lat="10.6076255" lon="104.1919949"><ele>-7.2</ele><time>2026-05-02T03:30:19.981Z</time></trkpt>
      <trkpt lat="10.6076429" lon="104.1920453"><ele>-6.7</ele><time>2026-05-02T03:30:20.981Z</time></trkpt>
      <trkpt lat="10.6076544" lon="104.1920971"><ele>-6.4</ele><time>2026-05-02T03:30:21.982Z</time></trkpt>
      <trkpt lat="10.6076673" lon="104.1921487"><ele>-6.4</ele><time>2026-05-02T03:30:22.980Z</time></trkpt>
      <trkpt lat="10.6076809" lon="104.1922026"><ele>-6.4</ele><time>2026-05-02T03:30:23.981Z</time></trkpt>
      <trkpt lat="10.6076874" lon="104.1922573"><ele>-6.3</ele><time>2026-05-02T03:30:24.982Z</time></trkpt>
      <trkpt lat="10.6076935" lon="104.1923059"><ele>-6.5</ele><time>2026-05-02T03:30:25.981Z</time></trkpt>
      <trkpt lat="10.6076986" lon="104.1923592"><ele>-6.5</ele><time>2026-05-02T03:30:26.981Z</time></trkpt>
      <trkpt lat="10.6077068" lon="104.1924120"><ele>-6.6</ele><time>2026-05-02T03:30:27.981Z</time></trkpt>
      <trkpt lat="10.6077143" lon="104.1924589"><ele>-6.7</ele><time>2026-05-02T03:30:28.983Z</time></trkpt>
      <trkpt lat="10.6077248" lon="104.1925142"><ele>-6.7</ele><time>2026-05-02T03:30:29.983Z</time></trkpt>
      <trkpt lat="10.6077337" lon="104.1925632"><ele>-6.8</ele><time>2026-05-02T03:30:30.980Z</time></trkpt>
      <trkpt lat="10.6077426" lon="104.1926134"><ele>-6.8</ele><time>2026-05-02T03:30:31.981Z</time></trkpt>
      <trkpt lat="10.6077569" lon="104.1926658"><ele>-6.6</ele><time>2026-05-02T03:30:32.981Z</time></trkpt>
      <trkpt lat="10.6077661" lon="104.1927169"><ele>-6.6</ele><time>2026-05-02T03:30:33.982Z</time></trkpt>
      <trkpt lat="10.6077704" lon="104.1927687"><ele>-6.4</ele><time>2026-05-02T03:30:34.982Z</time></trkpt>
      <trkpt lat="10.6077718" lon="104.1928217"><ele>-6.3</ele><time>2026-05-02T03:30:35.982Z</time></trkpt>
      <trkpt lat="10.6077723" lon="104.1928721"><ele>-6.2</ele><time>2026-05-02T03:30:36.981Z</time></trkpt>
      <trkpt lat="10.6077738" lon="104.1929246"><ele>-5.9</ele><time>2026-05-02T03:30:37.982Z</time></trkpt>
      <trkpt lat="10.6077869" lon="104.1929675"><ele>-5.9</ele><time>2026-05-02T03:30:38.981Z</time></trkpt>
      <trkpt lat="10.6077949" lon="104.1930145"><ele>-6.0</ele><time>2026-05-02T03:30:39.982Z</time></trkpt>
      <trkpt lat="10.6078064" lon="104.1930647"><ele>-6.3</ele><time>2026-05-02T03:30:40.982Z</time></trkpt>
      <trkpt lat="10.6078135" lon="104.1931137"><ele>-6.4</ele><time>2026-05-02T03:30:41.982Z</time></trkpt>
      <trkpt lat="10.6078216" lon="104.1931620"><ele>-6.4</ele><time>2026-05-02T03:30:42.982Z</time></trkpt>
      <trkpt lat="10.6078316" lon="104.1932090"><ele>-6.5</ele><time>2026-05-02T03:30:43.982Z</time></trkpt>
      <trkpt lat="10.6078451" lon="104.1932549"><ele>-6.5</ele><time>2026-05-02T03:30:44.981Z</time></trkpt>
      <trkpt lat="10.6078541" lon="104.1933031"><ele>-6.5</ele><time>2026-05-02T03:30:45.982Z</time></trkpt>
      <trkpt lat="10.6078613" lon="104.1933531"><ele>-6.6</ele><time>2026-05-02T03:30:46.982Z</time></trkpt>
      <trkpt lat="10.6078690" lon="104.1933958"><ele>-6.5</ele><time>2026-05-02T03:30:47.982Z</time></trkpt>
      <trkpt lat="10.6078774" lon="104.1934372"><ele>-6.5</ele><time>2026-05-02T03:30:48.981Z</time></trkpt>
      <trkpt lat="10.6078876" lon="104.1934865"><ele>-6.6</ele><time>2026-05-02T03:30:49.980Z</time></trkpt>
      <trkpt lat="10.6078954" lon="104.1935376"><ele>-6.7</ele><time>2026-05-02T03:30:50.981Z</time></trkpt>
      <trkpt lat="10.6079062" lon="104.1935848"><ele>-6.7</ele><time>2026-05-02T03:30:51.982Z</time></trkpt>
      <trkpt lat="10.6079136" lon="104.1936322"><ele>-6.6</ele><time>2026-05-02T03:30:52.981Z</time></trkpt>
      <trkpt lat="10.6079229" lon="104.1936809"><ele>-6.4</ele><time>2026-05-02T03:30:53.982Z</time></trkpt>
      <trkpt lat="10.6079341" lon="104.1937290"><ele>-6.2</ele><time>2026-05-02T03:30:54.982Z</time></trkpt>
      <trkpt lat="10.6079468" lon="104.1937731"><ele>-6.0</ele><time>2026-05-02T03:30:55.982Z</time></trkpt>
      <trkpt lat="10.6079556" lon="104.1938215"><ele>-5.8</ele><time>2026-05-02T03:30:56.981Z</time></trkpt>
      <trkpt lat="10.6079654" lon="104.1938700"><ele>-5.7</ele><time>2026-05-02T03:30:57.981Z</time></trkpt>
      <trkpt lat="10.6079786" lon="104.1939197"><ele>-5.6</ele><time>2026-05-02T03:30:58.981Z</time></trkpt>
      <trkpt lat="10.6079805" lon="104.1939736"><ele>-5.7</ele><time>2026-05-02T03:30:59.982Z</time></trkpt>
      <trkpt lat="10.6079886" lon="104.1940219"><ele>-5.8</ele><time>2026-05-02T03:31:00.980Z</time></trkpt>
      <trkpt lat="10.6079942" lon="104.1940754"><ele>-5.9</ele><time>2026-05-02T03:31:01.981Z</time></trkpt>
      <trkpt lat="10.6080027" lon="104.1941292"><ele>-5.8</ele><time>2026-05-02T03:31:02.982Z</time></trkpt>
      <trkpt lat="10.6080125" lon="104.1941800"><ele>-5.8</ele><time>2026-05-02T03:31:03.981Z</time></trkpt>
      <trkpt lat="10.6080208" lon="104.1942281"><ele>-5.8</ele><time>2026-05-02T03:31:04.982Z</time></trkpt>
      <trkpt lat="10.6080320" lon="104.1942799"><ele>-5.7</ele><time>2026-05-02T03:31:05.981Z</time></trkpt>
      <trkpt lat="10.6080449" lon="104.1943281"><ele>-5.5</ele><time>2026-05-02T03:31:06.980Z</time></trkpt>
      <trkpt lat="10.6080555" lon="104.1943777"><ele>-5.3</ele><time>2026-05-02T03:31:07.981Z</time></trkpt>
      <trkpt lat="10.6080675" lon="104.1944269"><ele>-5.2</ele><time>2026-05-02T03:31:08.980Z</time></trkpt>
      <trkpt lat="10.6080697" lon="104.1944762"><ele>-5.2</ele><time>2026-05-02T03:31:09.980Z</time></trkpt>
      <trkpt lat="10.6080791" lon="104.1945255"><ele>-5.1</ele><time>2026-05-02T03:31:10.983Z</time></trkpt>
      <trkpt lat="10.6080929" lon="104.1945707"><ele>-5.3</ele><time>2026-05-02T03:31:11.981Z</time></trkpt>
      <trkpt lat="10.6081020" lon="104.1946195"><ele>-5.3</ele><time>2026-05-02T03:31:12.981Z</time></trkpt>
      <trkpt lat="10.6081125" lon="104.1946686"><ele>-5.4</ele><time>2026-05-02T03:31:13.980Z</time></trkpt>
      <trkpt lat="10.6081213" lon="104.1947174"><ele>-5.3</ele><time>2026-05-02T03:31:14.980Z</time></trkpt>
      <trkpt lat="10.6081302" lon="104.1947671"><ele>-5.4</ele><time>2026-05-02T03:31:15.981Z</time></trkpt>
      <trkpt lat="10.6081401" lon="104.1948167"><ele>-5.5</ele><time>2026-05-02T03:31:16.982Z</time></trkpt>
      <trkpt lat="10.6081536" lon="104.1948673"><ele>-5.7</ele><time>2026-05-02T03:31:17.981Z</time></trkpt>
      <trkpt lat="10.6081668" lon="104.1949181"><ele>-5.7</ele><time>2026-05-02T03:31:18.981Z</time></trkpt>
      <trkpt lat="10.6081795" lon="104.1949615"><ele>-5.8</ele><time>2026-05-02T03:31:19.981Z</time></trkpt>
      <trkpt lat="10.6081939" lon="104.1950085"><ele>-5.8</ele><time>2026-05-02T03:31:20.980Z</time></trkpt>
      <trkpt lat="10.6082064" lon="104.1950546"><ele>-6.1</ele><time>2026-05-02T03:31:21.982Z</time></trkpt>
      <trkpt lat="10.6082176" lon="104.1951083"><ele>-6.2</ele><time>2026-05-02T03:31:22.981Z</time></trkpt>
      <trkpt lat="10.6082110" lon="104.1951575"><ele>-6.3</ele><time>2026-05-02T03:31:23.982Z</time></trkpt>
      <trkpt lat="10.6082051" lon="104.1952064"><ele>-6.4</ele><time>2026-05-02T03:31:24.982Z</time></trkpt>
      <trkpt lat="10.6082069" lon="104.1952629"><ele>-6.3</ele><time>2026-05-02T03:31:25.982Z</time></trkpt>
      <trkpt lat="10.6082188" lon="104.1953185"><ele>-6.1</ele><time>2026-05-02T03:31:26.980Z</time></trkpt>
      <trkpt lat="10.6082317" lon="104.1953733"><ele>-5.9</ele><time>2026-05-02T03:31:27.981Z</time></trkpt>
      <trkpt lat="10.6082290" lon="104.1954257"><ele>-5.8</ele><time>2026-05-02T03:31:28.980Z</time></trkpt>
      <trkpt lat="10.6082403" lon="104.1954751"><ele>-5.8</ele><time>2026-05-02T03:31:29.981Z</time></trkpt>
      <trkpt lat="10.6082494" lon="104.1955242"><ele>-5.9</ele><time>2026-05-02T03:31:30.981Z</time></trkpt>
      <trkpt lat="10.6082577" lon="104.1955794"><ele>-6.0</ele><time>2026-05-02T03:31:31.983Z</time></trkpt>
      <trkpt lat="10.6082653" lon="104.1956309"><ele>-6.1</ele><time>2026-05-02T03:31:32.980Z</time></trkpt>
      <trkpt lat="10.6082763" lon="104.1956743"><ele>-6.4</ele><time>2026-05-02T03:31:33.981Z</time></trkpt>
      <trkpt lat="10.6082905" lon="104.1957260"><ele>-6.5</ele><time>2026-05-02T03:31:34.981Z</time></trkpt>
      <trkpt lat="10.6083018" lon="104.1957795"><ele>-6.5</ele><time>2026-05-02T03:31:35.981Z</time></trkpt>
      <trkpt lat="10.6083165" lon="104.1958297"><ele>-6.2</ele><time>2026-05-02T03:31:36.982Z</time></trkpt>
      <trkpt lat="10.6083256" lon="104.1958786"><ele>-6.2</ele><time>2026-05-02T03:31:37.981Z</time></trkpt>
      <trkpt lat="10.6083356" lon="104.1959288"><ele>-6.3</ele><time>2026-05-02T03:31:38.981Z</time></trkpt>
      <trkpt lat="10.6083451" lon="104.1959790"><ele>-6.7</ele><time>2026-05-02T03:31:39.979Z</time></trkpt>
      <trkpt lat="10.6083596" lon="104.1960327"><ele>-6.9</ele><time>2026-05-02T03:31:40.981Z</time></trkpt>
      <trkpt lat="10.6083663" lon="104.1960868"><ele>-6.9</ele><time>2026-05-02T03:31:41.980Z</time></trkpt>
      <trkpt lat="10.6083730" lon="104.1961424"><ele>-6.9</ele><time>2026-05-02T03:31:42.982Z</time></trkpt>
      <trkpt lat="10.6083874" lon="104.1961934"><ele>-6.8</ele><time>2026-05-02T03:31:43.980Z</time></trkpt>
      <trkpt lat="10.6084011" lon="104.1962447"><ele>-6.8</ele><time>2026-05-02T03:31:44.981Z</time></trkpt>
      <trkpt lat="10.6084065" lon="104.1962950"><ele>-6.8</ele><time>2026-05-02T03:31:45.981Z</time></trkpt>
      <trkpt lat="10.6084154" lon="104.1963403"><ele>-6.9</ele><time>2026-05-02T03:31:46.981Z</time></trkpt>
      <trkpt lat="10.6084271" lon="104.1963948"><ele>-6.9</ele><time>2026-05-02T03:31:47.982Z</time></trkpt>
      <trkpt lat="10.6084348" lon="104.1964407"><ele>-7.0</ele><time>2026-05-02T03:31:48.980Z</time></trkpt>
      <trkpt lat="10.6084392" lon="104.1964859"><ele>-7.1</ele><time>2026-05-02T03:31:49.981Z</time></trkpt>
      <trkpt lat="10.6084474" lon="104.1965383"><ele>-7.1</ele><time>2026-05-02T03:31:50.981Z</time></trkpt>
      <trkpt lat="10.6084592" lon="104.1965852"><ele>-7.3</ele><time>2026-05-02T03:31:51.982Z</time></trkpt>
      <trkpt lat="10.6084715" lon="104.1966256"><ele>-7.4</ele><time>2026-05-02T03:31:52.982Z</time></trkpt>
      <trkpt lat="10.6084827" lon="104.1966718"><ele>-7.5</ele><time>2026-05-02T03:31:53.981Z</time></trkpt>
      <trkpt lat="10.6084862" lon="104.1967165"><ele>-7.5</ele><time>2026-05-02T03:31:54.980Z</time></trkpt>
      <trkpt lat="10.6084894" lon="104.1967643"><ele>-7.4</ele><time>2026-05-02T03:31:55.982Z</time></trkpt>
      <trkpt lat="10.6084975" lon="104.1968113"><ele>-7.3</ele><time>2026-05-02T03:31:56.981Z</time></trkpt>
      <trkpt lat="10.6085041" lon="104.1968543"><ele>-7.2</ele><time>2026-05-02T03:31:57.981Z</time></trkpt>
      <trkpt lat="10.6085030" lon="104.1968930"><ele>-7.2</ele><time>2026-05-02T03:31:58.981Z</time></trkpt>
      <trkpt lat="10.6084922" lon="104.1969260"><ele>-7.0</ele><time>2026-05-02T03:31:59.981Z</time></trkpt>
      <trkpt lat="10.6084647" lon="104.1969440"><ele>-7.0</ele><time>2026-05-02T03:32:00.982Z</time></trkpt>
      <trkpt lat="10.6084326" lon="104.1969514"><ele>-7.0</ele><time>2026-05-02T03:32:01.980Z</time></trkpt>
      <trkpt lat="10.6083966" lon="104.1969490"><ele>-7.0</ele><time>2026-05-02T03:32:02.981Z</time></trkpt>
      <trkpt lat="10.6083589" lon="104.1969437"><ele>-6.9</ele><time>2026-05-02T03:32:03.981Z</time></trkpt>
      <trkpt lat="10.6083222" lon="104.1969366"><ele>-6.4</ele><time>2026-05-02T03:32:04.981Z</time></trkpt>
      <trkpt lat="10.6082863" lon="104.1969313"><ele>-6.1</ele><time>2026-05-02T03:32:05.981Z</time></trkpt>
      <trkpt lat="10.6082492" lon="104.1969287"><ele>-5.9</ele><time>2026-05-02T03:32:06.982Z</time></trkpt>
      <trkpt lat="10.6082118" lon="104.1969241"><ele>-5.8</ele><time>2026-05-02T03:32:07.981Z</time></trkpt>
      <trkpt lat="10.6081737" lon="104.1969201"><ele>-5.7</ele><time>2026-05-02T03:32:08.980Z</time></trkpt>
      <trkpt lat="10.6081350" lon="104.1969163"><ele>-5.5</ele><time>2026-05-02T03:32:09.982Z</time></trkpt>
      <trkpt lat="10.6080933" lon="104.1969124"><ele>-5.5</ele><time>2026-05-02T03:32:10.981Z</time></trkpt>
      <trkpt lat="10.6080541" lon="104.1969078"><ele>-5.6</ele><time>2026-05-02T03:32:11.981Z</time></trkpt>
      <trkpt lat="10.6080143" lon="104.1969025"><ele>-5.8</ele><time>2026-05-02T03:32:12.981Z</time></trkpt>
      <trkpt lat="10.6079767" lon="104.1968951"><ele>-6.1</ele><time>2026-05-02T03:32:13.981Z</time></trkpt>
      <trkpt lat="10.6079347" lon="104.1968876"><ele>-6.2</ele><time>2026-05-02T03:32:14.981Z</time></trkpt>
      <trkpt lat="10.6078909" lon="104.1968794"><ele>-6.3</ele><time>2026-05-02T03:32:15.981Z</time></trkpt>
      <trkpt lat="10.6078481" lon="104.1968679"><ele>-6.3</ele><time>2026-05-02T03:32:16.982Z</time></trkpt>
      <trkpt lat="10.6078063" lon="104.1968572"><ele>-6.1</ele><time>2026-05-02T03:32:17.981Z</time></trkpt>
      <trkpt lat="10.6077643" lon="104.1968527"><ele>-6.2</ele><time>2026-05-02T03:32:18.981Z</time></trkpt>
      <trkpt lat="10.6077197" lon="104.1968500"><ele>-6.2</ele><time>2026-05-02T03:32:19.981Z</time></trkpt>
      <trkpt lat="10.6076749" lon="104.1968463"><ele>-6.3</ele><time>2026-05-02T03:32:20.981Z</time></trkpt>
      <trkpt lat="10.6076295" lon="104.1968363"><ele>-6.2</ele><time>2026-05-02T03:32:21.981Z</time></trkpt>
      <trkpt lat="10.6075860" lon="104.1968332"><ele>-6.4</ele><time>2026-05-02T03:32:22.980Z</time></trkpt>
      <trkpt lat="10.6075421" lon="104.1968324"><ele>-6.5</ele><time>2026-05-02T03:32:23.979Z</time></trkpt>
      <trkpt lat="10.6074953" lon="104.1968300"><ele>-6.6</ele><time>2026-05-02T03:32:24.981Z</time></trkpt>
      <trkpt lat="10.6074565" lon="104.1968201"><ele>-6.9</ele><time>2026-05-02T03:32:25.981Z</time></trkpt>
      <trkpt lat="10.6074118" lon="104.1968158"><ele>-7.1</ele><time>2026-05-02T03:32:26.982Z</time></trkpt>
      <trkpt lat="10.6073661" lon="104.1968164"><ele>-7.3</ele><time>2026-05-02T03:32:27.981Z</time></trkpt>
      <trkpt lat="10.6073215" lon="104.1968144"><ele>-7.3</ele><time>2026-05-02T03:32:28.981Z</time></trkpt>
      <trkpt lat="10.6072789" lon="104.1968162"><ele>-7.3</ele><time>2026-05-02T03:32:29.982Z</time></trkpt>
      <trkpt lat="10.6072312" lon="104.1968165"><ele>-7.2</ele><time>2026-05-02T03:32:30.981Z</time></trkpt>
      <trkpt lat="10.6071893" lon="104.1968138"><ele>-7.3</ele><time>2026-05-02T03:32:31.981Z</time></trkpt>
      <trkpt lat="10.6071407" lon="104.1968148"><ele>-7.4</ele><time>2026-05-02T03:32:32.980Z</time></trkpt>
      <trkpt lat="10.6070940" lon="104.1968166"><ele>-7.3</ele><time>2026-05-02T03:32:33.981Z</time></trkpt>
      <trkpt lat="10.6070437" lon="104.1968175"><ele>-7.1</ele><time>2026-05-02T03:32:34.980Z</time></trkpt>
      <trkpt lat="10.6069942" lon="104.1968225"><ele>-6.9</ele><time>2026-05-02T03:32:35.981Z</time></trkpt>
      <trkpt lat="10.6069480" lon="104.1968277"><ele>-6.7</ele><time>2026-05-02T03:32:36.981Z</time></trkpt>
      <trkpt lat="10.6068982" lon="104.1968260"><ele>-6.5</ele><time>2026-05-02T03:32:37.981Z</time></trkpt>
      <trkpt lat="10.6068555" lon="104.1968304"><ele>-6.5</ele><time>2026-05-02T03:32:38.981Z</time></trkpt>
      <trkpt lat="10.6068079" lon="104.1968325"><ele>-6.5</ele><time>2026-05-02T03:32:39.981Z</time></trkpt>
      <trkpt lat="10.6067567" lon="104.1968278"><ele>-6.7</ele><time>2026-05-02T03:32:40.981Z</time></trkpt>
      <trkpt lat="10.6067071" lon="104.1968292"><ele>-6.6</ele><time>2026-05-02T03:32:41.980Z</time></trkpt>
      <trkpt lat="10.6066605" lon="104.1968389"><ele>-6.7</ele><time>2026-05-02T03:32:42.982Z</time></trkpt>
      <trkpt lat="10.6066216" lon="104.1968359"><ele>-6.6</ele><time>2026-05-02T03:32:43.981Z</time></trkpt>
      <trkpt lat="10.6065806" lon="104.1968200"><ele>-6.8</ele><time>2026-05-02T03:32:44.981Z</time></trkpt>
      <trkpt lat="10.6065580" lon="104.1967889"><ele>-6.7</ele><time>2026-05-02T03:32:45.981Z</time></trkpt>
      <trkpt lat="10.6065285" lon="104.1967618"><ele>-6.5</ele><time>2026-05-02T03:32:46.981Z</time></trkpt>
      <trkpt lat="10.6065002" lon="104.1967335"><ele>-6.1</ele><time>2026-05-02T03:32:47.981Z</time></trkpt>
      <trkpt lat="10.6064696" lon="104.1967185"><ele>-5.9</ele><time>2026-05-02T03:32:48.981Z</time></trkpt>
      <trkpt lat="10.6064394" lon="104.1967131"><ele>-5.8</ele><time>2026-05-02T03:32:49.980Z</time></trkpt>
      <trkpt lat="10.6064119" lon="104.1967075"><ele>-5.7</ele><time>2026-05-02T03:32:50.980Z</time></trkpt>
      <trkpt lat="10.6063857" lon="104.1967021"><ele>-5.6</ele><time>2026-05-02T03:32:51.981Z</time></trkpt>
      <trkpt lat="10.6063600" lon="104.1966945"><ele>-5.6</ele><time>2026-05-02T03:32:52.982Z</time></trkpt>
      <trkpt lat="10.6063335" lon="104.1966883"><ele>-5.6</ele><time>2026-05-02T03:32:53.982Z</time></trkpt>
      <trkpt lat="10.6063067" lon="104.1966848"><ele>-5.6</ele><time>2026-05-02T03:32:54.982Z</time></trkpt>
      <trkpt lat="10.6062799" lon="104.1966820"><ele>-5.6</ele><time>2026-05-02T03:32:55.982Z</time></trkpt>
      <trkpt lat="10.6062533" lon="104.1966769"><ele>-5.8</ele><time>2026-05-02T03:32:56.980Z</time></trkpt>
      <trkpt lat="10.6062264" lon="104.1966711"><ele>-6.0</ele><time>2026-05-02T03:32:57.981Z</time></trkpt>
      <trkpt lat="10.6062006" lon="104.1966631"><ele>-6.4</ele><time>2026-05-02T03:32:58.981Z</time></trkpt>
      <trkpt lat="10.6061743" lon="104.1966572"><ele>-6.7</ele><time>2026-05-02T03:32:59.980Z</time></trkpt>
      <trkpt lat="10.6061468" lon="104.1966509"><ele>-7.1</ele><time>2026-05-02T03:33:00.981Z</time></trkpt>
      <trkpt lat="10.6061195" lon="104.1966449"><ele>-7.2</ele><time>2026-05-02T03:33:01.980Z</time></trkpt>
      <trkpt lat="10.6060923" lon="104.1966384"><ele>-7.1</ele><time>2026-05-02T03:33:02.981Z</time></trkpt>
      <trkpt lat="10.6060673" lon="104.1966299"><ele>-7.1</ele><time>2026-05-02T03:33:03.981Z</time></trkpt>
      <trkpt lat="10.6060450" lon="104.1966196"><ele>-7.3</ele><time>2026-05-02T03:33:04.981Z</time></trkpt>
      <trkpt lat="10.6060232" lon="104.1966141"><ele>-7.7</ele><time>2026-05-02T03:33:05.981Z</time></trkpt>
      <trkpt lat="10.6060020" lon="104.1966163"><ele>-8.0</ele><time>2026-05-02T03:33:06.982Z</time></trkpt>
      <trkpt lat="10.6059784" lon="104.1966230"><ele>-8.2</ele><time>2026-05-02T03:33:07.981Z</time></trkpt>
      <trkpt lat="10.6059515" lon="104.1966269"><ele>-8.1</ele><time>2026-05-02T03:33:08.981Z</time></trkpt>
      <trkpt lat="10.6059235" lon="104.1966243"><ele>-8.2</ele><time>2026-05-02T03:33:09.981Z</time></trkpt>
      <trkpt lat="10.6058946" lon="104.1966184"><ele>-8.4</ele><time>2026-05-02T03:33:10.980Z</time></trkpt>
      <trkpt lat="10.6058637" lon="104.1966121"><ele>-8.7</ele><time>2026-05-02T03:33:11.981Z</time></trkpt>
      <trkpt lat="10.6058299" lon="104.1966092"><ele>-8.8</ele><time>2026-05-02T03:33:12.981Z</time></trkpt>
      <trkpt lat="10.6057944" lon="104.1966080"><ele>-8.7</ele><time>2026-05-02T03:33:13.981Z</time></trkpt>
      <trkpt lat="10.6057589" lon="104.1966062"><ele>-8.6</ele><time>2026-05-02T03:33:14.980Z</time></trkpt>
      <trkpt lat="10.6057217" lon="104.1966040"><ele>-8.4</ele><time>2026-05-02T03:33:15.981Z</time></trkpt>
      <trkpt lat="10.6056855" lon="104.1966005"><ele>-8.4</ele><time>2026-05-02T03:33:16.981Z</time></trkpt>
      <trkpt lat="10.6056491" lon="104.1965965"><ele>-8.5</ele><time>2026-05-02T03:33:17.981Z</time></trkpt>
      <trkpt lat="10.6056118" lon="104.1965891"><ele>-8.7</ele><time>2026-05-02T03:33:18.981Z</time></trkpt>
      <trkpt lat="10.6055718" lon="104.1965820"><ele>-8.7</ele><time>2026-05-02T03:33:19.980Z</time></trkpt>
      <trkpt lat="10.6055315" lon="104.1965728"><ele>-8.5</ele><time>2026-05-02T03:33:20.980Z</time></trkpt>
      <trkpt lat="10.6054914" lon="104.1965656"><ele>-8.3</ele><time>2026-05-02T03:33:21.981Z</time></trkpt>
      <trkpt lat="10.6054507" lon="104.1965608"><ele>-8.1</ele><time>2026-05-02T03:33:22.980Z</time></trkpt>
      <trkpt lat="10.6054092" lon="104.1965544"><ele>-8.1</ele><time>2026-05-02T03:33:23.981Z</time></trkpt>
      <trkpt lat="10.6053681" lon="104.1965441"><ele>-8.0</ele><time>2026-05-02T03:33:24.981Z</time></trkpt>
      <trkpt lat="10.6053271" lon="104.1965359"><ele>-8.1</ele><time>2026-05-02T03:33:25.981Z</time></trkpt>
      <trkpt lat="10.6052858" lon="104.1965267"><ele>-8.1</ele><time>2026-05-02T03:33:26.981Z</time></trkpt>
      <trkpt lat="10.6052434" lon="104.1965198"><ele>-8.0</ele><time>2026-05-02T03:33:27.980Z</time></trkpt>
      <trkpt lat="10.6051992" lon="104.1965164"><ele>-7.9</ele><time>2026-05-02T03:33:28.982Z</time></trkpt>
      <trkpt lat="10.6051553" lon="104.1965163"><ele>-7.9</ele><time>2026-05-02T03:33:29.980Z</time></trkpt>
      <trkpt lat="10.6051112" lon="104.1965219"><ele>-7.9</ele><time>2026-05-02T03:33:30.982Z</time></trkpt>
      <trkpt lat="10.6050722" lon="104.1965391"><ele>-7.9</ele><time>2026-05-02T03:33:31.980Z</time></trkpt>
      <trkpt lat="10.6050359" lon="104.1965645"><ele>-7.9</ele><time>2026-05-02T03:33:32.981Z</time></trkpt>
      <trkpt lat="10.6049962" lon="104.1965938"><ele>-7.8</ele><time>2026-05-02T03:33:33.981Z</time></trkpt>
      <trkpt lat="10.6049596" lon="104.1966236"><ele>-7.5</ele><time>2026-05-02T03:33:34.981Z</time></trkpt>
      <trkpt lat="10.6049308" lon="104.1966569"><ele>-7.4</ele><time>2026-05-02T03:33:35.981Z</time></trkpt>
      <trkpt lat="10.6049004" lon="104.1966900"><ele>-7.5</ele><time>2026-05-02T03:33:36.980Z</time></trkpt>
      <trkpt lat="10.6048697" lon="104.1967225"><ele>-7.7</ele><time>2026-05-02T03:33:37.980Z</time></trkpt>
      <trkpt lat="10.6048407" lon="104.1967613"><ele>-8.0</ele><time>2026-05-02T03:33:38.981Z</time></trkpt>
      <trkpt lat="10.6048126" lon="104.1967988"><ele>-8.2</ele><time>2026-05-02T03:33:39.981Z</time></trkpt>
      <trkpt lat="10.6047849" lon="104.1968356"><ele>-8.4</ele><time>2026-05-02T03:33:40.980Z</time></trkpt>
      <trkpt lat="10.6047522" lon="104.1968749"><ele>-8.4</ele><time>2026-05-02T03:33:41.982Z</time></trkpt>
      <trkpt lat="10.6047244" lon="104.1969130"><ele>-8.5</ele><time>2026-05-02T03:33:42.980Z</time></trkpt>
      <trkpt lat="10.6046984" lon="104.1969558"><ele>-8.5</ele><time>2026-05-02T03:33:43.980Z</time></trkpt>
      <trkpt lat="10.6046781" lon="104.1969997"><ele>-8.6</ele><time>2026-05-02T03:33:44.981Z</time></trkpt>
      <trkpt lat="10.6046492" lon="104.1970394"><ele>-8.7</ele><time>2026-05-02T03:33:45.981Z</time></trkpt>
      <trkpt lat="10.6046249" lon="104.1970796"><ele>-9.0</ele><time>2026-05-02T03:33:46.980Z</time></trkpt>
      <trkpt lat="10.6045922" lon="104.1971130"><ele>-9.3</ele><time>2026-05-02T03:33:47.981Z</time></trkpt>
      <trkpt lat="10.6045443" lon="104.1971321"><ele>-9.5</ele><time>2026-05-02T03:33:48.980Z</time></trkpt>
      <trkpt lat="10.6044921" lon="104.1971401"><ele>-9.4</ele><time>2026-05-02T03:33:49.982Z</time></trkpt>
      <trkpt lat="10.6044402" lon="104.1971440"><ele>-9.1</ele><time>2026-05-02T03:33:50.982Z</time></trkpt>
      <trkpt lat="10.6043861" lon="104.1971446"><ele>-8.7</ele><time>2026-05-02T03:33:51.979Z</time></trkpt>
      <trkpt lat="10.6043378" lon="104.1971499"><ele>-8.7</ele><time>2026-05-02T03:33:52.981Z</time></trkpt>
      <trkpt lat="10.6042837" lon="104.1971549"><ele>-8.8</ele><time>2026-05-02T03:33:53.980Z</time></trkpt>
      <trkpt lat="10.6042348" lon="104.1971629"><ele>-8.9</ele><time>2026-05-02T03:33:54.979Z</time></trkpt>
      <trkpt lat="10.6041862" lon="104.1971680"><ele>-8.8</ele><time>2026-05-02T03:33:55.981Z</time></trkpt>
      <trkpt lat="10.6041386" lon="104.1971645"><ele>-8.6</ele><time>2026-05-02T03:33:56.980Z</time></trkpt>
      <trkpt lat="10.6040921" lon="104.1971588"><ele>-8.4</ele><time>2026-05-02T03:33:57.981Z</time></trkpt>
      <trkpt lat="10.6040537" lon="104.1971564"><ele>-8.2</ele><time>2026-05-02T03:33:58.981Z</time></trkpt>
      <trkpt lat="10.6040116" lon="104.1971517"><ele>-7.9</ele><time>2026-05-02T03:33:59.980Z</time></trkpt>
      <trkpt lat="10.6039732" lon="104.1971481"><ele>-7.6</ele><time>2026-05-02T03:34:00.980Z</time></trkpt>
      <trkpt lat="10.6039332" lon="104.1971423"><ele>-7.4</ele><time>2026-05-02T03:34:01.981Z</time></trkpt>
      <trkpt lat="10.6038958" lon="104.1971344"><ele>-7.4</ele><time>2026-05-02T03:34:02.982Z</time></trkpt>
      <trkpt lat="10.6038562" lon="104.1971239"><ele>-7.5</ele><time>2026-05-02T03:34:03.980Z</time></trkpt>
      <trkpt lat="10.6038145" lon="104.1971126"><ele>-7.5</ele><time>2026-05-02T03:34:04.981Z</time></trkpt>
      <trkpt lat="10.6037718" lon="104.1971054"><ele>-7.5</ele><time>2026-05-02T03:34:05.981Z</time></trkpt>
      <trkpt lat="10.6037296" lon="104.1970984"><ele>-7.3</ele><time>2026-05-02T03:34:06.982Z</time></trkpt>
      <trkpt lat="10.6036901" lon="104.1970912"><ele>-7.2</ele><time>2026-05-02T03:34:07.980Z</time></trkpt>
      <trkpt lat="10.6036538" lon="104.1970781"><ele>-7.0</ele><time>2026-05-02T03:34:08.980Z</time></trkpt>
      <trkpt lat="10.6036169" lon="104.1970679"><ele>-6.9</ele><time>2026-05-02T03:34:09.981Z</time></trkpt>
      <trkpt lat="10.6035829" lon="104.1970574"><ele>-6.7</ele><time>2026-05-02T03:34:10.981Z</time></trkpt>
      <trkpt lat="10.6035487" lon="104.1970500"><ele>-6.6</ele><time>2026-05-02T03:34:11.981Z</time></trkpt>
      <trkpt lat="10.6035162" lon="104.1970469"><ele>-6.4</ele><time>2026-05-02T03:34:12.979Z</time></trkpt>
      <trkpt lat="10.6034859" lon="104.1970458"><ele>-6.3</ele><time>2026-05-02T03:34:13.980Z</time></trkpt>
      <trkpt lat="10.6034609" lon="104.1970516"><ele>-6.3</ele><time>2026-05-02T03:34:14.980Z</time></trkpt>
      <trkpt lat="10.6034455" lon="104.1970598"><ele>-6.2</ele><time>2026-05-02T03:34:15.982Z</time></trkpt>
      <trkpt lat="10.6034347" lon="104.1970649"><ele>-6.2</ele><time>2026-05-02T03:34:16.980Z</time></trkpt>
      <trkpt lat="10.6034292" lon="104.1970703"><ele>-6.8</ele><time>2026-05-02T03:34:18.980Z</time></trkpt>
      <trkpt lat="10.6034257" lon="104.1970824"><ele>-6.9</ele><time>2026-05-02T03:34:21.980Z</time></trkpt>
      <trkpt lat="10.6034239" lon="104.1970894"><ele>-6.9</ele><time>2026-05-02T03:34:22.981Z</time></trkpt>
      <trkpt lat="10.6034273" lon="104.1970962"><ele>-6.9</ele><time>2026-05-02T03:34:23.981Z</time></trkpt>
      <trkpt lat="10.6034328" lon="104.1970992"><ele>-6.8</ele><time>2026-05-02T03:34:32.981Z</time></trkpt>
      <trkpt lat="10.6034326" lon="104.1971052"><ele>-6.8</ele><time>2026-05-02T03:34:33.981Z</time></trkpt>
      <trkpt lat="10.6034288" lon="104.1971090"><ele>-6.8</ele><time>2026-05-02T03:34:34.981Z</time></trkpt>
      <trkpt lat="10.6034194" lon="104.1971108"><ele>-7.0</ele><time>2026-05-02T03:34:35.982Z</time></trkpt>
      <trkpt lat="10.6034096" lon="104.1971126"><ele>-7.0</ele><time>2026-05-02T03:34:36.981Z</time></trkpt>
      <trkpt lat="10.6033989" lon="104.1971126"><ele>-7.0</ele><time>2026-05-02T03:34:37.980Z</time></trkpt>
      <trkpt lat="10.6033869" lon="104.1971114"><ele>-6.9</ele><time>2026-05-02T03:34:38.982Z</time></trkpt>
      <trkpt lat="10.6033749" lon="104.1971078"><ele>-6.9</ele><time>2026-05-02T03:34:39.981Z</time></trkpt>
      <trkpt lat="10.6033659" lon="104.1971040"><ele>-6.9</ele><time>2026-05-02T03:34:40.980Z</time></trkpt>
      <trkpt lat="10.6033542" lon="104.1971052"><ele>-6.9</ele><time>2026-05-02T03:34:41.980Z</time></trkpt>
      <trkpt lat="10.6033447" lon="104.1971090"><ele>-6.9</ele><time>2026-05-02T03:34:42.980Z</time></trkpt>
      <trkpt lat="10.6033361" lon="104.1971145"><ele>-6.9</ele><time>2026-05-02T03:34:43.980Z</time></trkpt>
      <trkpt lat="10.6033271" lon="104.1971162"><ele>-6.9</ele><time>2026-05-02T03:34:44.979Z</time></trkpt>
      <trkpt lat="10.6033180" lon="104.1971117"><ele>-6.9</ele><time>2026-05-02T03:34:45.980Z</time></trkpt>
      <trkpt lat="10.6033133" lon="104.1971090"><ele>-6.9</ele><time>2026-05-02T03:34:46.981Z</time></trkpt>
    </trkseg>
  </trk>
</gpx>